Program,State,County,Farms with Grain Storage
CENSUS,MINNESOTA,STEARNS,"1,598"
CENSUS,PENNSYLVANIA,LANCASTER,"1,254"
CENSUS,MINNESOTA,OTTER TAIL,874
CENSUS,WISCONSIN,GRANT,831
CENSUS,IOWA,DELAWARE,744
CENSUS,IOWA,KOSSUTH,722
CENSUS,IOWA,DUBUQUE,664
CENSUS,IOWA,PLYMOUTH,639
CENSUS,MINNESOTA,MORRISON,636
CENSUS,MINNESOTA,TODD,634
CENSUS,IOWA,POTTAWATTAMIE,615
CENSUS,IOWA,CLINTON,604
CENSUS,MINNESOTA,REDWOOD,591
CENSUS,IOWA,JOHNSON,567
CENSUS,IOWA,WINNESHIEK,567
CENSUS,IOWA,SIOUX,560
CENSUS,ILLINOIS,HENRY,550
CENSUS,ILLINOIS,LA SALLE,548
CENSUS,IOWA,BENTON,547
CENSUS,OHIO,DARKE,541
CENSUS,IOWA,BUCHANAN,539
CENSUS,IOWA,SHELBY,536
CENSUS,IOWA,FAYETTE,522
CENSUS,MINNESOTA,POLK,521
CENSUS,IOWA,LYON,519
CENSUS,MINNESOTA,RENVILLE,519
CENSUS,IOWA,CLAYTON,505
CENSUS,MINNESOTA,WRIGHT,502
CENSUS,OHIO,MERCER,501
CENSUS,IOWA,JACKSON,497
CENSUS,IOWA,CARROLL,497
CENSUS,MINNESOTA,SIBLEY,497
CENSUS,MINNESOTA,BROWN,494
CENSUS,MINNESOTA,MARTIN,493
CENSUS,ILLINOIS,LIVINGSTON,492
CENSUS,IOWA,LINN,492
CENSUS,INDIANA,LAGRANGE,489
CENSUS,MINNESOTA,NOBLES,487
CENSUS,NORTH DAKOTA,CASS,487
CENSUS,IOWA,JONES,484
CENSUS,MINNESOTA,GOODHUE,481
CENSUS,NEBRASKA,CEDAR,478
CENSUS,NORTH DAKOTA,WARD,466
CENSUS,PENNSYLVANIA,BERKS,464
CENSUS,WISCONSIN,CLARK,462
CENSUS,IOWA,CRAWFORD,461
CENSUS,OHIO,PUTNAM,461
CENSUS,MINNESOTA,MARSHALL,459
CENSUS,MINNESOTA,FILLMORE,456
CENSUS,MINNESOTA,MOWER,455
CENSUS,MINNESOTA,LYON,455
CENSUS,MINNESOTA,BLUE EARTH,454
CENSUS,IOWA,WASHINGTON,451
CENSUS,IOWA,WOODBURY,450
CENSUS,MONTANA,CHOUTEAU,446
CENSUS,NEBRASKA,PLATTE,446
CENSUS,ILLINOIS,WHITESIDE,442
CENSUS,ILLINOIS,BUREAU,440
CENSUS,IOWA,BUTLER,440
CENSUS,MINNESOTA,FREEBORN,437
CENSUS,ILLINOIS,IROQUOIS,436
CENSUS,IOWA,CHICKASAW,436
CENSUS,IOWA,BUENA VISTA,435
CENSUS,MINNESOTA,NICOLLET,434
CENSUS,NEBRASKA,SAUNDERS,432
CENSUS,OHIO,WAYNE,432
CENSUS,IOWA,BREMER,431
CENSUS,IOWA,JASPER,430
CENSUS,IOWA,SAC,430
CENSUS,MISSOURI,AUDRAIN,427
CENSUS,WISCONSIN,DANE,424
CENSUS,IOWA,O BRIEN,422
CENSUS,NORTH DAKOTA,MCLEAN,420
CENSUS,MINNESOTA,MCLEOD,419
CENSUS,NORTH DAKOTA,RICHLAND,419
CENSUS,IOWA,HANCOCK,415
CENSUS,NEBRASKA,KNOX,415
CENSUS,IOWA,CEDAR,410
CENSUS,IOWA,BLACK HAWK,410
CENSUS,IOWA,CHEROKEE,410
CENSUS,NORTH DAKOTA,STUTSMAN,408
CENSUS,IOWA,TAMA,407
CENSUS,MINNESOTA,JACKSON,407
CENSUS,MINNESOTA,FARIBAULT,406
CENSUS,ILLINOIS,EFFINGHAM,404
CENSUS,IOWA,MAHASKA,403
CENSUS,NEBRASKA,CUMING,400
CENSUS,WISCONSIN,PIERCE,398
CENSUS,ILLINOIS,MCLEAN,396
CENSUS,WISCONSIN,MARATHON,395
CENSUS,IOWA,FLOYD,394
CENSUS,MINNESOTA,MEEKER,394
CENSUS,ILLINOIS,SHELBY,393
CENSUS,ILLINOIS,MACOUPIN,393
CENSUS,WISCONSIN,LAFAYETTE,393
CENSUS,ILLINOIS,CHAMPAIGN,390
CENSUS,ILLINOIS,STEPHENSON,390
CENSUS,MINNESOTA,COTTONWOOD,390
CENSUS,ILLINOIS,ADAMS,389
CENSUS,NORTH DAKOTA,CAVALIER,389
CENSUS,SOUTH DAKOTA,MINNEHAHA,389
CENSUS,ILLINOIS,MONTGOMERY,388
CENSUS,IOWA,MITCHELL,388
CENSUS,MINNESOTA,MURRAY,388
CENSUS,NEBRASKA,GAGE,387
CENSUS,IOWA,POCAHONTAS,385
CENSUS,NORTH DAKOTA,MORTON,385
CENSUS,SOUTH DAKOTA,HUTCHINSON,384
CENSUS,ILLINOIS,CLINTON,383
CENSUS,WISCONSIN,DODGE,383
CENSUS,IOWA,KEOKUK,381
CENSUS,MISSOURI,NODAWAY,380
CENSUS,MINNESOTA,LAC QUI PARLE,379
CENSUS,NEBRASKA,ANTELOPE,379
CENSUS,MINNESOTA,YELLOW MEDICINE,376
CENSUS,IOWA,IOWA,375
CENSUS,IOWA,PAGE,375
CENSUS,IOWA,HARRISON,372
CENSUS,NORTH DAKOTA,WILLIAMS,370
CENSUS,ILLINOIS,DE KALB,367
CENSUS,NEBRASKA,HOLT,367
CENSUS,IOWA,FRANKLIN,365
CENSUS,NEBRASKA,CUSTER,364
CENSUS,NORTH DAKOTA,BARNES,359
CENSUS,IOWA,PALO ALTO,357
CENSUS,MICHIGAN,SANILAC,357
CENSUS,IOWA,POWESHIEK,355
CENSUS,MINNESOTA,LE SUEUR,355
CENSUS,MINNESOTA,WABASHA,355
CENSUS,IOWA,HOWARD,354
CENSUS,MINNESOTA,KANDIYOHI,354
CENSUS,NORTH DAKOTA,GRAND FORKS,354
CENSUS,MONTANA,HILL,353
CENSUS,NEBRASKA,BUFFALO,352
CENSUS,NEBRASKA,DODGE,352
CENSUS,OHIO,AUGLAIZE,350
CENSUS,NORTH DAKOTA,WALSH,349
CENSUS,SOUTH DAKOTA,TURNER,346
CENSUS,IOWA,CALHOUN,344
CENSUS,MINNESOTA,DOUGLAS,343
CENSUS,IOWA,STORY,342
CENSUS,NORTH DAKOTA,BOTTINEAU,342
CENSUS,MINNESOTA,ROSEAU,341
CENSUS,MINNESOTA,WASECA,341
CENSUS,IOWA,SCOTT,340
CENSUS,ILLINOIS,OGLE,339
CENSUS,COLORADO,WELD,338
CENSUS,MINNESOTA,BENTON,338
CENSUS,MINNESOTA,RICE,338
CENSUS,WISCONSIN,ST CROIX,338
CENSUS,INDIANA,ELKHART,335
CENSUS,WISCONSIN,GREEN,335
CENSUS,MINNESOTA,CLAY,331
CENSUS,KANSAS,NEMAHA,330
CENSUS,NEBRASKA,PIERCE,330
CENSUS,MINNESOTA,WINONA,329
CENSUS,SOUTH DAKOTA,LINCOLN,329
CENSUS,NEBRASKA,BOONE,328
CENSUS,IOWA,WEBSTER,327
CENSUS,ILLINOIS,HANCOCK,324
CENSUS,IOWA,HARDIN,324
CENSUS,OHIO,SENECA,322
CENSUS,PENNSYLVANIA,FRANKLIN,322
CENSUS,OHIO,HOLMES,320
CENSUS,OHIO,SHELBY,320
CENSUS,INDIANA,ADAMS,318
CENSUS,IOWA,MUSCATINE,317
CENSUS,MINNESOTA,CARVER,317
CENSUS,ILLINOIS,WASHINGTON,316
CENSUS,MONTANA,SHERIDAN,315
CENSUS,IOWA,GRUNDY,314
CENSUS,MINNESOTA,NORMAN,314
CENSUS,MINNESOTA,ROCK,314
CENSUS,SOUTH DAKOTA,CHARLES MIX,312
CENSUS,WISCONSIN,VERNON,312
CENSUS,IOWA,ALLAMAKEE,311
CENSUS,SOUTH DAKOTA,BROWN,311
CENSUS,NORTH DAKOTA,MCHENRY,310
CENSUS,ILLINOIS,LEE,309
CENSUS,ILLINOIS,MADISON,309
CENSUS,NEBRASKA,RICHARDSON,309
CENSUS,SOUTH DAKOTA,SPINK,309
CENSUS,PENNSYLVANIA,YORK,307
CENSUS,NORTH DAKOTA,STARK,306
CENSUS,INDIANA,ALLEN,305
CENSUS,MINNESOTA,STEELE,304
CENSUS,SOUTH DAKOTA,BON HOMME,304
CENSUS,WISCONSIN,DUNN,304
CENSUS,NEBRASKA,BUTLER,303
CENSUS,NEBRASKA,WASHINGTON,302
CENSUS,OHIO,PREBLE,302
CENSUS,IOWA,CASS,301
CENSUS,ILLINOIS,ST CLAIR,300
CENSUS,MISSOURI,LAFAYETTE,299
CENSUS,MONTANA,VALLEY,299
CENSUS,WISCONSIN,CHIPPEWA,299
CENSUS,SOUTH DAKOTA,YANKTON,298
CENSUS,IOWA,MARSHALL,297
CENSUS,ILLINOIS,KANKAKEE,296
CENSUS,MINNESOTA,SWIFT,296
CENSUS,SOUTH DAKOTA,ROBERTS,296
CENSUS,IOWA,WRIGHT,295
CENSUS,MONTANA,TETON,295
CENSUS,MINNESOTA,POPE,293
CENSUS,NEBRASKA,YORK,293
CENSUS,NEBRASKA,OTOE,293
CENSUS,NORTH DAKOTA,LA MOURE,293
CENSUS,ILLINOIS,JO DAVIESS,292
CENSUS,WISCONSIN,COLUMBIA,292
CENSUS,IOWA,BOONE,290
CENSUS,KANSAS,MCPHERSON,290
CENSUS,SOUTH DAKOTA,BEADLE,290
CENSUS,WISCONSIN,SAUK,290
CENSUS,NEBRASKA,MADISON,289
CENSUS,INDIANA,DAVIESS,286
CENSUS,WISCONSIN,BARRON,285
CENSUS,IOWA,CERRO GORDO,282
CENSUS,ILLINOIS,CARROLL,281
CENSUS,NEBRASKA,BURT,281
CENSUS,ILLINOIS,JASPER,280
CENSUS,MISSOURI,PETTIS,280
CENSUS,PENNSYLVANIA,CUMBERLAND,280
CENSUS,WISCONSIN,FOND DU LAC,280
CENSUS,ILLINOIS,FULTON,279
CENSUS,IOWA,OSCEOLA,279
CENSUS,IOWA,LEE,278
CENSUS,NORTH DAKOTA,TOWNER,278
CENSUS,NORTH DAKOTA,MOUNTRAIL,278
CENSUS,WISCONSIN,TREMPEALEAU,278
CENSUS,INDIANA,RANDOLPH,277
CENSUS,WISCONSIN,ROCK,277
CENSUS,SOUTH DAKOTA,TRIPP,276
CENSUS,NEBRASKA,HAMILTON,274
CENSUS,MINNESOTA,BECKER,273
CENSUS,MONTANA,MCCONE,273
CENSUS,NEBRASKA,LANCASTER,273
CENSUS,NORTH DAKOTA,BENSON,273
CENSUS,ILLINOIS,RANDOLPH,272
CENSUS,NORTH DAKOTA,RAMSEY,272
CENSUS,SOUTH DAKOTA,BROOKINGS,272
CENSUS,IOWA,ADAIR,271
CENSUS,MINNESOTA,LINCOLN,270
CENSUS,NEBRASKA,WAYNE,270
CENSUS,WISCONSIN,IOWA,270
CENSUS,IOWA,HAMILTON,269
CENSUS,IOWA,MARION,269
CENSUS,NEBRASKA,SEWARD,269
CENSUS,NEBRASKA,SALINE,269
CENSUS,NORTH DAKOTA,BURLEIGH,269
CENSUS,ILLINOIS,EDGAR,268
CENSUS,IOWA,CLAY,268
CENSUS,KANSAS,SUMNER,268
CENSUS,ILLINOIS,VERMILION,267
CENSUS,NEBRASKA,DIXON,267
CENSUS,INDIANA,RUSH,266
CENSUS,MINNESOTA,DAKOTA,266
CENSUS,MINNESOTA,CHIPPEWA,265
CENSUS,NEBRASKA,DAWSON,265
CENSUS,OHIO,HIGHLAND,265
CENSUS,OHIO,VAN WERT,264
CENSUS,SOUTH DAKOTA,UNION,264
CENSUS,WISCONSIN,MONROE,264
CENSUS,ILLINOIS,DOUGLAS,261
CENSUS,IOWA,WINNEBAGO,261
CENSUS,NEBRASKA,COLFAX,261
CENSUS,IOWA,AUDUBON,260
CENSUS,NEW YORK,YATES,260
CENSUS,INDIANA,DECATUR,259
CENSUS,MINNESOTA,PIPESTONE,259
CENSUS,ILLINOIS,KNOX,258
CENSUS,INDIANA,RIPLEY,258
CENSUS,IOWA,IDA,258
CENSUS,MINNESOTA,OLMSTED,257
CENSUS,OHIO,MADISON,257
CENSUS,NEBRASKA,HOWARD,255
CENSUS,NEBRASKA,FILLMORE,255
CENSUS,ILLINOIS,MCDONOUGH,254
CENSUS,MONTANA,PONDERA,254
CENSUS,NORTH DAKOTA,PEMBINA,254
CENSUS,NORTH DAKOTA,EMMONS,254
CENSUS,IOWA,GREENE,253
CENSUS,OHIO,RICHLAND,253
CENSUS,MICHIGAN,SAGINAW,250
CENSUS,MINNESOTA,HOUSTON,250
CENSUS,MONTANA,ROOSEVELT,250
CENSUS,NORTH DAKOTA,MCKENZIE,250
CENSUS,IOWA,WORTH,249
CENSUS,NEBRASKA,STANTON,249
CENSUS,OKLAHOMA,KINGFISHER,249
CENSUS,ILLINOIS,GREENE,248
CENSUS,IOWA,MONTGOMERY,247
CENSUS,MICHIGAN,TUSCOLA,247
CENSUS,MONTANA,FERGUS,247
CENSUS,OHIO,HURON,247
CENSUS,ILLINOIS,LOGAN,246
CENSUS,MINNESOTA,WATONWAN,246
CENSUS,MISSOURI,SHELBY,246
CENSUS,NORTH DAKOTA,PIERCE,246
CENSUS,INDIANA,KOSCIUSKO,245
CENSUS,KANSAS,RENO,245
CENSUS,NEBRASKA,HALL,245
CENSUS,ILLINOIS,SANGAMON,243
CENSUS,MINNESOTA,SCOTT,243
CENSUS,ILLINOIS,CHRISTIAN,242
CENSUS,MISSOURI,MONROE,242
CENSUS,COLORADO,WASHINGTON,241
CENSUS,OHIO,FAIRFIELD,241
CENSUS,SOUTH DAKOTA,MCCOOK,241
CENSUS,ILLINOIS,MERCER,240
CENSUS,ILLINOIS,GRUNDY,239
CENSUS,IOWA,FREMONT,239
CENSUS,NEBRASKA,POLK,239
CENSUS,NORTH DAKOTA,DUNN,239
CENSUS,IOWA,GUTHRIE,238
CENSUS,NORTH DAKOTA,TRAILL,236
CENSUS,NORTH DAKOTA,DIVIDE,235
CENSUS,WISCONSIN,OUTAGAMIE,235
CENSUS,WISCONSIN,BUFFALO,235
CENSUS,IOWA,MONONA,234
CENSUS,MISSOURI,CHARITON,234
CENSUS,MISSOURI,PIKE,234
CENSUS,SOUTH DAKOTA,CLARK,234
CENSUS,NORTH DAKOTA,KIDDER,233
CENSUS,NORTH DAKOTA,GRANT,233
CENSUS,ILLINOIS,PIKE,232
CENSUS,IOWA,TAYLOR,232
CENSUS,ILLINOIS,MORGAN,231
CENSUS,ILLINOIS,WAYNE,230
CENSUS,MISSOURI,LINCOLN,230
CENSUS,MONTANA,RICHLAND,230
CENSUS,PENNSYLVANIA,SOMERSET,230
CENSUS,NORTH DAKOTA,WELLS,229
CENSUS,INDIANA,WELLS,228
CENSUS,MINNESOTA,WILKIN,228
CENSUS,OHIO,KNOX,228
CENSUS,OHIO,CLINTON,228
CENSUS,ILLINOIS,PEORIA,227
CENSUS,INDIANA,FRANKLIN,227
CENSUS,MONTANA,TOOLE,227
CENSUS,INDIANA,JAY,226
CENSUS,OKLAHOMA,GARFIELD,226
CENSUS,INDIANA,GIBSON,225
CENSUS,OHIO,ASHLAND,225
CENSUS,VIRGINIA,ROCKINGHAM,225
CENSUS,NEBRASKA,JEFFERSON,224
CENSUS,SOUTH DAKOTA,KINGSBURY,224
CENSUS,WASHINGTON,WHITMAN,224
CENSUS,WISCONSIN,POLK,224
CENSUS,MINNESOTA,STEVENS,223
CENSUS,UTAH,BOX ELDER,223
CENSUS,COLORADO,YUMA,220
CENSUS,IOWA,MILLS,220
CENSUS,MISSOURI,FRANKLIN,220
CENSUS,MISSOURI,JOHNSON,220
CENSUS,SOUTH DAKOTA,DOUGLAS,219
CENSUS,PENNSYLVANIA,LEBANON,218
CENSUS,INDIANA,SHELBY,217
CENSUS,IOWA,DAVIS,217
CENSUS,MISSOURI,SALINE,217
CENSUS,ILLINOIS,FAYETTE,216
CENSUS,IOWA,DALLAS,216
CENSUS,MICHIGAN,BRANCH,216
CENSUS,NEBRASKA,ADAMS,216
CENSUS,NORTH DAKOTA,BURKE,216
CENSUS,NORTH DAKOTA,RENVILLE,216
CENSUS,INDIANA,DUBOIS,215
CENSUS,KANSAS,MARION,215
CENSUS,INDIANA,MARSHALL,214
CENSUS,MICHIGAN,SHIAWASSEE,214
CENSUS,OHIO,STARK,214
CENSUS,ILLINOIS,TAZEWELL,213
CENSUS,IOWA,WARREN,213
CENSUS,NEBRASKA,CASS,212
CENSUS,NEBRASKA,THAYER,212
CENSUS,COLORADO,LOGAN,211
CENSUS,IOWA,HENRY,211
CENSUS,OHIO,ALLEN,211
CENSUS,MISSOURI,MONTGOMERY,210
CENSUS,NORTH DAKOTA,ROLETTE,210
CENSUS,OHIO,PICKAWAY,210
CENSUS,OHIO,UNION,210
CENSUS,PENNSYLVANIA,BUTLER,210
CENSUS,INDIANA,WAYNE,209
CENSUS,NEBRASKA,LINCOLN,209
CENSUS,IDAHO,BINGHAM,208
CENSUS,IOWA,HUMBOLDT,208
CENSUS,MISSOURI,LINN,208
CENSUS,SOUTH DAKOTA,CODINGTON,208
CENSUS,WISCONSIN,SHAWANO,208
CENSUS,IOWA,EMMET,207
CENSUS,MICHIGAN,CLINTON,207
CENSUS,SOUTH DAKOTA,LAKE,207
CENSUS,INDIANA,MONTGOMERY,206
CENSUS,IOWA,MADISON,206
CENSUS,IOWA,JEFFERSON,206
CENSUS,MINNESOTA,TRAVERSE,206
CENSUS,MONTANA,DAWSON,206
CENSUS,OHIO,CRAWFORD,206
CENSUS,OHIO,HARDIN,206
CENSUS,PENNSYLVANIA,MERCER,206
CENSUS,IOWA,LOUISA,205
CENSUS,NORTH DAKOTA,SARGENT,205
CENSUS,MICHIGAN,IONIA,204
CENSUS,SOUTH DAKOTA,HAND,204
CENSUS,KANSAS,MARSHALL,202
CENSUS,MINNESOTA,DODGE,202
CENSUS,MISSOURI,KNOX,202
CENSUS,MISSOURI,ANDREW,202
CENSUS,NEW YORK,CAYUGA,202
CENSUS,NORTH DAKOTA,DICKEY,202
CENSUS,SOUTH DAKOTA,GREGORY,202
CENSUS,MISSOURI,BARTON,201
CENSUS,NEW YORK,STEUBEN,201
CENSUS,INDIANA,WHITE,200
CENSUS,NEBRASKA,NUCKOLLS,200
CENSUS,INDIANA,KNOX,198
CENSUS,INDIANA,POSEY,198
CENSUS,OHIO,FULTON,198
CENSUS,SOUTH DAKOTA,GRANT,198
CENSUS,INDIANA,JACKSON,197
CENSUS,PENNSYLVANIA,CRAWFORD,197
CENSUS,SOUTH DAKOTA,DAY,197
CENSUS,ILLINOIS,MACON,196
CENSUS,ILLINOIS,ROCK ISLAND,196
CENSUS,MINNESOTA,GRANT,196
CENSUS,MISSOURI,ATCHISON,196
CENSUS,OKLAHOMA,GRANT,196
CENSUS,OKLAHOMA,WASHITA,196
CENSUS,ILLINOIS,COLES,195
CENSUS,INDIANA,CLINTON,195
CENSUS,OHIO,LOGAN,195
CENSUS,SOUTH DAKOTA,CLAY,195
CENSUS,INDIANA,WABASH,194
CENSUS,OHIO,BROWN,194
CENSUS,SOUTH DAKOTA,AURORA,194
CENSUS,ILLINOIS,WARREN,193
CENSUS,MICHIGAN,ST JOSEPH,193
CENSUS,MINNESOTA,BIG STONE,193
CENSUS,MISSOURI,MACON,193
CENSUS,PENNSYLVANIA,INDIANA,193
CENSUS,SOUTH DAKOTA,MOODY,193
CENSUS,SOUTH DAKOTA,DEUEL,193
CENSUS,MONTANA,PHILLIPS,192
CENSUS,INDIANA,BARTHOLOMEW,190
CENSUS,MONTANA,CASCADE,190
CENSUS,MONTANA,BLAINE,190
CENSUS,NEBRASKA,CHEYENNE,190
CENSUS,NEBRASKA,NEMAHA,190
CENSUS,WISCONSIN,EAU CLAIRE,190
CENSUS,INDIANA,LA PORTE,189
CENSUS,IOWA,RINGGOLD,189
CENSUS,MICHIGAN,LENAWEE,189
CENSUS,MISSOURI,CARROLL,189
CENSUS,PENNSYLVANIA,BEDFORD,189
CENSUS,MISSOURI,COOPER,188
CENSUS,NEBRASKA,KEARNEY,188
CENSUS,OHIO,HENRY,188
CENSUS,PENNSYLVANIA,WESTMORELAND,188
CENSUS,SOUTH DAKOTA,MEADE,188
CENSUS,WISCONSIN,CRAWFORD,188
CENSUS,NORTH DAKOTA,HETTINGER,187
CENSUS,SOUTH DAKOTA,PERKINS,187
CENSUS,KANSAS,KINGMAN,186
CENSUS,MICHIGAN,CALHOUN,186
CENSUS,MICHIGAN,ST CLAIR,186
CENSUS,MISSOURI,SCOTLAND,186
CENSUS,OHIO,MIAMI,186
CENSUS,OKLAHOMA,CUSTER,186
CENSUS,SOUTH DAKOTA,EDMUNDS,186
CENSUS,IOWA,ADAMS,184
CENSUS,MISSOURI,MARION,184
CENSUS,INDIANA,CARROLL,183
CENSUS,IOWA,DES MOINES,183
CENSUS,KANSAS,REPUBLIC,183
CENSUS,MICHIGAN,CASS,183
CENSUS,MINNESOTA,KITTSON,183
CENSUS,NEBRASKA,MERRICK,183
CENSUS,NEBRASKA,PHELPS,183
CENSUS,NORTH DAKOTA,MCINTOSH,183
CENSUS,OHIO,CHAMPAIGN,183
CENSUS,INDIANA,BOONE,182
CENSUS,MISSOURI,STODDARD,182
CENSUS,NEBRASKA,THURSTON,182
CENSUS,PENNSYLVANIA,NORTHUMBERLAND,182
CENSUS,MISSOURI,CAPE GIRARDEAU,181
CENSUS,KANSAS,SEDGWICK,180
CENSUS,MINNESOTA,CHISAGO,180
CENSUS,OHIO,LICKING,180
CENSUS,PENNSYLVANIA,UNION,180
CENSUS,WISCONSIN,WALWORTH,180
CENSUS,MISSOURI,PERRY,179
CENSUS,NORTH DAKOTA,STEELE,179
CENSUS,ILLINOIS,FORD,178
CENSUS,ILLINOIS,WINNEBAGO,178
CENSUS,ILLINOIS,BOND,178
CENSUS,INDIANA,MADISON,178
CENSUS,NORTH DAKOTA,NELSON,178
CENSUS,ILLINOIS,WILL,177
CENSUS,ILLINOIS,JERSEY,177
CENSUS,OHIO,TRUMBULL,177
CENSUS,SOUTH DAKOTA,HANSON,177
CENSUS,INDIANA,FULTON,176
CENSUS,MISSOURI,BATES,176
CENSUS,MONTANA,LIBERTY,176
CENSUS,MONTANA,GALLATIN,176
CENSUS,COLORADO,MORGAN,175
CENSUS,IOWA,VAN BUREN,175
CENSUS,KANSAS,LYON,175
CENSUS,MICHIGAN,HURON,175
CENSUS,MICHIGAN,HILLSDALE,175
CENSUS,MISSOURI,VERNON,175
CENSUS,NORTH DAKOTA,MERCER,175
CENSUS,MISSOURI,DAVIESS,174
CENSUS,OHIO,ASHTABULA,174
CENSUS,OKLAHOMA,CANADIAN,174
CENSUS,ILLINOIS,CUMBERLAND,173
CENSUS,ILLINOIS,MONROE,173
CENSUS,MINNESOTA,PINE,173
CENSUS,OKLAHOMA,BLAINE,173
CENSUS,WISCONSIN,WAUPACA,173
CENSUS,INDIANA,ST. JOSEPH,172
CENSUS,INDIANA,PULASKI,172
CENSUS,KANSAS,DICKINSON,172
CENSUS,NEW YORK,ONTARIO,172
CENSUS,MICHIGAN,WASHTENAW,171
CENSUS,MICHIGAN,ALLEGAN,171
CENSUS,PENNSYLVANIA,PERRY,171
CENSUS,INDIANA,NOBLE,170
CENSUS,INDIANA,SPENCER,170
CENSUS,ILLINOIS,MASON,169
CENSUS,ILLINOIS,CLAY,169
CENSUS,MICHIGAN,MONTCALM,169
CENSUS,OHIO,FAYETTE,169
CENSUS,OHIO,MORROW,169
CENSUS,OHIO,SANDUSKY,169
CENSUS,COLORADO,KIT CARSON,168
CENSUS,INDIANA,JASPER,168
CENSUS,INDIANA,WASHINGTON,168
CENSUS,MONTANA,YELLOWSTONE,168
CENSUS,NEBRASKA,CLAY,168
CENSUS,IOWA,WAPELLO,167
CENSUS,KANSAS,WASHINGTON,167
CENSUS,PENNSYLVANIA,CENTRE,167
CENSUS,PENNSYLVANIA,JUNIATA,167
CENSUS,WISCONSIN,SHEBOYGAN,167
CENSUS,IOWA,DICKINSON,166
CENSUS,MISSOURI,LEWIS,166
CENSUS,OKLAHOMA,ALFALFA,166
CENSUS,PENNSYLVANIA,SCHUYLKILL,166
CENSUS,WYOMING,GOSHEN,166
CENSUS,IOWA,POLK,165
CENSUS,WISCONSIN,PORTAGE,165
CENSUS,KENTUCKY,BRECKINRIDGE,164
CENSUS,NORTH DAKOTA,LOGAN,164
CENSUS,OHIO,WOOD,164
CENSUS,PENNSYLVANIA,LYCOMING,164
CENSUS,INDIANA,HANCOCK,163
CENSUS,ILLINOIS,WOODFORD,162
CENSUS,NORTH DAKOTA,GRIGGS,162
CENSUS,ILLINOIS,RICHLAND,161
CENSUS,NEBRASKA,SCOTTS BLUFF,161
CENSUS,NORTH DAKOTA,SHERIDAN,161
CENSUS,SOUTH DAKOTA,HAMLIN,161
CENSUS,INDIANA,BENTON,160
CENSUS,IOWA,WAYNE,160
CENSUS,MINNESOTA,PENNINGTON,160
CENSUS,NEW YORK,SENECA,160
CENSUS,SOUTH DAKOTA,MARSHALL,160
CENSUS,SOUTH DAKOTA,LYMAN,160
CENSUS,ILLINOIS,CLARK,159
CENSUS,KANSAS,HARVEY,159
CENSUS,WISCONSIN,KEWAUNEE,159
CENSUS,WISCONSIN,MANITOWOC,159
CENSUS,INDIANA,HENDRICKS,158
CENSUS,IDAHO,BONNEVILLE,157
CENSUS,ILLINOIS,MARION,157
CENSUS,MISSOURI,MONITEAU,157
CENSUS,NEBRASKA,PAWNEE,157
CENSUS,OHIO,HANCOCK,157
CENSUS,PENNSYLVANIA,COLUMBIA,157
CENSUS,SOUTH DAKOTA,FAULK,157
CENSUS,IDAHO,JEFFERSON,156
CENSUS,INDIANA,HENRY,156
CENSUS,KENTUCKY,CHRISTIAN,156
CENSUS,MISSOURI,HENRY,156
CENSUS,NORTH DAKOTA,RANSOM,156
CENSUS,NORTH DAKOTA,ADAMS,156
CENSUS,PENNSYLVANIA,SNYDER,156
CENSUS,WISCONSIN,WOOD,156
CENSUS,WISCONSIN,JEFFERSON,156
CENSUS,ILLINOIS,MCHENRY,155
CENSUS,KANSAS,ANDERSON,155
CENSUS,KENTUCKY,HARDIN,155
CENSUS,OHIO,DEFIANCE,155
CENSUS,SOUTH DAKOTA,BRULE,155
CENSUS,WISCONSIN,GREEN LAKE,155
CENSUS,INDIANA,HUNTINGTON,154
CENSUS,NEBRASKA,JOHNSON,154
CENSUS,PENNSYLVANIA,ADAMS,154
CENSUS,WISCONSIN,PEPIN,154
CENSUS,MICHIGAN,GRATIOT,153
CENSUS,NORTH CAROLINA,JOHNSTON,153
CENSUS,OHIO,CLARK,153
CENSUS,OKLAHOMA,CADDO,153
CENSUS,WISCONSIN,LA CROSSE,153
CENSUS,ILLINOIS,MARSHALL,152
CENSUS,INDIANA,TIPPECANOE,152
CENSUS,MISSOURI,CALLAWAY,152
CENSUS,WYOMING,LARAMIE,152
CENSUS,IDAHO,TWIN FALLS,151
CENSUS,ILLINOIS,JACKSON,151
CENSUS,MINNESOTA,ISANTI,151
CENSUS,MISSOURI,LIVINGSTON,151
CENSUS,MISSOURI,DE KALB,151
CENSUS,MISSOURI,CASS,151
CENSUS,MONTANA,DANIELS,151
CENSUS,NEBRASKA,GREELEY,151
CENSUS,NEBRASKA,PERKINS,151
CENSUS,OHIO,PAULDING,151
CENSUS,PENNSYLVANIA,DAUPHIN,151
CENSUS,UTAH,CACHE,151
CENSUS,KANSAS,JEWELL,150
CENSUS,KANSAS,SHERIDAN,150
CENSUS,KENTUCKY,GRAVES,150
CENSUS,OKLAHOMA,KAY,150
CENSUS,SOUTH DAKOTA,MCPHERSON,150
CENSUS,KANSAS,BUTLER,149
CENSUS,MISSOURI,GENTRY,149
CENSUS,NEBRASKA,BOX BUTTE,149
CENSUS,NORTH DAKOTA,BOWMAN,149
CENSUS,WISCONSIN,WASHINGTON,149
CENSUS,MINNESOTA,MILLE LACS,148
CENSUS,OHIO,MARION,148
CENSUS,OHIO,COSHOCTON,148
CENSUS,WISCONSIN,DOOR,148
CENSUS,MISSOURI,CLARK,147
CENSUS,OKLAHOMA,KIOWA,147
CENSUS,ILLINOIS,PERRY,146
CENSUS,IOWA,UNION,146
CENSUS,MISSOURI,HOLT,146
CENSUS,NEBRASKA,SHERMAN,146
CENSUS,ILLINOIS,STARK,145
CENSUS,INDIANA,DELAWARE,145
CENSUS,MARYLAND,WASHINGTON,145
CENSUS,MISSOURI,MORGAN,145
CENSUS,MISSOURI,ST CHARLES,145
CENSUS,NORTH DAKOTA,FOSTER,145
CENSUS,OHIO,ROSS,145
CENSUS,INDIANA,PUTNAM,144
CENSUS,OHIO,WILLIAMS,144
CENSUS,SOUTH DAKOTA,DAVISON,144
CENSUS,WASHINGTON,GRANT,144
CENSUS,IDAHO,CANYON,143
CENSUS,INDIANA,CASS,143
CENSUS,NEBRASKA,VALLEY,143
CENSUS,SOUTH DAKOTA,MINER,143
CENSUS,COLORADO,BACA,142
CENSUS,IOWA,CLARKE,142
CENSUS,MONTANA,GARFIELD,142
CENSUS,WISCONSIN,RICHLAND,142
CENSUS,WYOMING,FREMONT,142
CENSUS,INDIANA,MIAMI,141
CENSUS,IOWA,APPANOOSE,141
CENSUS,WASHINGTON,SPOKANE,141
CENSUS,IDAHO,MADISON,140
CENSUS,MINNESOTA,WASHINGTON,140
CENSUS,ILLINOIS,CRAWFORD,139
CENSUS,MICHIGAN,JACKSON,139
CENSUS,MISSOURI,HARRISON,139
CENSUS,ILLINOIS,HAMILTON,138
CENSUS,INDIANA,CLAY,138
CENSUS,MISSOURI,OSAGE,138
CENSUS,NORTH DAKOTA,OLIVER,138
CENSUS,OKLAHOMA,MAJOR,138
CENSUS,PENNSYLVANIA,ARMSTRONG,138
CENSUS,ILLINOIS,HENDERSON,137
CENSUS,KANSAS,SMITH,137
CENSUS,KANSAS,THOMAS,137
CENSUS,MICHIGAN,MONROE,137
CENSUS,OHIO,GEAUGA,137
CENSUS,UTAH,UTAH,137
CENSUS,WISCONSIN,JACKSON,137
CENSUS,ILLINOIS,JEFFERSON,136
CENSUS,INDIANA,HARRISON,136
CENSUS,IOWA,DECATUR,136
CENSUS,KANSAS,BROWN,136
CENSUS,WISCONSIN,CALUMET,136
CENSUS,COLORADO,MONTROSE,135
CENSUS,ILLINOIS,KANE,135
CENSUS,ILLINOIS,WHITE,135
CENSUS,KANSAS,FINNEY,135
CENSUS,KENTUCKY,DAVIESS,135
CENSUS,PENNSYLVANIA,CHESTER,135
CENSUS,WISCONSIN,WINNEBAGO,135
CENSUS,ILLINOIS,PIATT,134
CENSUS,MINNESOTA,WADENA,134
CENSUS,NEBRASKA,NANCE,134
CENSUS,WISCONSIN,BROWN,134
CENSUS,INDIANA,HOWARD,133
CENSUS,MISSOURI,BUCHANAN,133
CENSUS,OHIO,WASHINGTON,133
CENSUS,OHIO,BUTLER,133
CENSUS,IDAHO,CASSIA,132
CENSUS,MICHIGAN,BERRIEN,132
CENSUS,OKLAHOMA,JACKSON,132
CENSUS,OKLAHOMA,DEWEY,132
CENSUS,IDAHO,FREMONT,131
CENSUS,INDIANA,GRANT,131
CENSUS,INDIANA,WHITLEY,131
CENSUS,KANSAS,RAWLINS,131
CENSUS,MICHIGAN,EATON,131
CENSUS,OHIO,LORAIN,131
CENSUS,PENNSYLVANIA,CAMBRIA,131
CENSUS,SOUTH CAROLINA,ORANGEBURG,131
CENSUS,SOUTH DAKOTA,CORSON,131
CENSUS,UTAH,MILLARD,131
CENSUS,ILLINOIS,MOULTRIE,130
CENSUS,ILLINOIS,KENDALL,130
CENSUS,ILLINOIS,FRANKLIN,130
CENSUS,MICHIGAN,ISABELLA,130
CENSUS,MISSOURI,SCOTT,130
CENSUS,NORTH CAROLINA,SAMPSON,130
CENSUS,INDIANA,GREENE,129
CENSUS,KANSAS,MITCHELL,129
CENSUS,NEW YORK,ONEIDA,129
CENSUS,NEW YORK,WAYNE,129
CENSUS,NORTH CAROLINA,DAVIDSON,129
CENSUS,NORTH DAKOTA,EDDY,129
CENSUS,PENNSYLVANIA,MIFFLIN,129
CENSUS,NEBRASKA,MORRILL,128
CENSUS,OHIO,DELAWARE,128
CENSUS,OHIO,COLUMBIANA,128
CENSUS,ILLINOIS,CASS,127
CENSUS,KANSAS,PRATT,127
CENSUS,MICHIGAN,LAPEER,127
CENSUS,ARKANSAS,POINSETT,126
CENSUS,KENTUCKY,NELSON,126
CENSUS,KENTUCKY,TODD,126
CENSUS,MISSOURI,RALLS,126
CENSUS,NEBRASKA,FRANKLIN,126
CENSUS,NEBRASKA,WEBSTER,126
CENSUS,OREGON,MALHEUR,126
CENSUS,KANSAS,FRANKLIN,125
CENSUS,KENTUCKY,MARION,125
CENSUS,MICHIGAN,BAY,125
CENSUS,OHIO,ADAMS,125
CENSUS,VIRGINIA,PITTSYLVANIA,125
CENSUS,WISCONSIN,TAYLOR,125
CENSUS,KANSAS,CHEROKEE,124
CENSUS,KANSAS,COWLEY,124
CENSUS,MICHIGAN,OTTAWA,124
CENSUS,MISSOURI,NEW MADRID,124
CENSUS,WISCONSIN,OCONTO,124
CENSUS,MINNESOTA,RED LAKE,123
CENSUS,MONTANA,GLACIER,123
CENSUS,NEBRASKA,KIMBALL,123
CENSUS,OKLAHOMA,GRADY,123
CENSUS,OKLAHOMA,COTTON,123
CENSUS,MICHIGAN,KENT,122
CENSUS,MISSOURI,ADAIR,122
CENSUS,NORTH CAROLINA,ROBESON,122
CENSUS,KANSAS,BARTON,121
CENSUS,KANSAS,ELLIS,121
CENSUS,MINNESOTA,MAHNOMEN,121
CENSUS,NORTH CAROLINA,RANDOLPH,121
CENSUS,COLORADO,ADAMS,120
CENSUS,INDIANA,PORTER,120
CENSUS,INDIANA,FOUNTAIN,120
CENSUS,KANSAS,COFFEY,120
CENSUS,KANSAS,OSAGE,120
CENSUS,PENNSYLVANIA,ERIE,120
CENSUS,WYOMING,BIG HORN,120
CENSUS,ARKANSAS,CLAY,119
CENSUS,KANSAS,ATCHISON,119
CENSUS,MICHIGAN,INGHAM,119
CENSUS,MINNESOTA,HENNEPIN,119
CENSUS,MICHIGAN,KALAMAZOO,118
CENSUS,MONTANA,CARBON,118
CENSUS,NORTH DAKOTA,GOLDEN VALLEY,118
CENSUS,OHIO,CARROLL,118
CENSUS,OHIO,WYANDOT,118
CENSUS,KANSAS,POTTAWATOMIE,117
CENSUS,PENNSYLVANIA,JEFFERSON,117
CENSUS,TENNESSEE,WEAKLEY,117
CENSUS,INDIANA,TIPTON,116
CENSUS,MARYLAND,GARRETT,116
CENSUS,MONTANA,JUDITH BASIN,116
CENSUS,OHIO,PORTAGE,116
CENSUS,COLORADO,LINCOLN,115
CENSUS,KANSAS,SALINE,115
CENSUS,KANSAS,DONIPHAN,115
CENSUS,SOUTH DAKOTA,SULLY,115
CENSUS,SOUTH DAKOTA,POTTER,115
CENSUS,IDAHO,MINIDOKA,114
CENSUS,KANSAS,ALLEN,114
CENSUS,MARYLAND,ST MARYS,114
CENSUS,MISSISSIPPI,BOLIVAR,114
CENSUS,OHIO,GREENE,114
CENSUS,OKLAHOMA,NOBLE,114
CENSUS,TENNESSEE,HENRY,114
CENSUS,IOWA,LUCAS,113
CENSUS,KENTUCKY,LOGAN,113
CENSUS,NEBRASKA,BOYD,113
CENSUS,SOUTH DAKOTA,SANBORN,113
CENSUS,IDAHO,FRANKLIN,112
CENSUS,IOWA,MONROE,112
CENSUS,KANSAS,CRAWFORD,112
CENSUS,MISSOURI,BUTLER,112
CENSUS,NEBRASKA,CHASE,112
CENSUS,PENNSYLVANIA,CLARION,112
CENSUS,SOUTH DAKOTA,HAAKON,112
CENSUS,ARKANSAS,GREENE,111
CENSUS,IDAHO,CARIBOU,111
CENSUS,INDIANA,SULLIVAN,111
CENSUS,KANSAS,CHEYENNE,111
CENSUS,KANSAS,FORD,111
CENSUS,NEBRASKA,HITCHCOCK,111
CENSUS,NEBRASKA,KEITH,111
CENSUS,OHIO,MUSKINGUM,111
CENSUS,TEXAS,MCLENNAN,111
CENSUS,ARKANSAS,CRAIGHEAD,110
CENSUS,KANSAS,HARPER,110
CENSUS,MARYLAND,CARROLL,110
CENSUS,MISSOURI,BOONE,110
CENSUS,MISSOURI,HOWARD,110
CENSUS,NEBRASKA,RED WILLOW,110
CENSUS,OHIO,TUSCARAWAS,110
CENSUS,OREGON,UMATILLA,110
CENSUS,SOUTH DAKOTA,CAMPBELL,110
CENSUS,INDIANA,PARKE,109
CENSUS,MISSOURI,GASCONADE,109
CENSUS,MISSOURI,RANDOLPH,109
CENSUS,MISSOURI,JASPER,109
CENSUS,NEBRASKA,SHERIDAN,109
CENSUS,NEBRASKA,DUNDY,109
CENSUS,INDIANA,VANDERBURGH,108
CENSUS,MISSISSIPPI,NOXUBEE,108
CENSUS,MISSOURI,SULLIVAN,108
CENSUS,OKLAHOMA,BECKHAM,108
CENSUS,VIRGINIA,AUGUSTA,108
CENSUS,KANSAS,CLAY,107
CENSUS,KANSAS,NEOSHO,107
CENSUS,TEXAS,COLEMAN,107
CENSUS,KANSAS,OTTAWA,106
CENSUS,KENTUCKY,WARREN,106
CENSUS,MISSOURI,COLE,106
CENSUS,OHIO,MEDINA,106
CENSUS,IDAHO,POWER,105
CENSUS,ILLINOIS,LAWRENCE,105
CENSUS,ILLINOIS,SALINE,105
CENSUS,MISSOURI,CALDWELL,105
CENSUS,NORTH CAROLINA,COLUMBUS,105
CENSUS,OKLAHOMA,WOODS,105
CENSUS,OKLAHOMA,TEXAS,105
CENSUS,OREGON,MARION,105
CENSUS,SOUTH DAKOTA,WALWORTH,105
CENSUS,COLORADO,CHEYENNE,104
CENSUS,INDIANA,JOHNSON,104
CENSUS,NEBRASKA,HARLAN,104
CENSUS,PENNSYLVANIA,LAWRENCE,104
CENSUS,WYOMING,PARK,104
CENSUS,COLORADO,KIOWA,103
CENSUS,COLORADO,OTERO,103
CENSUS,ILLINOIS,DE WITT,103
CENSUS,ILLINOIS,SCOTT,103
CENSUS,INDIANA,NEWTON,103
CENSUS,KANSAS,RICE,103
CENSUS,KANSAS,STAFFORD,103
CENSUS,KENTUCKY,BARREN,103
CENSUS,MINNESOTA,SHERBURNE,103
CENSUS,MINNESOTA,KANABEC,103
CENSUS,MONTANA,CARTER,103
CENSUS,NEBRASKA,SARPY,103
CENSUS,NEBRASKA,GOSPER,103
CENSUS,NORTH CAROLINA,UNION,103
CENSUS,PENNSYLVANIA,NORTHAMPTON,103
CENSUS,ILLINOIS,MASSAC,102
CENSUS,INDIANA,DE KALB,102
CENSUS,MARYLAND,FREDERICK,102
CENSUS,MICHIGAN,GENESEE,102
CENSUS,MISSOURI,WARREN,102
CENSUS,NORTH DAKOTA,SLOPE,102
CENSUS,KENTUCKY,TAYLOR,101
CENSUS,MICHIGAN,VAN BUREN,101
CENSUS,MONTANA,LAKE,101
CENSUS,OKLAHOMA,TILLMAN,101
CENSUS,INDIANA,WARREN,100
CENSUS,KANSAS,LINN,100
CENSUS,KANSAS,MIAMI,100
CENSUS,KANSAS,GOVE,100
CENSUS,MAINE,AROOSTOOK,100
CENSUS,NEW YORK,LIVINGSTON,100
CENSUS,SOUTH DAKOTA,HYDE,100
CENSUS,ARKANSAS,LAWRENCE,99
CENSUS,KANSAS,JACKSON,99
CENSUS,KANSAS,LABETTE,99
CENSUS,KENTUCKY,LINCOLN,99
CENSUS,MISSOURI,GRUNDY,99
CENSUS,NEBRASKA,FURNAS,99
CENSUS,NEW YORK,GENESEE,99
CENSUS,COLORADO,PHILLIPS,98
CENSUS,ILLINOIS,EDWARDS,98
CENSUS,INDIANA,WARRICK,98
CENSUS,KANSAS,SHERMAN,98
CENSUS,NEBRASKA,FRONTIER,98
CENSUS,WASHINGTON,DOUGLAS,98
CENSUS,WASHINGTON,LINCOLN,98
CENSUS,WISCONSIN,RACINE,98
CENSUS,ILLINOIS,BOONE,97
CENSUS,INDIANA,JENNINGS,97
CENSUS,KANSAS,LINCOLN,97
CENSUS,KANSAS,LEAVENWORTH,97
CENSUS,KANSAS,BOURBON,97
CENSUS,MICHIGAN,MECOSTA,97
CENSUS,MICHIGAN,BARRY,97
CENSUS,MONTANA,STILLWATER,97
CENSUS,NEW YORK,NIAGARA,97
CENSUS,NORTH CAROLINA,WAYNE,97
CENSUS,NORTH CAROLINA,ROWAN,97
CENSUS,WASHINGTON,ADAMS,97
CENSUS,WASHINGTON,STEVENS,97
CENSUS,IDAHO,ONEIDA,96
CENSUS,ILLINOIS,MENARD,96
CENSUS,KANSAS,RUSH,96
CENSUS,MISSOURI,LAWRENCE,96
CENSUS,TEXAS,MEDINA,96
CENSUS,INDIANA,UNION,95
CENSUS,KANSAS,OSBORNE,95
CENSUS,KANSAS,HODGEMAN,95
CENSUS,SOUTH DAKOTA,DEWEY,95
CENSUS,SOUTH DAKOTA,PENNINGTON,95
CENSUS,TENNESSEE,ROBERTSON,95
CENSUS,TEXAS,FALLS,95
CENSUS,IDAHO,BANNOCK,94
CENSUS,KANSAS,PHILLIPS,94
CENSUS,KENTUCKY,UNION,94
CENSUS,OKLAHOMA,HARPER,94
CENSUS,OKLAHOMA,GREER,94
CENSUS,INDIANA,FAYETTE,93
CENSUS,MONTANA,CUSTER,93
CENSUS,NORTH CAROLINA,GUILFORD,93
CENSUS,VIRGINIA,SOUTHAMPTON,93
CENSUS,WYOMING,CROOK,93
CENSUS,KANSAS,TREGO,92
CENSUS,NEW YORK,ONONDAGA,92
CENSUS,PENNSYLVANIA,CLEARFIELD,92
CENSUS,WISCONSIN,RUSK,92
CENSUS,ALABAMA,COFFEE,91
CENSUS,DELAWARE,SUSSEX,91
CENSUS,ILLINOIS,SCHUYLER,91
CENSUS,KANSAS,WILSON,91
CENSUS,KANSAS,NESS,91
CENSUS,TEXAS,COOKE,91
CENSUS,WASHINGTON,FRANKLIN,91
CENSUS,COLORADO,PROWERS,90
CENSUS,IDAHO,OWYHEE,90
CENSUS,KENTUCKY,MEADE,90
CENSUS,MISSOURI,RAY,90
CENSUS,MONTANA,FLATHEAD,90
CENSUS,OKLAHOMA,ROGER MILLS,90
CENSUS,PENNSYLVANIA,HUNTINGDON,90
CENSUS,KANSAS,JEFFERSON,89
CENSUS,KANSAS,NORTON,89
CENSUS,KANSAS,GREENWOOD,89
CENSUS,KENTUCKY,SHELBY,89
CENSUS,KENTUCKY,PULASKI,89
CENSUS,MINNESOTA,BELTRAMI,89
CENSUS,OHIO,MAHONING,89
CENSUS,OKLAHOMA,WOODWARD,89
CENSUS,SOUTH DAKOTA,HUGHES,89
CENSUS,SOUTH DAKOTA,BUTTE,89
CENSUS,TENNESSEE,GIBSON,89
CENSUS,KANSAS,MORRIS,88
CENSUS,KANSAS,CLOUD,88
CENSUS,KANSAS,DECATUR,88
CENSUS,NEW YORK,MADISON,88
CENSUS,NORTH CAROLINA,IREDELL,88
CENSUS,PENNSYLVANIA,BRADFORD,88
CENSUS,KENTUCKY,HOPKINS,87
CENSUS,KENTUCKY,MCLEAN,87
CENSUS,TENNESSEE,LAWRENCE,87
CENSUS,WISCONSIN,LANGLADE,87
CENSUS,CALIFORNIA,GLENN,86
CENSUS,NORTH CAROLINA,DUPLIN,86
CENSUS,SOUTH CAROLINA,WILLIAMSBURG,86
CENSUS,WISCONSIN,OZAUKEE,86
CENSUS,ARKANSAS,ARKANSAS,85
CENSUS,ARKANSAS,CROSS,85
CENSUS,GEORGIA,LAURENS,85
CENSUS,INDIANA,MORGAN,85
CENSUS,INDIANA,VIGO,85
CENSUS,KANSAS,ROOKS,85
CENSUS,KENTUCKY,CALLOWAY,85
CENSUS,LOUISIANA,ACADIA,85
CENSUS,MONTANA,BIG HORN,85
CENSUS,MONTANA,ROSEBUD,85
CENSUS,NEBRASKA,DAWES,85
CENSUS,NEW YORK,JEFFERSON,85
CENSUS,COLORADO,RIO GRANDE,84
CENSUS,COLORADO,MESA,84
CENSUS,IDAHO,JEROME,84
CENSUS,KANSAS,GRAY,84
CENSUS,MONTANA,FALLON,84
CENSUS,OKLAHOMA,COMANCHE,84
CENSUS,WISCONSIN,JUNEAU,84
CENSUS,WISCONSIN,WAUSHARA,84
CENSUS,ILLINOIS,BROWN,83
CENSUS,INDIANA,HAMILTON,83
CENSUS,INDIANA,LAKE,83
CENSUS,MINNESOTA,CLEARWATER,83
CENSUS,NEBRASKA,DAKOTA,83
CENSUS,OKLAHOMA,ELLIS,83
CENSUS,SOUTH DAKOTA,BENNETT,83
CENSUS,SOUTH DAKOTA,JACKSON,83
CENSUS,TENNESSEE,OBION,83
CENSUS,WYOMING,LINCOLN,83
CENSUS,MISSOURI,BENTON,82
CENSUS,SOUTH DAKOTA,HARDING,82
CENSUS,WEST VIRGINIA,PRESTON,82
CENSUS,ILLINOIS,WABASH,81
CENSUS,INDIANA,JEFFERSON,81
CENSUS,KENTUCKY,HENDERSON,81
CENSUS,MISSOURI,BOLLINGER,81
CENSUS,MONTANA,BROADWATER,81
CENSUS,MONTANA,POWDER RIVER,81
CENSUS,NORTH DAKOTA,BILLINGS,81
CENSUS,OKLAHOMA,BEAVER,81
CENSUS,GEORGIA,COFFEE,80
CENSUS,KENTUCKY,MASON,80
CENSUS,MISSOURI,MISSISSIPPI,80
CENSUS,OHIO,MONTGOMERY,80
CENSUS,PENNSYLVANIA,BUCKS,80
CENSUS,WISCONSIN,KENOSHA,80
CENSUS,INDIANA,LAWRENCE,79
CENSUS,MISSOURI,STE GENEVIEVE,79
CENSUS,MISSOURI,PUTNAM,79
CENSUS,NEBRASKA,DOUGLAS,79
CENSUS,SOUTH CAROLINA,HORRY,79
CENSUS,TEXAS,BELL,79
CENSUS,UTAH,DUCHESNE,79
CENSUS,DELAWARE,KENT,78
CENSUS,KENTUCKY,GREEN,78
CENSUS,OHIO,ERIE,78
CENSUS,OREGON,WASHINGTON,78
CENSUS,COLORADO,CONEJOS,77
CENSUS,KANSAS,BARBER,77
CENSUS,KENTUCKY,WEBSTER,77
CENSUS,PENNSYLVANIA,MONTOUR,77
CENSUS,PENNSYLVANIA,VENANGO,77
CENSUS,TENNESSEE,COFFEE,77
CENSUS,WISCONSIN,MARINETTE,77
CENSUS,WISCONSIN,WAUKESHA,77
CENSUS,ALABAMA,JACKSON,76
CENSUS,FLORIDA,JACKSON,76
CENSUS,ILLINOIS,GALLATIN,76
CENSUS,ILLINOIS,CALHOUN,76
CENSUS,INDIANA,PIKE,76
CENSUS,KENTUCKY,HARRISON,76
CENSUS,KENTUCKY,LARUE,76
CENSUS,MICHIGAN,NEWAYGO,76
CENSUS,OREGON,MORROW,76
CENSUS,IDAHO,IDAHO,75
CENSUS,KANSAS,WOODSON,75
CENSUS,KANSAS,MEADE,75
CENSUS,NEBRASKA,DEUEL,75
CENSUS,PENNSYLVANIA,TIOGA,75
CENSUS,SOUTH DAKOTA,JONES,75
CENSUS,TEXAS,CORYELL,75
CENSUS,KANSAS,GRAHAM,74
CENSUS,KANSAS,WALLACE,74
CENSUS,KENTUCKY,FLEMING,74
CENSUS,NEBRASKA,BANNER,74
CENSUS,NEW YORK,MONTGOMERY,74
CENSUS,NEW YORK,ORLEANS,74
CENSUS,OKLAHOMA,LOGAN,74
CENSUS,OKLAHOMA,HARMON,74
CENSUS,TENNESSEE,HARDIN,74
CENSUS,VIRGINIA,PAGE,74
CENSUS,ARKANSAS,LONOKE,73
CENSUS,MARYLAND,CAROLINE,73
CENSUS,MISSOURI,WORTH,73
CENSUS,MONTANA,PRAIRIE,73
CENSUS,OHIO,CLERMONT,73
CENSUS,KANSAS,ELLSWORTH,72
CENSUS,KANSAS,WICHITA,72
CENSUS,OHIO,OTTAWA,72
CENSUS,OHIO,WARREN,72
CENSUS,GEORGIA,BULLOCH,71
CENSUS,GEORGIA,WORTH,71
CENSUS,IDAHO,BUTTE,71
CENSUS,INDIANA,CLARK,71
CENSUS,KANSAS,KEARNY,71
CENSUS,MARYLAND,QUEEN ANNES,71
CENSUS,MICHIGAN,GLADWIN,71
CENSUS,MISSOURI,SCHUYLER,71
CENSUS,NEW YORK,OTSEGO,71
CENSUS,NORTH CAROLINA,ROCKINGHAM,71
CENSUS,OHIO,MORGAN,71
CENSUS,PENNSYLVANIA,FAYETTE,71
CENSUS,SOUTH DAKOTA,MELLETTE,71
CENSUS,TENNESSEE,MAURY,71
CENSUS,TENNESSEE,FRANKLIN,71
CENSUS,TEXAS,GILLESPIE,71
CENSUS,TEXAS,KNOX,71
CENSUS,GEORGIA,BERRIEN,70
CENSUS,IDAHO,TETON,70
CENSUS,KANSAS,MONTGOMERY,70
CENSUS,KANSAS,HAMILTON,70
CENSUS,MISSOURI,WEBSTER,70
CENSUS,NEBRASKA,HAYES,70
CENSUS,OHIO,SCIOTO,70
CENSUS,PENNSYLVANIA,LEHIGH,70
CENSUS,SOUTH DAKOTA,JERAULD,70
CENSUS,VIRGINIA,SHENANDOAH,70
CENSUS,GEORGIA,GRADY,69
CENSUS,INDIANA,OWEN,69
CENSUS,KENTUCKY,CASEY,69
CENSUS,KENTUCKY,GRAYSON,69
CENSUS,NEW YORK,ERIE,69
CENSUS,NORTH CAROLINA,BEAUFORT,69
CENSUS,NORTH DAKOTA,SIOUX,69
CENSUS,SOUTH CAROLINA,CLARENDON,69
CENSUS,WEST VIRGINIA,MASON,69
CENSUS,COLORADO,PUEBLO,68
CENSUS,GEORGIA,EARLY,68
CENSUS,MARYLAND,KENT,68
CENSUS,MICHIGAN,ALPENA,68
CENSUS,MISSOURI,MARIES,68
CENSUS,MISSOURI,CLINTON,68
CENSUS,PENNSYLVANIA,BLAIR,68
CENSUS,TENNESSEE,HENDERSON,68
CENSUS,ALABAMA,BALDWIN,67
CENSUS,IDAHO,LINCOLN,67
CENSUS,KANSAS,SCOTT,67
CENSUS,MINNESOTA,HUBBARD,67
CENSUS,MISSOURI,NEWTON,67
CENSUS,OKLAHOMA,CIMARRON,67
CENSUS,OREGON,YAMHILL,67
CENSUS,PENNSYLVANIA,WASHINGTON,67
CENSUS,TEXAS,BAYLOR,67
CENSUS,WYOMING,CAMPBELL,67
CENSUS,MICHIGAN,PRESQUE ISLE,66
CENSUS,NEBRASKA,SIOUX,66
CENSUS,SOUTH CAROLINA,DORCHESTER,66
CENSUS,TEXAS,FANNIN,66
CENSUS,ALABAMA,DE KALB,65
CENSUS,INDIANA,STARKE,65
CENSUS,KANSAS,RILEY,65
CENSUS,KANSAS,GREELEY,65
CENSUS,NEW YORK,ALLEGANY,65
CENSUS,NEW YORK,WYOMING,65
CENSUS,PENNSYLVANIA,LUZERNE,65
CENSUS,TENNESSEE,MCNAIRY,65
CENSUS,TEXAS,HASKELL,65
CENSUS,GEORGIA,APPLING,64
CENSUS,IDAHO,GEM,64
CENSUS,KANSAS,RUSSELL,64
CENSUS,KENTUCKY,BALLARD,64
CENSUS,MISSOURI,ST CLAIR,64
CENSUS,PENNSYLVANIA,BEAVER,64
CENSUS,TEXAS,DENTON,64
CENSUS,TEXAS,WICHITA,64
CENSUS,COLORADO,SEDGWICK,63
CENSUS,IDAHO,LATAH,63
CENSUS,IDAHO,NEZ PERCE,63
CENSUS,INDIANA,VERMILLION,63
CENSUS,MICHIGAN,MACOMB,63
CENSUS,MICHIGAN,OCEANA,63
CENSUS,NEW JERSEY,HUNTERDON,63
CENSUS,SOUTH CAROLINA,DARLINGTON,63
CENSUS,ARKANSAS,MONROE,62
CENSUS,ILLINOIS,UNION,62
CENSUS,KANSAS,LOGAN,62
CENSUS,LOUISIANA,JEFFERSON DAVIS,62
CENSUS,MICHIGAN,MIDLAND,62
CENSUS,MINNESOTA,CROW WING,62
CENSUS,MONTANA,WIBAUX,62
CENSUS,NEW JERSEY,SALEM,62
CENSUS,TEXAS,CLAY,62
CENSUS,WASHINGTON,GARFIELD,62
CENSUS,ARKANSAS,SAINT FRANCIS,61
CENSUS,ARKANSAS,JACKSON,61
CENSUS,IDAHO,ADA,61
CENSUS,INDIANA,BLACKFORD,61
CENSUS,LOUISIANA,SAINT LANDRY,61
CENSUS,MICHIGAN,CHIPPEWA,61
CENSUS,MISSOURI,MERCER,61
CENSUS,NEBRASKA,GARDEN,61
CENSUS,NORTH CAROLINA,ALAMANCE,61
CENSUS,SOUTH DAKOTA,TODD,61
CENSUS,TENNESSEE,SUMNER,61
CENSUS,ARKANSAS,WOODRUFF,60
CENSUS,KANSAS,LANE,60
CENSUS,KENTUCKY,BOURBON,60
CENSUS,KENTUCKY,ADAIR,60
CENSUS,KENTUCKY,MUHLENBERG,60
CENSUS,MISSISSIPPI,WASHINGTON,60
CENSUS,MISSOURI,JACKSON,60
CENSUS,MONTANA,PARK,60
CENSUS,NEBRASKA,WHEELER,60
CENSUS,NEW YORK,MONROE,60
CENSUS,SOUTH CAROLINA,COLLETON,60
CENSUS,TEXAS,RUNNELS,60
CENSUS,ALABAMA,LAUDERDALE,59
CENSUS,COLORADO,DELTA,59
CENSUS,KANSAS,HASKELL,59
CENSUS,KENTUCKY,OHIO,59
CENSUS,MISSOURI,PEMISCOT,59
CENSUS,NORTH CAROLINA,HARNETT,59
CENSUS,NORTH CAROLINA,CLEVELAND,59
CENSUS,OKLAHOMA,MAYES,59
CENSUS,PENNSYLVANIA,FULTON,59
CENSUS,SOUTH DAKOTA,STANLEY,59
CENSUS,TEXAS,GRAYSON,59
CENSUS,TEXAS,BROWN,59
CENSUS,TEXAS,JONES,59
CENSUS,WISCONSIN,BURNETT,59
CENSUS,ALABAMA,HOUSTON,58
CENSUS,ARKANSAS,CRITTENDEN,58
CENSUS,COLORADO,LARIMER,58
CENSUS,ILLINOIS,WILLIAMSON,58
CENSUS,KANSAS,PAWNEE,58
CENSUS,MISSOURI,POLK,58
CENSUS,NEW JERSEY,WARREN,58
CENSUS,NEW YORK,CATTARAUGUS,58
CENSUS,NORTH CAROLINA,NORTHAMPTON,58
CENSUS,OKLAHOMA,PAYNE,58
CENSUS,OKLAHOMA,CRAIG,58
CENSUS,OREGON,WALLOWA,58
CENSUS,SOUTH CAROLINA,CALHOUN,58
CENSUS,SOUTH CAROLINA,AIKEN,58
CENSUS,TENNESSEE,GREENE,58
CENSUS,UTAH,UINTAH,58
CENSUS,VIRGINIA,MECKLENBURG,58
CENSUS,ALABAMA,LIMESTONE,57
CENSUS,MICHIGAN,ARENAC,57
CENSUS,MICHIGAN,MENOMINEE,57
CENSUS,MONTANA,MADISON,57
CENSUS,NEW YORK,CHAUTAUQUA,57
CENSUS,TEXAS,DALLAM,57
CENSUS,TEXAS,OCHILTREE,57
CENSUS,UTAH,SANPETE,57
CENSUS,WYOMING,SHERIDAN,57
CENSUS,ALABAMA,MADISON,56
CENSUS,ARKANSAS,PHILLIPS,56
CENSUS,ARKANSAS,MISSISSIPPI,56
CENSUS,GEORGIA,JEFFERSON,56
CENSUS,INDIANA,STEUBEN,56
CENSUS,KANSAS,KIOWA,56
CENSUS,KENTUCKY,HART,56
CENSUS,KENTUCKY,CRITTENDEN,56
CENSUS,KENTUCKY,HICKMAN,56
CENSUS,MISSOURI,DADE,56
CENSUS,NORTH CAROLINA,MARTIN,56
CENSUS,OHIO,GUERNSEY,56
CENSUS,TENNESSEE,GILES,56
CENSUS,TENNESSEE,WARREN,56
CENSUS,TEXAS,UVALDE,56
CENSUS,UTAH,EMERY,56
CENSUS,INDIANA,MARTIN,55
CENSUS,NEBRASKA,CHERRY,55
CENSUS,NEW JERSEY,BURLINGTON,55
CENSUS,NORTH CAROLINA,BERTIE,55
CENSUS,SOUTH CAROLINA,BERKELEY,55
CENSUS,TENNESSEE,TIPTON,55
CENSUS,VIRGINIA,FRANKLIN,55
CENSUS,WISCONSIN,WASHBURN,55
CENSUS,IDAHO,BEAR LAKE,54
CENSUS,KANSAS,DOUGLAS,54
CENSUS,KANSAS,COMANCHE,54
CENSUS,KANSAS,STANTON,54
CENSUS,KENTUCKY,SIMPSON,54
CENSUS,LOUISIANA,EAST CARROLL,54
CENSUS,MISSOURI,PLATTE,54
CENSUS,MONTANA,RAVALLI,54
CENSUS,NEBRASKA,GARFIELD,54
CENSUS,NORTH CAROLINA,HALIFAX,54
CENSUS,OKLAHOMA,MUSKOGEE,54
CENSUS,OREGON,SHERMAN,54
CENSUS,TEXAS,HUNT,54
CENSUS,WEST VIRGINIA,BERKELEY,54
CENSUS,ALABAMA,CULLMAN,53
CENSUS,ILLINOIS,JOHNSON,53
CENSUS,KENTUCKY,METCALFE,53
CENSUS,MARYLAND,HARFORD,53
CENSUS,MISSISSIPPI,SUNFLOWER,53
CENSUS,NORTH CAROLINA,PERQUIMANS,53
CENSUS,OHIO,PERRY,53
CENSUS,TEXAS,HAMILTON,53
CENSUS,TEXAS,MILLS,53
CENSUS,WISCONSIN,ADAMS,53
CENSUS,WISCONSIN,MARQUETTE,53
CENSUS,WYOMING,PLATTE,53
CENSUS,GEORGIA,SCREVEN,52
CENSUS,GEORGIA,IRWIN,52
CENSUS,GEORGIA,TATTNALL,52
CENSUS,INDIANA,PERRY,52
CENSUS,KENTUCKY,CARLISLE,52
CENSUS,MICHIGAN,OSCEOLA,52
CENSUS,MISSOURI,MILLER,52
CENSUS,NORTH CAROLINA,YADKIN,52
CENSUS,OREGON,UNION,52
CENSUS,OREGON,POLK,52
CENSUS,SOUTH CAROLINA,FLORENCE,52
CENSUS,SOUTH DAKOTA,ZIEBACH,52
CENSUS,TENNESSEE,BEDFORD,52
CENSUS,ARKANSAS,CHICOT,51
CENSUS,INDIANA,ORANGE,51
CENSUS,KANSAS,WABAUNSEE,51
CENSUS,KENTUCKY,CALDWELL,51
CENSUS,MICHIGAN,MASON,51
CENSUS,MINNESOTA,ANOKA,51
CENSUS,NORTH CAROLINA,WAKE,51
CENSUS,ARKANSAS,JEFFERSON,50
CENSUS,COLORADO,SAGUACHE,50
CENSUS,IDAHO,WASHINGTON,50
CENSUS,KENTUCKY,EDMONSON,50
CENSUS,LOUISIANA,VERMILION,50
CENSUS,MICHIGAN,LIVINGSTON,50
CENSUS,MINNESOTA,ST. LOUIS,50
CENSUS,MISSOURI,JEFFERSON,50
CENSUS,NORTH CAROLINA,LINCOLN,50
CENSUS,OKLAHOMA,OSAGE,50
CENSUS,OKLAHOMA,ROGERS,50
CENSUS,OKLAHOMA,BRYAN,50
CENSUS,OKLAHOMA,STEPHENS,50
CENSUS,OREGON,LINN,50
CENSUS,SOUTH CAROLINA,LEE,50
CENSUS,TEXAS,HILL,50
CENSUS,TEXAS,LAMAR,50
CENSUS,TEXAS,ARCHER,50
CENSUS,VIRGINIA,AMELIA,50
CENSUS,WYOMING,CONVERSE,50
CENSUS,COLORADO,ALAMOSA,49
CENSUS,KANSAS,CLARK,49
CENSUS,KANSAS,GRANT,49
CENSUS,KENTUCKY,RUSSELL,49
CENSUS,NEBRASKA,BROWN,49
CENSUS,NEW YORK,ST LAWRENCE,49
CENSUS,NEW YORK,TOMPKINS,49
CENSUS,NORTH CAROLINA,PITT,49
CENSUS,OHIO,PIKE,49
CENSUS,OKLAHOMA,JEFFERSON,49
CENSUS,SOUTH DAKOTA,FALL RIVER,49
CENSUS,VIRGINIA,FAUQUIER,49
CENSUS,WASHINGTON,WALLA WALLA,49
CENSUS,WISCONSIN,LINCOLN,49
CENSUS,ALABAMA,BARBOUR,48
CENSUS,ALABAMA,HENRY,48
CENSUS,CALIFORNIA,STANISLAUS,48
CENSUS,KENTUCKY,MONROE,48
CENSUS,MINNESOTA,LAKE OF THE WOODS,48
CENSUS,MISSOURI,DUNKLIN,48
CENSUS,MONTANA,SWEET GRASS,48
CENSUS,NEBRASKA,ROCK,48
CENSUS,NORTH CAROLINA,FRANKLIN,48
CENSUS,OHIO,FRANKLIN,48
CENSUS,OHIO,LUCAS,48
CENSUS,OKLAHOMA,GARVIN,48
CENSUS,OREGON,JEFFERSON,48
CENSUS,SOUTH CAROLINA,ANDERSON,48
CENSUS,TENNESSEE,LINCOLN,48
CENSUS,TEXAS,WILLIAMSON,48
CENSUS,VIRGINIA,SUFFOLK CITY,48
CENSUS,WEST VIRGINIA,MONROE,48
CENSUS,GEORGIA,EMANUEL,47
CENSUS,GEORGIA,THOMAS,47
CENSUS,KANSAS,EDWARDS,47
CENSUS,MONTANA,LEWIS AND CLARK,47
CENSUS,NORTH CAROLINA,LENOIR,47
CENSUS,OHIO,JEFFERSON,47
CENSUS,OREGON,WASCO,47
CENSUS,TENNESSEE,RUTHERFORD,47
CENSUS,GEORGIA,BROOKS,46
CENSUS,KANSAS,SEWARD,46
CENSUS,KENTUCKY,LIVINGSTON,46
CENSUS,MICHIGAN,GRAND TRAVERSE,46
CENSUS,MISSISSIPPI,LEFLORE,46
CENSUS,NEW YORK,HERKIMER,46
CENSUS,NEW YORK,LEWIS,46
CENSUS,NORTH CAROLINA,CUMBERLAND,46
CENSUS,OHIO,HARRISON,46
CENSUS,OREGON,CLACKAMAS,46
CENSUS,SOUTH CAROLINA,LEXINGTON,46
CENSUS,COLORADO,ELBERT,45
CENSUS,GEORGIA,MITCHELL,45
CENSUS,IDAHO,BOUNDARY,45
CENSUS,ILLINOIS,POPE,45
CENSUS,MARYLAND,BALTIMORE,45
CENSUS,MINNESOTA,AITKIN,45
CENSUS,MISSOURI,CLAY,45
CENSUS,MONTANA,MUSSELSHELL,45
CENSUS,NEW YORK,FRANKLIN,45
CENSUS,NORTH CAROLINA,NASH,45
CENSUS,OHIO,GALLIA,45
CENSUS,OHIO,MEIGS,45
CENSUS,PENNSYLVANIA,CLINTON,45
CENSUS,TENNESSEE,DYER,45
CENSUS,TEXAS,COLLIN,45
CENSUS,TEXAS,JACKSON,45
CENSUS,VIRGINIA,CAMPBELL,45
CENSUS,WASHINGTON,YAKIMA,45
CENSUS,ILLINOIS,PUTNAM,44
CENSUS,KENTUCKY,MADISON,44
CENSUS,OREGON,GILLIAM,44
CENSUS,TENNESSEE,CARROLL,44
CENSUS,TENNESSEE,FAYETTE,44
CENSUS,TEXAS,JOHNSON,44
CENSUS,TEXAS,MCCULLOCH,44
CENSUS,VIRGINIA,HANOVER,44
CENSUS,WEST VIRGINIA,HARDY,44
CENSUS,WEST VIRGINIA,JEFFERSON,44
CENSUS,ALABAMA,LAWRENCE,43
CENSUS,CALIFORNIA,SISKIYOU,43
CENSUS,COLORADO,LA PLATA,43
CENSUS,GEORGIA,BURKE,43
CENSUS,GEORGIA,COLQUITT,43
CENSUS,GEORGIA,PIERCE,43
CENSUS,INDIANA,DEARBORN,43
CENSUS,MICHIGAN,CLARE,43
CENSUS,MICHIGAN,OGEMAW,43
CENSUS,MINNESOTA,ITASCA,43
CENSUS,MONTANA,GOLDEN VALLEY,43
CENSUS,NORTH CAROLINA,STANLY,43
CENSUS,OHIO,JACKSON,43
CENSUS,SOUTH CAROLINA,BAMBERG,43
CENSUS,TENNESSEE,MACON,43
CENSUS,TEXAS,MILAM,43
CENSUS,TEXAS,YOUNG,43
CENSUS,CALIFORNIA,BUTTE,42
CENSUS,IDAHO,PAYETTE,42
CENSUS,KENTUCKY,BATH,42
CENSUS,KENTUCKY,WAYNE,42
CENSUS,KENTUCKY,HENRY,42
CENSUS,KENTUCKY,TRIGG,42
CENSUS,MISSISSIPPI,TALLAHATCHIE,42
CENSUS,MISSOURI,BARRY,42
CENSUS,MONTANA,BEAVERHEAD,42
CENSUS,NEW YORK,CHENANGO,42
CENSUS,NORTH CAROLINA,BLADEN,42
CENSUS,OREGON,KLAMATH,42
CENSUS,SOUTH CAROLINA,MARLBORO,42
CENSUS,TENNESSEE,MARSHALL,42
CENSUS,TEXAS,PARKER,42
CENSUS,ALABAMA,GENEVA,41
CENSUS,ARKANSAS,LINCOLN,41
CENSUS,GEORGIA,DODGE,41
CENSUS,GEORGIA,TELFAIR,41
CENSUS,IDAHO,GOODING,41
CENSUS,KANSAS,JOHNSON,41
CENSUS,LOUISIANA,AVOYELLES,41
CENSUS,MARYLAND,CECIL,41
CENSUS,MISSISSIPPI,TIPPAH,41
CENSUS,MONTANA,WHEATLAND,41
CENSUS,MONTANA,TREASURE,41
CENSUS,NEBRASKA,KEYA PAHA,41
CENSUS,NORTH CAROLINA,SURRY,41
CENSUS,OKLAHOMA,LINCOLN,41
CENSUS,VIRGINIA,ISLE OF WIGHT,41
CENSUS,WASHINGTON,KLICKITAT,41
CENSUS,ARIZONA,COCHISE,40
CENSUS,ARKANSAS,RANDOLPH,40
CENSUS,MICHIGAN,DELTA,40
CENSUS,MICHIGAN,MUSKEGON,40
CENSUS,NEW YORK,DUTCHESS,40
CENSUS,OHIO,MONROE,40
CENSUS,OKLAHOMA,MCCLAIN,40
CENSUS,PENNSYLVANIA,POTTER,40
CENSUS,SOUTH CAROLINA,HAMPTON,40
CENSUS,TENNESSEE,MADISON,40
CENSUS,TEXAS,BOSQUE,40
CENSUS,TEXAS,WILBARGER,40
CENSUS,TEXAS,BEXAR,40
CENSUS,UTAH,IRON,40
CENSUS,WASHINGTON,BENTON,40
CENSUS,ARKANSAS,PRAIRIE,39
CENSUS,IDAHO,LEMHI,39
CENSUS,ILLINOIS,LAKE,39
CENSUS,ILLINOIS,PULASKI,39
CENSUS,KENTUCKY,ALLEN,39
CENSUS,KENTUCKY,BUTLER,39
CENSUS,LOUISIANA,EVANGELINE,39
CENSUS,MISSISSIPPI,COAHOMA,39
CENSUS,NORTH CAROLINA,CATAWBA,39
CENSUS,NORTH CAROLINA,WASHINGTON,39
CENSUS,SOUTH DAKOTA,BUFFALO,39
CENSUS,TEXAS,FAYETTE,39
CENSUS,UTAH,JUAB,39
CENSUS,WASHINGTON,ASOTIN,39
CENSUS,WYOMING,WASHAKIE,39
CENSUS,ALABAMA,PIKE,38
CENSUS,GEORGIA,WARE,38
CENSUS,KENTUCKY,ROCKCASTLE,38
CENSUS,MINNESOTA,KOOCHICHING,38
CENSUS,PENNSYLVANIA,ELK,38
CENSUS,VIRGINIA,HALIFAX,38
CENSUS,WISCONSIN,BAYFIELD,38
CENSUS,COLORADO,ARAPAHOE,37
CENSUS,IDAHO,KOOTENAI,37
CENSUS,INDIANA,SCOTT,37
CENSUS,KANSAS,SHAWNEE,37
CENSUS,KENTUCKY,BULLITT,37
CENSUS,MISSISSIPPI,MADISON,37
CENSUS,PENNSYLVANIA,MONTGOMERY,37
CENSUS,TENNESSEE,BLOUNT,37
CENSUS,TENNESSEE,HARDEMAN,37
CENSUS,TENNESSEE,HICKMAN,37
CENSUS,TEXAS,CALLAHAN,37
CENSUS,TEXAS,WISE,37
CENSUS,WASHINGTON,OKANOGAN,37
CENSUS,ARIZONA,MARICOPA,36
CENSUS,COLORADO,CROWLEY,36
CENSUS,GEORGIA,MONTGOMERY,36
CENSUS,GEORGIA,MILLER,36
CENSUS,KANSAS,CHASE,36
CENSUS,KANSAS,GEARY,36
CENSUS,KENTUCKY,WASHINGTON,36
CENSUS,MINNESOTA,CASS,36
CENSUS,NEW MEXICO,QUAY,36
CENSUS,NEW YORK,OSWEGO,36
CENSUS,NEW YORK,WASHINGTON,36
CENSUS,OKLAHOMA,PAWNEE,36
CENSUS,PENNSYLVANIA,MONROE,36
CENSUS,SOUTH CAROLINA,DILLON,36
CENSUS,TENNESSEE,WILLIAMSON,36
CENSUS,TENNESSEE,LAUDERDALE,36
CENSUS,TENNESSEE,HUMPHREYS,36
CENSUS,TENNESSEE,MONTGOMERY,36
CENSUS,TEXAS,THROCKMORTON,36
CENSUS,TEXAS,GUADALUPE,36
CENSUS,VIRGINIA,LEE,36
CENSUS,WASHINGTON,KITTITAS,36
CENSUS,ALABAMA,CHEROKEE,35
CENSUS,ARKANSAS,LAFAYETTE,35
CENSUS,GEORGIA,ATKINSON,35
CENSUS,MARYLAND,SOMERSET,35
CENSUS,OKLAHOMA,OKMULGEE,35
CENSUS,OKLAHOMA,OTTAWA,35
CENSUS,SOUTH CAROLINA,SUMTER,35
CENSUS,SOUTH CAROLINA,CHESTERFIELD,35
CENSUS,TENNESSEE,WHITE,35
CENSUS,TENNESSEE,HAYWOOD,35
CENSUS,TEXAS,GAINES,35
CENSUS,VIRGINIA,LOUISA,35
CENSUS,VIRGINIA,CHARLOTTE,35
CENSUS,ALABAMA,DALE,34
CENSUS,COLORADO,COSTILLA,34
CENSUS,COLORADO,BENT,34
CENSUS,KANSAS,ELK,34
CENSUS,KENTUCKY,BOYLE,34
CENSUS,KENTUCKY,MCCRACKEN,34
CENSUS,MARYLAND,WORCESTER,34
CENSUS,MISSISSIPPI,YAZOO,34
CENSUS,MISSOURI,LACLEDE,34
CENSUS,NEW YORK,RENSSELAER,34
CENSUS,NORTH CAROLINA,GREENE,34
CENSUS,NORTH CAROLINA,HYDE,34
CENSUS,NORTH CAROLINA,CHATHAM,34
CENSUS,NORTH CAROLINA,ONSLOW,34
CENSUS,OKLAHOMA,OKLAHOMA,34
CENSUS,OREGON,BAKER,34
CENSUS,PENNSYLVANIA,CARBON,34
CENSUS,PENNSYLVANIA,ALLEGHENY,34
CENSUS,TEXAS,COMANCHE,34
CENSUS,VERMONT,FRANKLIN,34
CENSUS,WEST VIRGINIA,WOOD,34
CENSUS,ARKANSAS,WHITE,33
CENSUS,GEORGIA,LOWNDES,33
CENSUS,IDAHO,ELMORE,33
CENSUS,KENTUCKY,NICHOLAS,33
CENSUS,KENTUCKY,LAUREL,33
CENSUS,MISSISSIPPI,CALHOUN,33
CENSUS,NEW YORK,COLUMBIA,33
CENSUS,NEW YORK,SCHUYLER,33
CENSUS,NORTH CAROLINA,CABARRUS,33
CENSUS,SOUTH CAROLINA,MARION,33
CENSUS,SOUTH DAKOTA,CUSTER,33
CENSUS,TENNESSEE,WILSON,33
CENSUS,TENNESSEE,OVERTON,33
CENSUS,TENNESSEE,WASHINGTON,33
CENSUS,TEXAS,SMITH,33
CENSUS,TEXAS,WHARTON,33
CENSUS,VIRGINIA,CULPEPER,33
CENSUS,VIRGINIA,BRUNSWICK,33
CENSUS,VIRGINIA,RUSSELL,33
CENSUS,ARKANSAS,LEE,32
CENSUS,FLORIDA,MADISON,32
CENSUS,GEORGIA,JEFF DAVIS,32
CENSUS,GEORGIA,WILCOX,32
CENSUS,GEORGIA,WAYNE,32
CENSUS,INDIANA,MONROE,32
CENSUS,KANSAS,MORTON,32
CENSUS,KENTUCKY,MONTGOMERY,32
CENSUS,KENTUCKY,SCOTT,32
CENSUS,KENTUCKY,SPENCER,32
CENSUS,KENTUCKY,BOONE,32
CENSUS,KENTUCKY,MARSHALL,32
CENSUS,MARYLAND,CALVERT,32
CENSUS,MICHIGAN,EMMET,32
CENSUS,MISSISSIPPI,MONROE,32
CENSUS,MISSISSIPPI,QUITMAN,32
CENSUS,NEBRASKA,LOUP,32
CENSUS,NEW JERSEY,MONMOUTH,32
CENSUS,NORTH CAROLINA,EDGECOMBE,32
CENSUS,NORTH CAROLINA,CASWELL,32
CENSUS,PENNSYLVANIA,SUSQUEHANNA,32
CENSUS,SOUTH CAROLINA,NEWBERRY,32
CENSUS,TEXAS,DEAF SMITH,32
CENSUS,TEXAS,HARDEMAN,32
CENSUS,TEXAS,WHEELER,32
CENSUS,UTAH,SAN JUAN,32
CENSUS,VIRGINIA,MADISON,32
CENSUS,VIRGINIA,WASHINGTON,32
CENSUS,GEORGIA,SUMTER,31
CENSUS,MICHIGAN,OTSEGO,31
CENSUS,MICHIGAN,ANTRIM,31
CENSUS,MISSISSIPPI,PANOLA,31
CENSUS,NEBRASKA,LOGAN,31
CENSUS,NORTH CAROLINA,GATES,31
CENSUS,NORTH CAROLINA,WILKES,31
CENSUS,NORTH CAROLINA,MOORE,31
CENSUS,OHIO,BELMONT,31
CENSUS,OKLAHOMA,WAGONER,31
CENSUS,SOUTH CAROLINA,BARNWELL,31
CENSUS,TENNESSEE,CANNON,31
CENSUS,TENNESSEE,BLEDSOE,31
CENSUS,TENNESSEE,CUMBERLAND,31
CENSUS,TENNESSEE,DICKSON,31
CENSUS,TEXAS,ATASCOSA,31
CENSUS,UTAH,SEVIER,31
CENSUS,UTAH,TOOELE,31
CENSUS,VERMONT,ADDISON,31
CENSUS,VIRGINIA,SURRY,31
CENSUS,WEST VIRGINIA,GREENBRIER,31
CENSUS,ALABAMA,CRENSHAW,30
CENSUS,FLORIDA,HOLMES,30
CENSUS,IDAHO,LEWIS,30
CENSUS,IDAHO,BLAINE,30
CENSUS,ILLINOIS,ALEXANDER,30
CENSUS,MAINE,PENOBSCOT,30
CENSUS,MISSOURI,ST FRANCOIS,30
CENSUS,NORTH CAROLINA,JONES,30
CENSUS,NORTH CAROLINA,TYRRELL,30
CENSUS,NORTH CAROLINA,PERSON,30
CENSUS,OKLAHOMA,LOVE,30
CENSUS,PENNSYLVANIA,WYOMING,30
CENSUS,TENNESSEE,BENTON,30
CENSUS,TEXAS,TAYLOR,30
CENSUS,TEXAS,BRAZORIA,30
CENSUS,VIRGINIA,APPOMATTOX,30
CENSUS,VIRGINIA,SUSSEX,30
CENSUS,WEST VIRGINIA,HAMPSHIRE,30
CENSUS,ALABAMA,MARSHALL,29
CENSUS,ALABAMA,MORGAN,29
CENSUS,CALIFORNIA,TEHAMA,29
CENSUS,CALIFORNIA,RIVERSIDE,29
CENSUS,KANSAS,STEVENS,29
CENSUS,KENTUCKY,FULTON,29
CENSUS,MICHIGAN,OAKLAND,29
CENSUS,MISSISSIPPI,LOWNDES,29
CENSUS,MONTANA,PETROLEUM,29
CENSUS,NEVADA,HUMBOLDT,29
CENSUS,NEW MEXICO,CURRY,29
CENSUS,NORTH CAROLINA,PASQUOTANK,29
CENSUS,NORTH CAROLINA,VANCE,29
CENSUS,NORTH CAROLINA,ANSON,29
CENSUS,OHIO,ATHENS,29
CENSUS,OKLAHOMA,POTTAWATOMIE,29
CENSUS,OKLAHOMA,HUGHES,29
CENSUS,SOUTH CAROLINA,RICHLAND,29
CENSUS,TENNESSEE,CLAIBORNE,29
CENSUS,TENNESSEE,JEFFERSON,29
CENSUS,TEXAS,ERATH,29
CENSUS,TEXAS,ZAVALA,29
CENSUS,UTAH,WEBER,29
CENSUS,VIRGINIA,SCOTT,29
CENSUS,CALIFORNIA,SONOMA,28
CENSUS,COLORADO,BOULDER,28
CENSUS,GEORGIA,TIFT,28
CENSUS,GEORGIA,TOOMBS,28
CENSUS,LOUISIANA,MOREHOUSE,28
CENSUS,MARYLAND,CHARLES,28
CENSUS,MICHIGAN,IOSCO,28
CENSUS,MISSISSIPPI,HUMPHREYS,28
CENSUS,NEW YORK,SARATOGA,28
CENSUS,NEW YORK,SCHOHARIE,28
CENSUS,NORTH CAROLINA,FORSYTH,28
CENSUS,TEXAS,KAUFMAN,28
CENSUS,TEXAS,BOWIE,28
CENSUS,TEXAS,ROBERTSON,28
CENSUS,TEXAS,HIDALGO,28
CENSUS,VIRGINIA,NORTHUMBERLAND,28
CENSUS,VIRGINIA,WESTMORELAND,28
CENSUS,WEST VIRGINIA,PENDLETON,28
CENSUS,WYOMING,WESTON,28
CENSUS,ALABAMA,DALLAS,27
CENSUS,ARKANSAS,DESHA,27
CENSUS,CALIFORNIA,KERN,27
CENSUS,FLORIDA,SANTA ROSA,27
CENSUS,KANSAS,CHAUTAUQUA,27
CENSUS,KENTUCKY,MERCER,27
CENSUS,LOUISIANA,RAPIDES,27
CENSUS,MARYLAND,DORCHESTER,27
CENSUS,MISSOURI,DALLAS,27
CENSUS,NEW YORK,ALBANY,27
CENSUS,NEW YORK,TIOGA,27
CENSUS,OKLAHOMA,MCINTOSH,27
CENSUS,OKLAHOMA,SEQUOYAH,27
CENSUS,PENNSYLVANIA,WARREN,27
CENSUS,SOUTH CAROLINA,LAURENS,27
CENSUS,TENNESSEE,GRAINGER,27
CENSUS,TENNESSEE,HAWKINS,27
CENSUS,TEXAS,CONCHO,27
CENSUS,TEXAS,TOM GREEN,27
CENSUS,TEXAS,LEE,27
CENSUS,VIRGINIA,NOTTOWAY,27
CENSUS,ALABAMA,AUTAUGA,26
CENSUS,ALABAMA,COVINGTON,26
CENSUS,ARKANSAS,INDEPENDENCE,26
CENSUS,CALIFORNIA,TULARE,26
CENSUS,CALIFORNIA,SAN BERNARDINO,26
CENSUS,DELAWARE,NEW CASTLE,26
CENSUS,FLORIDA,SUWANNEE,26
CENSUS,GEORGIA,JOHNSON,26
CENSUS,GEORGIA,BAKER,26
CENSUS,KENTUCKY,JESSAMINE,26
CENSUS,KENTUCKY,WOODFORD,26
CENSUS,KENTUCKY,TRIMBLE,26
CENSUS,LOUISIANA,RICHLAND,26
CENSUS,MICHIGAN,LEELANAU,26
CENSUS,MICHIGAN,WEXFORD,26
CENSUS,MISSISSIPPI,HOLMES,26
CENSUS,MISSISSIPPI,TUNICA,26
CENSUS,NORTH CAROLINA,WILSON,26
CENSUS,NORTH CAROLINA,ORANGE,26
CENSUS,NORTH CAROLINA,WARREN,26
CENSUS,OKLAHOMA,PITTSBURG,26
CENSUS,TEXAS,WALLER,26
CENSUS,TEXAS,SAN SABA,26
CENSUS,TEXAS,RANDALL,26
CENSUS,VIRGINIA,BEDFORD,26
CENSUS,VIRGINIA,SPOTSYLVANIA,26
CENSUS,VIRGINIA,FREDERICK,26
CENSUS,VIRGINIA,LOUDOUN,26
CENSUS,VIRGINIA,DINWIDDIE,26
CENSUS,GEORGIA,DECATUR,25
CENSUS,IDAHO,BENEWAH,25
CENSUS,INDIANA,FLOYD,25
CENSUS,KENTUCKY,BRACKEN,25
CENSUS,KENTUCKY,GRANT,25
CENSUS,LOUISIANA,ALLEN,25
CENSUS,MISSISSIPPI,SHARKEY,25
CENSUS,MISSISSIPPI,PONTOTOC,25
CENSUS,MISSOURI,CEDAR,25
CENSUS,NEW MEXICO,ROOSEVELT,25
CENSUS,NORTH CAROLINA,CALDWELL,25
CENSUS,TENNESSEE,HAMBLEN,25
CENSUS,TEXAS,ELLIS,25
CENSUS,TEXAS,FRIO,25
CENSUS,WASHINGTON,LEWIS,25
CENSUS,ALABAMA,MONROE,24
CENSUS,FLORIDA,WALTON,24
CENSUS,GEORGIA,GORDON,24
CENSUS,GEORGIA,COOK,24
CENSUS,KENTUCKY,OLDHAM,24
CENSUS,LOUISIANA,CONCORDIA,24
CENSUS,MICHIGAN,OSCODA,24
CENSUS,MICHIGAN,CHARLEVOIX,24
CENSUS,MISSISSIPPI,TATE,24
CENSUS,MISSOURI,CRAWFORD,24
CENSUS,MONTANA,MISSOULA,24
CENSUS,MONTANA,SANDERS,24
CENSUS,NEW YORK,DELAWARE,24
CENSUS,NORTH CAROLINA,CHOWAN,24
CENSUS,NORTH CAROLINA,GRANVILLE,24
CENSUS,OHIO,LAWRENCE,24
CENSUS,OREGON,LANE,24
CENSUS,TENNESSEE,CLAY,24
CENSUS,TENNESSEE,MCMINN,24
CENSUS,TEXAS,RED RIVER,24
CENSUS,TEXAS,CASTRO,24
CENSUS,TEXAS,PARMER,24
CENSUS,TEXAS,BASTROP,24
CENSUS,TEXAS,TRAVIS,24
CENSUS,TEXAS,WILSON,24
CENSUS,UTAH,DAVIS,24
CENSUS,VIRGINIA,ACCOMACK,24
CENSUS,VIRGINIA,LUNENBURG,24
CENSUS,VIRGINIA,WYTHE,24
CENSUS,WYOMING,HOT SPRINGS,24
CENSUS,ALABAMA,COLBERT,23
CENSUS,ALABAMA,TALLADEGA,23
CENSUS,CALIFORNIA,MONTEREY,23
CENSUS,COLORADO,LAS ANIMAS,23
CENSUS,GEORGIA,SEMINOLE,23
CENSUS,KENTUCKY,CLARK,23
CENSUS,LOUISIANA,POINTE COUPEE,23
CENSUS,LOUISIANA,CALCASIEU,23
CENSUS,MARYLAND,WICOMICO,23
CENSUS,MISSISSIPPI,MONTGOMERY,23
CENSUS,MISSISSIPPI,ALCORN,23
CENSUS,MISSISSIPPI,UNION,23
CENSUS,MISSISSIPPI,PEARL RIVER,23
CENSUS,MISSOURI,GREENE,23
CENSUS,MONTANA,MEAGHER,23
CENSUS,NEBRASKA,ARTHUR,23
CENSUS,NEW YORK,CHEMUNG,23
CENSUS,NORTH CAROLINA,STOKES,23
CENSUS,OKLAHOMA,CLEVELAND,23
CENSUS,TEXAS,KENDALL,23
CENSUS,TEXAS,CARSON,23
CENSUS,TEXAS,HANSFORD,23
CENSUS,UTAH,WAYNE,23
CENSUS,VIRGINIA,BUCKINGHAM,23
CENSUS,VIRGINIA,CAROLINE,23
CENSUS,VIRGINIA,ESSEX,23
CENSUS,VIRGINIA,CLARKE,23
CENSUS,VIRGINIA,PULASKI,23
CENSUS,WASHINGTON,SKAGIT,23
CENSUS,WYOMING,NATRONA,23
CENSUS,WYOMING,NIOBRARA,23
CENSUS,ALABAMA,MONTGOMERY,22
CENSUS,ALABAMA,TUSCALOOSA,22
CENSUS,CALIFORNIA,SAN LUIS OBISPO,22
CENSUS,COLORADO,GARFIELD,22
CENSUS,GEORGIA,BLECKLEY,22
CENSUS,GEORGIA,BACON,22
CENSUS,INDIANA,CRAWFORD,22
CENSUS,KENTUCKY,ESTILL,22
CENSUS,KENTUCKY,GREENUP,22
CENSUS,KENTUCKY,HANCOCK,22
CENSUS,MINNESOTA,CARLTON,22
CENSUS,MISSISSIPPI,PRENTISS,22
CENSUS,NEW JERSEY,SUSSEX,22
CENSUS,NEW JERSEY,CUMBERLAND,22
CENSUS,NORTH CAROLINA,PENDER,22
CENSUS,OKLAHOMA,ATOKA,22
CENSUS,OKLAHOMA,LEFLORE,22
CENSUS,SOUTH DAKOTA,OGLALA LAKOTA,22
CENSUS,TENNESSEE,MONROE,22
CENSUS,TEXAS,EASTLAND,22
CENSUS,TEXAS,KERR,22
CENSUS,TEXAS,LAVACA,22
CENSUS,VIRGINIA,PRINCE GEORGE,22
CENSUS,VIRGINIA,BOTETOURT,22
CENSUS,WYOMING,JOHNSON,22
CENSUS,ARKANSAS,DREW,21
CENSUS,CALIFORNIA,LASSEN,21
CENSUS,COLORADO,MOFFAT,21
CENSUS,FLORIDA,ALACHUA,21
CENSUS,GEORGIA,WASHINGTON,21
CENSUS,GEORGIA,WHEELER,21
CENSUS,GEORGIA,CANDLER,21
CENSUS,GEORGIA,EFFINGHAM,21
CENSUS,GEORGIA,EVANS,21
CENSUS,IDAHO,CUSTER,21
CENSUS,LOUISIANA,MADISON,21
CENSUS,MARYLAND,TALBOT,21
CENSUS,MISSOURI,HICKORY,21
CENSUS,MISSOURI,DENT,21
CENSUS,MISSOURI,TEXAS,21
CENSUS,NEW JERSEY,SOMERSET,21
CENSUS,NEW MEXICO,RIO ARRIBA,21
CENSUS,NEW YORK,SUFFOLK,21
CENSUS,NORTH CAROLINA,BRUNSWICK,21
CENSUS,NORTH CAROLINA,MONTGOMERY,21
CENSUS,OKLAHOMA,DELAWARE,21
CENSUS,OKLAHOMA,CHOCTAW,21
CENSUS,PENNSYLVANIA,WAYNE,21
CENSUS,TENNESSEE,SMITH,21
CENSUS,TENNESSEE,DECATUR,21
CENSUS,TENNESSEE,WAYNE,21
CENSUS,TEXAS,SHACKELFORD,21
CENSUS,TEXAS,HOUSTON,21
CENSUS,TEXAS,LAMPASAS,21
CENSUS,TEXAS,CALDWELL,21
CENSUS,TEXAS,HARRIS,21
CENSUS,VIRGINIA,ORANGE,21
CENSUS,WEST VIRGINIA,RANDOLPH,21
CENSUS,WISCONSIN,ASHLAND,21
CENSUS,ALABAMA,ESCAMBIA,20
CENSUS,ALABAMA,RUSSELL,20
CENSUS,ALASKA,FAIRBANKS NORTH STAR,20
CENSUS,GEORGIA,HART,20
CENSUS,GEORGIA,CRISP,20
CENSUS,GEORGIA,CALHOUN,20
CENSUS,GEORGIA,LEE,20
CENSUS,GEORGIA,TERRELL,20
CENSUS,INDIANA,SWITZERLAND,20
CENSUS,KENTUCKY,FAYETTE,20
CENSUS,KENTUCKY,CARTER,20
CENSUS,MICHIGAN,MANISTEE,20
CENSUS,MISSISSIPPI,RANKIN,20
CENSUS,MISSISSIPPI,LEE,20
CENSUS,MISSOURI,HOWELL,20
CENSUS,MONTANA,JEFFERSON,20
CENSUS,NEW JERSEY,MERCER,20
CENSUS,NEW JERSEY,MIDDLESEX,20
CENSUS,NEW YORK,CORTLAND,20
CENSUS,NEW YORK,CLINTON,20
CENSUS,NEW YORK,ORANGE,20
CENSUS,NEW YORK,ULSTER,20
CENSUS,OKLAHOMA,NOWATA,20
CENSUS,OKLAHOMA,JOHNSTON,20
CENSUS,OKLAHOMA,PONTOTOC,20
CENSUS,SOUTH CAROLINA,YORK,20
CENSUS,SOUTH CAROLINA,OCONEE,20
CENSUS,SOUTH CAROLINA,SPARTANBURG,20
CENSUS,TENNESSEE,LOUDON,20
CENSUS,TENNESSEE,POLK,20
CENSUS,TENNESSEE,CHESTER,20
CENSUS,TEXAS,HENDERSON,20
CENSUS,TEXAS,ARMSTRONG,20
CENSUS,TEXAS,HARTLEY,20
CENSUS,TEXAS,SHERMAN,20
CENSUS,TEXAS,CALHOUN,20
CENSUS,TEXAS,CHAMBERS,20
CENSUS,UTAH,RICH,20
CENSUS,VIRGINIA,SMYTH,20
CENSUS,WASHINGTON,SNOHOMISH,20
CENSUS,WEST VIRGINIA,JACKSON,20
CENSUS,WISCONSIN,PRICE,20
CENSUS,ALABAMA,PERRY,19
CENSUS,ALABAMA,MOBILE,19
CENSUS,ALABAMA,WASHINGTON,19
CENSUS,ALABAMA,CLEBURNE,19
CENSUS,CALIFORNIA,COLUSA,19
CENSUS,CALIFORNIA,IMPERIAL,19
CENSUS,CONNECTICUT,HARTFORD,19
CENSUS,FLORIDA,ESCAMBIA,19
CENSUS,GEORGIA,WALKER,19
CENSUS,GEORGIA,MACON,19
CENSUS,KENTUCKY,GARRARD,19
CENSUS,MARYLAND,MONTGOMERY,19
CENSUS,MARYLAND,ANNE ARUNDEL,19
CENSUS,MARYLAND,PRINCE GEORGES,19
CENSUS,MICHIGAN,MONTMORENCY,19
CENSUS,MICHIGAN,DICKINSON,19
CENSUS,MISSOURI,OREGON,19
CENSUS,MISSOURI,WRIGHT,19
CENSUS,NEW MEXICO,UNION,19
CENSUS,NORTH CAROLINA,CRAVEN,19
CENSUS,NORTH CAROLINA,LEE,19
CENSUS,OKLAHOMA,WASHINGTON,19
CENSUS,OREGON,BENTON,19
CENSUS,SOUTH DAKOTA,LAWRENCE,19
CENSUS,TENNESSEE,TROUSDALE,19
CENSUS,TEXAS,WASHINGTON,19
CENSUS,TEXAS,FORT BEND,19
CENSUS,VIRGINIA,CHESAPEAKE CITY,19
CENSUS,WEST VIRGINIA,MINERAL,19
CENSUS,ARIZONA,NAVAJO,18
CENSUS,FLORIDA,MARION,18
CENSUS,GEORGIA,BRANTLEY,18
CENSUS,GEORGIA,RANDOLPH,18
CENSUS,IDAHO,CAMAS,18
CENSUS,KENTUCKY,FRANKLIN,18
CENSUS,MICHIGAN,ALCONA,18
CENSUS,MICHIGAN,CHEBOYGAN,18
CENSUS,MISSISSIPPI,CHICKASAW,18
CENSUS,MISSOURI,MADISON,18
CENSUS,NEBRASKA,BLAINE,18
CENSUS,NEW JERSEY,GLOUCESTER,18
CENSUS,NORTH CAROLINA,PAMLICO,18
CENSUS,NORTH CAROLINA,HERTFORD,18
CENSUS,OKLAHOMA,OKFUSKEE,18
CENSUS,TENNESSEE,CROCKETT,18
CENSUS,TENNESSEE,HOUSTON,18
CENSUS,TEXAS,WOOD,18
CENSUS,TEXAS,STONEWALL,18
CENSUS,UTAH,MORGAN,18
CENSUS,VIRGINIA,KING WILLIAM,18
CENSUS,VIRGINIA,PATRICK,18
CENSUS,WASHINGTON,WHATCOM,18
CENSUS,ALABAMA,BULLOCK,17
CENSUS,ARKANSAS,CONWAY,17
CENSUS,ARKANSAS,PULASKI,17
CENSUS,ARKANSAS,LITTLE RIVER,17
CENSUS,FLORIDA,HILLSBOROUGH,17
CENSUS,FLORIDA,COLUMBIA,17
CENSUS,GEORGIA,ELBERT,17
CENSUS,GEORGIA,MURRAY,17
CENSUS,GEORGIA,BEN HILL,17
CENSUS,GEORGIA,TURNER,17
CENSUS,KENTUCKY,CLINTON,17
CENSUS,KENTUCKY,WHITLEY,17
CENSUS,KENTUCKY,CARROLL,17
CENSUS,KENTUCKY,OWEN,17
CENSUS,KENTUCKY,LYON,17
CENSUS,LOUISIANA,CADDO,17
CENSUS,MASSACHUSETTS,BERKSHIRE,17
CENSUS,MICHIGAN,MISSAUKEE,17
CENSUS,MISSISSIPPI,WINSTON,17
CENSUS,MISSOURI,WAYNE,17
CENSUS,MISSOURI,MCDONALD,17
CENSUS,MONTANA,POWELL,17
CENSUS,NEW MEXICO,TAOS,17
CENSUS,NORTH CAROLINA,ALEXANDER,17
CENSUS,NORTH CAROLINA,HOKE,17
CENSUS,NORTH CAROLINA,SCOTLAND,17
CENSUS,OHIO,NOBLE,17
CENSUS,OKLAHOMA,CREEK,17
CENSUS,OKLAHOMA,MARSHALL,17
CENSUS,OREGON,HARNEY,17
CENSUS,PENNSYLVANIA,SULLIVAN,17
CENSUS,SOUTH CAROLINA,KERSHAW,17
CENSUS,TENNESSEE,DE KALB,17
CENSUS,TENNESSEE,STEWART,17
CENSUS,TEXAS,LIMESTONE,17
CENSUS,TEXAS,JACK,17
CENSUS,TEXAS,HEMPHILL,17
CENSUS,TEXAS,BURLESON,17
CENSUS,TEXAS,LUBBOCK,17
CENSUS,VERMONT,RUTLAND,17
CENSUS,VIRGINIA,CUMBERLAND,17
CENSUS,VIRGINIA,PRINCE WILLIAM,17
CENSUS,VIRGINIA,ROCKBRIDGE,17
CENSUS,WEST VIRGINIA,MONONGALIA,17
CENSUS,WISCONSIN,SAWYER,17
CENSUS,ALABAMA,CONECUH,16
CENSUS,COLORADO,EL PASO,16
CENSUS,COLORADO,MONTEZUMA,16
CENSUS,CONNECTICUT,LITCHFIELD,16
CENSUS,GEORGIA,DOOLY,16
CENSUS,KENTUCKY,LEWIS,16
CENSUS,KENTUCKY,CAMPBELL,16
CENSUS,LOUISIANA,WEST CARROLL,16
CENSUS,LOUISIANA,NATCHITOCHES,16
CENSUS,MARYLAND,ALLEGANY,16
CENSUS,MASSACHUSETTS,HAMPDEN,16
CENSUS,MICHIGAN,BARAGA,16
CENSUS,NEVADA,ELKO,16
CENSUS,NORTH CAROLINA,DAVIE,16
CENSUS,NORTH CAROLINA,CAMDEN,16
CENSUS,OHIO,VINTON,16
CENSUS,SOUTH CAROLINA,ABBEVILLE,16
CENSUS,SOUTH CAROLINA,SALUDA,16
CENSUS,TENNESSEE,FENTRESS,16
CENSUS,TENNESSEE,MARION,16
CENSUS,TENNESSEE,PUTNAM,16
CENSUS,TENNESSEE,LAKE,16
CENSUS,TENNESSEE,BRADLEY,16
CENSUS,TEXAS,EDWARDS,16
CENSUS,TEXAS,LIPSCOMB,16
CENSUS,TEXAS,CHILDRESS,16
CENSUS,TEXAS,COLLINGSWORTH,16
CENSUS,TEXAS,COLORADO,16
CENSUS,TEXAS,GOLIAD,16
CENSUS,TEXAS,MATAGORDA,16
CENSUS,UTAH,SALT LAKE,16
CENSUS,VIRGINIA,GREENSVILLE,16
CENSUS,WEST VIRGINIA,GRANT,16
CENSUS,ALABAMA,LEE,15
CENSUS,CALIFORNIA,MODOC,15
CENSUS,CALIFORNIA,SACRAMENTO,15
CENSUS,CALIFORNIA,YOLO,15
CENSUS,CALIFORNIA,FRESNO,15
CENSUS,COLORADO,DOLORES,15
CENSUS,FLORIDA,WASHINGTON,15
CENSUS,GEORGIA,JENKINS,15
CENSUS,GEORGIA,WALTON,15
CENSUS,GEORGIA,COWETA,15
CENSUS,ILLINOIS,COOK,15
CENSUS,KENTUCKY,WOLFE,15
CENSUS,KENTUCKY,PENDLETON,15
CENSUS,LOUISIANA,FRANKLIN,15
CENSUS,MARYLAND,HOWARD,15
CENSUS,MICHIGAN,HOUGHTON,15
CENSUS,MICHIGAN,ONTONAGON,15
CENSUS,MISSISSIPPI,DE SOTO,15
CENSUS,MISSOURI,ST LOUIS,15
CENSUS,NEVADA,CHURCHILL,15
CENSUS,NEVADA,LYON,15
CENSUS,NEW JERSEY,MORRIS,15
CENSUS,NEW MEXICO,TORRANCE,15
CENSUS,OHIO,SUMMIT,15
CENSUS,OKLAHOMA,HASKELL,15
CENSUS,OKLAHOMA,PUSHMATAHA,15
CENSUS,SOUTH CAROLINA,GREENVILLE,15
CENSUS,TENNESSEE,PICKETT,15
CENSUS,TENNESSEE,SEQUATCHIE,15
CENSUS,TEXAS,NAVARRO,15
CENSUS,TEXAS,SAN PATRICIO,15
CENSUS,TEXAS,GONZALES,15
CENSUS,TEXAS,NOLAN,15
CENSUS,UTAH,WASHINGTON,15
CENSUS,VIRGINIA,FLUVANNA,15
CENSUS,VIRGINIA,PRINCE EDWARD,15
CENSUS,VIRGINIA,CHARLES CITY,15
CENSUS,VIRGINIA,GLOUCESTER,15
CENSUS,WASHINGTON,COLUMBIA,15
CENSUS,WASHINGTON,CLARK,15
CENSUS,WASHINGTON,KING,15
CENSUS,WEST VIRGINIA,POCAHONTAS,15
CENSUS,ALABAMA,BLOUNT,14
CENSUS,ALABAMA,CALHOUN,14
CENSUS,ALABAMA,FRANKLIN,14
CENSUS,CALIFORNIA,SHASTA,14
CENSUS,CALIFORNIA,LOS ANGELES,14
CENSUS,IDAHO,VALLEY,14
CENSUS,KENTUCKY,ELLIOTT,14
CENSUS,LOUISIANA,BEAUREGARD,14
CENSUS,MASSACHUSETTS,FRANKLIN,14
CENSUS,MICHIGAN,BENZIE,14
CENSUS,MISSISSIPPI,ISSAQUENA,14
CENSUS,MISSISSIPPI,BENTON,14
CENSUS,MISSISSIPPI,MARSHALL,14
CENSUS,MISSISSIPPI,ITAWAMBA,14
CENSUS,MISSISSIPPI,COVINGTON,14
CENSUS,MISSISSIPPI,JONES,14
CENSUS,MISSISSIPPI,HINDS,14
CENSUS,NORTH CAROLINA,HAYWOOD,14
CENSUS,NORTH CAROLINA,RUTHERFORD,14
CENSUS,OHIO,HOCKING,14
CENSUS,OKLAHOMA,CARTER,14
CENSUS,OKLAHOMA,MCCURTAIN,14
CENSUS,OREGON,JACKSON,14
CENSUS,PENNSYLVANIA,GREENE,14
CENSUS,TENNESSEE,RHEA,14
CENSUS,TEXAS,DELTA,14
CENSUS,TEXAS,HOPKINS,14
CENSUS,TEXAS,GRIMES,14
CENSUS,TEXAS,SCHLEICHER,14
CENSUS,TEXAS,VAL VERDE,14
CENSUS,TEXAS,HALE,14
CENSUS,TEXAS,FOARD,14
CENSUS,TEXAS,KARNES,14
CENSUS,TEXAS,GALVESTON,14
CENSUS,TEXAS,JEFFERSON,14
CENSUS,VIRGINIA,RICHMOND,14
CENSUS,WYOMING,SWEETWATER,14
CENSUS,ALABAMA,LOWNDES,13
CENSUS,ALABAMA,WALKER,13
CENSUS,ARIZONA,PIMA,13
CENSUS,CALIFORNIA,MENDOCINO,13
CENSUS,CALIFORNIA,SUTTER,13
CENSUS,COLORADO,DOUGLAS,13
CENSUS,FLORIDA,LEVY,13
CENSUS,FLORIDA,HAMILTON,13
CENSUS,FLORIDA,JEFFERSON,13
CENSUS,GEORGIA,TWIGGS,13
CENSUS,IDAHO,CLARK,13
CENSUS,INDIANA,MARION,13
CENSUS,LOUISIANA,TENSAS,13
CENSUS,MISSISSIPPI,SIMPSON,13
CENSUS,MISSOURI,RIPLEY,13
CENSUS,MONTANA,GRANITE,13
CENSUS,NORTH CAROLINA,ASHE,13
CENSUS,NORTH CAROLINA,WATAUGA,13
CENSUS,NORTH CAROLINA,GASTON,13
CENSUS,NORTH CAROLINA,RICHMOND,13
CENSUS,PENNSYLVANIA,MCKEAN,13
CENSUS,SOUTH CAROLINA,GEORGETOWN,13
CENSUS,SOUTH CAROLINA,LANCASTER,13
CENSUS,SOUTH CAROLINA,ALLENDALE,13
CENSUS,TEXAS,UPSHUR,13
CENSUS,TEXAS,FREESTONE,13
CENSUS,TEXAS,LEON,13
CENSUS,TEXAS,MONTGOMERY,13
CENSUS,TEXAS,SAN JACINTO,13
CENSUS,TEXAS,COKE,13
CENSUS,TEXAS,GRAY,13
CENSUS,TEXAS,HUTCHINSON,13
CENSUS,TEXAS,SWISHER,13
CENSUS,TEXAS,COTTLE,13
CENSUS,TEXAS,YOAKUM,13
CENSUS,TEXAS,MITCHELL,13
CENSUS,UTAH,CARBON,13
CENSUS,VIRGINIA,CHESTERFIELD,13
CENSUS,WEST VIRGINIA,WAYNE,13
CENSUS,WISCONSIN,FOREST,13
CENSUS,WISCONSIN,DOUGLAS,13
CENSUS,ALABAMA,HALE,12
CENSUS,ALABAMA,SUMTER,12
CENSUS,ALABAMA,MARION,12
CENSUS,ALABAMA,CHILTON,12
CENSUS,ARKANSAS,CARROLL,12
CENSUS,ARKANSAS,YELL,12
CENSUS,FLORIDA,PALM BEACH,12
CENSUS,GEORGIA,OCONEE,12
CENSUS,GEORGIA,FLOYD,12
CENSUS,GEORGIA,CLAY,12
CENSUS,IDAHO,BONNER,12
CENSUS,KENTUCKY,ANDERSON,12
CENSUS,KENTUCKY,JOHNSON,12
CENSUS,KENTUCKY,MORGAN,12
CENSUS,KENTUCKY,ROWAN,12
CENSUS,KENTUCKY,KENTON,12
CENSUS,MAINE,YORK,12
CENSUS,MISSISSIPPI,CARROLL,12
CENSUS,MISSISSIPPI,YALOBUSHA,12
CENSUS,MISSOURI,DOUGLAS,12
CENSUS,OHIO,LAKE,12
CENSUS,PENNSYLVANIA,LACKAWANNA,12
CENSUS,SOUTH CAROLINA,BEAUFORT,12
CENSUS,TENNESSEE,VAN BUREN,12
CENSUS,TEXAS,HOOD,12
CENSUS,TEXAS,PALO PINTO,12
CENSUS,TEXAS,STEPHENS,12
CENSUS,TEXAS,BRAZOS,12
CENSUS,TEXAS,KIMBLE,12
CENSUS,TEXAS,POTTER,12
CENSUS,TEXAS,DE WITT,12
CENSUS,TEXAS,FISHER,12
CENSUS,VIRGINIA,ALBEMARLE,12
CENSUS,VIRGINIA,CRAIG,12
CENSUS,WEST VIRGINIA,MORGAN,12
CENSUS,WEST VIRGINIA,BARBOUR,12
CENSUS,WEST VIRGINIA,TYLER,12
CENSUS,ALABAMA,LAMAR,11
CENSUS,CALIFORNIA,NEVADA,11
CENSUS,CALIFORNIA,PLACER,11
CENSUS,CONNECTICUT,TOLLAND,11
CENSUS,FLORIDA,LEON,11
CENSUS,GEORGIA,HOUSTON,11
CENSUS,GEORGIA,NEWTON,11
CENSUS,GEORGIA,PEACH,11
CENSUS,GEORGIA,UNION,11
CENSUS,GEORGIA,MADISON,11
CENSUS,GEORGIA,PIKE,11
CENSUS,IDAHO,CLEARWATER,11
CENSUS,KENTUCKY,CUMBERLAND,11
CENSUS,KENTUCKY,BOYD,11
CENSUS,LOUISIANA,CATAHOULA,11
CENSUS,MASSACHUSETTS,HAMPSHIRE,11
CENSUS,MASSACHUSETTS,WORCESTER,11
CENSUS,MISSISSIPPI,CLAY,11
CENSUS,MISSISSIPPI,JACKSON,11
CENSUS,MISSOURI,PHELPS,11
CENSUS,NEBRASKA,MCPHERSON,11
CENSUS,NEBRASKA,THOMAS,11
CENSUS,NEW MEXICO,SAN JUAN,11
CENSUS,NEW YORK,ESSEX,11
CENSUS,NEW YORK,GREENE,11
CENSUS,NORTH CAROLINA,BUNCOMBE,11
CENSUS,OKLAHOMA,LATIMER,11
CENSUS,RHODE ISLAND,WASHINGTON,11
CENSUS,TENNESSEE,CAMPBELL,11
CENSUS,TENNESSEE,JOHNSON,11
CENSUS,TEXAS,ANDERSON,11
CENSUS,TEXAS,CASS,11
CENSUS,TEXAS,JIM WELLS,11
CENSUS,TEXAS,VICTORIA,11
CENSUS,VERMONT,CHITTENDEN,11
CENSUS,VIRGINIA,GOOCHLAND,11
CENSUS,VIRGINIA,KING AND QUEEN,11
CENSUS,VIRGINIA,MIDDLESEX,11
CENSUS,VIRGINIA,STAFFORD,11
CENSUS,VIRGINIA,CARROLL,11
CENSUS,VIRGINIA,MONTGOMERY,11
CENSUS,VIRGINIA,TAZEWELL,11
CENSUS,WASHINGTON,THURSTON,11
CENSUS,WEST VIRGINIA,RITCHIE,11
CENSUS,WEST VIRGINIA,WIRT,11
CENSUS,WYOMING,CARBON,11
CENSUS,ALABAMA,ELMORE,10
CENSUS,ALABAMA,MACON,10
CENSUS,ALABAMA,CLARKE,10
CENSUS,ALABAMA,FAYETTE,10
CENSUS,ARIZONA,YAVAPAI,10
CENSUS,ARKANSAS,BENTON,10
CENSUS,CALIFORNIA,SOLANO,10
CENSUS,CALIFORNIA,YUBA,10
CENSUS,CALIFORNIA,SAN JOAQUIN,10
CENSUS,COLORADO,ROUTT,10
CENSUS,FLORIDA,PASCO,10
CENSUS,FLORIDA,GADSDEN,10
CENSUS,GEORGIA,TREUTLEN,10
CENSUS,GEORGIA,POLK,10
CENSUS,GEORGIA,WEBSTER,10
CENSUS,GEORGIA,HENRY,10
CENSUS,KENTUCKY,ROBERTSON,10
CENSUS,KENTUCKY,BREATHITT,10
CENSUS,KENTUCKY,JACKSON,10
CENSUS,KENTUCKY,MAGOFFIN,10
CENSUS,KENTUCKY,MENIFEE,10
CENSUS,MICHIGAN,WAYNE,10
CENSUS,MISSISSIPPI,KEMPER,10
CENSUS,MISSISSIPPI,GEORGE,10
CENSUS,MISSOURI,PULASKI,10
CENSUS,NEW MEXICO,HIDALGO,10
CENSUS,NORTH CAROLINA,CARTERET,10
CENSUS,NORTH CAROLINA,CURRITUCK,10
CENSUS,NORTH CAROLINA,TRANSYLVANIA,10
CENSUS,OHIO,HAMILTON,10
CENSUS,OKLAHOMA,SEMINOLE,10
CENSUS,OKLAHOMA,COAL,10
CENSUS,OKLAHOMA,MURRAY,10
CENSUS,OREGON,DOUGLAS,10
CENSUS,SOUTH CAROLINA,CHESTER,10
CENSUS,SOUTH CAROLINA,CHARLESTON,10
CENSUS,TENNESSEE,GRUNDY,10
CENSUS,TENNESSEE,CARTER,10
CENSUS,TENNESSEE,MEIGS,10
CENSUS,TENNESSEE,SEVIER,10
CENSUS,TENNESSEE,PERRY,10
CENSUS,TEXAS,TARRANT,10
CENSUS,TEXAS,HARRISON,10
CENSUS,TEXAS,PANOLA,10
CENSUS,TEXAS,MENARD,10
CENSUS,UTAH,BEAVER,10
CENSUS,VERMONT,WASHINGTON,10
CENSUS,VIRGINIA,NEW KENT,10
CENSUS,VIRGINIA,WARREN,10
CENSUS,VIRGINIA,HENRY,10
CENSUS,WEST VIRGINIA,MARION,10
CENSUS,WEST VIRGINIA,CABELL,10
CENSUS,WEST VIRGINIA,PUTNAM,10
CENSUS,ALABAMA,ETOWAH,9
CENSUS,ARKANSAS,FAULKNER,9
CENSUS,ARKANSAS,CLEBURNE,9
CENSUS,ARKANSAS,ASHLEY,9
CENSUS,ARKANSAS,MILLER,9
CENSUS,ARKANSAS,CRAWFORD,9
CENSUS,CONNECTICUT,NEW LONDON,9
CENSUS,FLORIDA,LAKE,9
CENSUS,FLORIDA,DIXIE,9
CENSUS,FLORIDA,MIAMI-DADE,9
CENSUS,FLORIDA,OKEECHOBEE,9
CENSUS,GEORGIA,FANNIN,9
CENSUS,GEORGIA,JACKSON,9
CENSUS,GEORGIA,WHITE,9
CENSUS,GEORGIA,HABERSHAM,9
CENSUS,GEORGIA,CHATTOOGA,9
CENSUS,GEORGIA,LANIER,9
CENSUS,GEORGIA,LONG,9
CENSUS,GEORGIA,TAYLOR,9
CENSUS,KENTUCKY,JEFFERSON,9
CENSUS,KENTUCKY,KNOX,9
CENSUS,MAINE,SOMERSET,9
CENSUS,MAINE,LINCOLN,9
CENSUS,MASSACHUSETTS,BRISTOL,9
CENSUS,MASSACHUSETTS,PLYMOUTH,9
CENSUS,MICHIGAN,ROSCOMMON,9
CENSUS,MICHIGAN,MARQUETTE,9
CENSUS,MICHIGAN,LAKE,9
CENSUS,MISSISSIPPI,ATTALA,9
CENSUS,MISSISSIPPI,WEBSTER,9
CENSUS,MISSISSIPPI,TISHOMINGO,9
CENSUS,MISSISSIPPI,MARION,9
CENSUS,MISSOURI,CAMDEN,9
CENSUS,MISSOURI,CHRISTIAN,9
CENSUS,NEVADA,EUREKA,9
CENSUS,NEVADA,CLARK,9
CENSUS,NEW MEXICO,BERNALILLO,9
CENSUS,NEW MEXICO,DONA ANA,9
CENSUS,NORTH CAROLINA,BURKE,9
CENSUS,NORTH CAROLINA,HENDERSON,9
CENSUS,SOUTH CAROLINA,CHEROKEE,9
CENSUS,SOUTH CAROLINA,EDGEFIELD,9
CENSUS,TENNESSEE,MORGAN,9
CENSUS,TENNESSEE,SCOTT,9
CENSUS,TENNESSEE,COCKE,9
CENSUS,TENNESSEE,CHEATHAM,9
CENSUS,TEXAS,NUECES,9
CENSUS,TEXAS,MONTAGUE,9
CENSUS,TEXAS,TITUS,9
CENSUS,TEXAS,JASPER,9
CENSUS,TEXAS,BANDERA,9
CENSUS,TEXAS,BLANCO,9
CENSUS,TEXAS,BURNET,9
CENSUS,TEXAS,MASON,9
CENSUS,TEXAS,HAYS,9
CENSUS,TEXAS,LA SALLE,9
CENSUS,TEXAS,HOCKLEY,9
CENSUS,TEXAS,TERRY,9
CENSUS,VIRGINIA,HENRICO,9
CENSUS,VIRGINIA,KING GEORGE,9
CENSUS,WASHINGTON,GRAYS HARBOR,9
CENSUS,WASHINGTON,PIERCE,9
CENSUS,WASHINGTON,SAN JUAN,9
CENSUS,WEST VIRGINIA,TUCKER,9
CENSUS,WEST VIRGINIA,MARSHALL,9
CENSUS,WEST VIRGINIA,BRAXTON,9
CENSUS,WISCONSIN,ONEIDA,9
CENSUS,ALABAMA,SAINT CLAIR,8
CENSUS,ALABAMA,CHAMBERS,8
CENSUS,ALABAMA,CLAY,8
CENSUS,CALIFORNIA,MERCED,8
CENSUS,COLORADO,RIO BLANCO,8
CENSUS,FLORIDA,OKALOOSA,8
CENSUS,GEORGIA,BANKS,8
CENSUS,GEORGIA,FRANKLIN,8
CENSUS,GEORGIA,RABUN,8
CENSUS,ILLINOIS,HARDIN,8
CENSUS,INDIANA,OHIO,8
CENSUS,KENTUCKY,POWELL,8
CENSUS,LOUISIANA,WASHINGTON,8
CENSUS,LOUISIANA,RED RIVER,8
CENSUS,MAINE,HANCOCK,8
CENSUS,MAINE,FRANKLIN,8
CENSUS,MAINE,KENNEBEC,8
CENSUS,MICHIGAN,GOGEBIC,8
CENSUS,MISSISSIPPI,SCOTT,8
CENSUS,MISSISSIPPI,LAFAYETTE,8
CENSUS,MISSISSIPPI,PIKE,8
CENSUS,MISSOURI,OZARK,8
CENSUS,NEVADA,LINCOLN,8
CENSUS,OREGON,LAKE,8
CENSUS,TENNESSEE,JACKSON,8
CENSUS,TENNESSEE,SHELBY,8
CENSUS,TENNESSEE,ANDERSON,8
CENSUS,TENNESSEE,HAMILTON,8
CENSUS,TENNESSEE,HANCOCK,8
CENSUS,TENNESSEE,ROANE,8
CENSUS,TENNESSEE,SULLIVAN,8
CENSUS,TEXAS,WALKER,8
CENSUS,TEXAS,STARR,8
CENSUS,TEXAS,BRISCOE,8
CENSUS,TEXAS,MOORE,8
CENSUS,TEXAS,DONLEY,8
CENSUS,TEXAS,EL PASO,8
CENSUS,TEXAS,LIBERTY,8
CENSUS,UTAH,PIUTE,8
CENSUS,VERMONT,ORANGE,8
CENSUS,VIRGINIA,NELSON,8
CENSUS,WASHINGTON,FERRY,8
CENSUS,WASHINGTON,PEND OREILLE,8
CENSUS,WEST VIRGINIA,SUMMERS,8
CENSUS,ALABAMA,WILCOX,7
CENSUS,ALABAMA,RANDOLPH,7
CENSUS,ALABAMA,SHELBY,7
CENSUS,ARIZONA,GRAHAM,7
CENSUS,ARIZONA,GREENLEE,7
CENSUS,ARKANSAS,IZARD,7
CENSUS,ARKANSAS,VAN BUREN,7
CENSUS,ARKANSAS,LOGAN,7
CENSUS,CALIFORNIA,MARIN,7
CENSUS,CALIFORNIA,HUMBOLDT,7
CENSUS,CALIFORNIA,EL DORADO,7
CENSUS,CALIFORNIA,SAN DIEGO,7
CENSUS,CALIFORNIA,VENTURA,7
CENSUS,COLORADO,GUNNISON,7
CENSUS,CONNECTICUT,WINDHAM,7
CENSUS,FLORIDA,LAFAYETTE,7
CENSUS,GEORGIA,BIBB,7
CENSUS,GEORGIA,MORGAN,7
CENSUS,GEORGIA,RICHMOND,7
CENSUS,KENTUCKY,CLAY,7
CENSUS,KENTUCKY,OWSLEY,7
CENSUS,KENTUCKY,PERRY,7
CENSUS,LOUISIANA,GRANT,7
CENSUS,LOUISIANA,EAST FELICIANA,7
CENSUS,LOUISIANA,OUACHITA,7
CENSUS,LOUISIANA,IBERVILLE,7
CENSUS,MAINE,ANDROSCOGGIN,7
CENSUS,MASSACHUSETTS,ESSEX,7
CENSUS,MICHIGAN,IRON,7
CENSUS,MICHIGAN,MACKINAC,7
CENSUS,MICHIGAN,SCHOOLCRAFT,7
CENSUS,MISSISSIPPI,LEAKE,7
CENSUS,MISSISSIPPI,SMITH,7
CENSUS,MISSISSIPPI,GREENE,7
CENSUS,MISSISSIPPI,WAYNE,7
CENSUS,MISSISSIPPI,AMITE,7
CENSUS,MISSISSIPPI,CLAIBORNE,7
CENSUS,MISSISSIPPI,FRANKLIN,7
CENSUS,NEW HAMPSHIRE,STRAFFORD,7
CENSUS,NEW JERSEY,CAPE MAY,7
CENSUS,NEW YORK,SULLIVAN,7
CENSUS,NORTH CAROLINA,MECKLENBURG,7
CENSUS,NORTH CAROLINA,CLAY,7
CENSUS,NORTH CAROLINA,JACKSON,7
CENSUS,NORTH CAROLINA,MADISON,7
CENSUS,NORTH CAROLINA,POLK,7
CENSUS,RHODE ISLAND,KENT,7
CENSUS,RHODE ISLAND,PROVIDENCE,7
CENSUS,TEXAS,ROCKWALL,7
CENSUS,TEXAS,LLANO,7
CENSUS,TEXAS,AUSTIN,7
CENSUS,TEXAS,BEE,7
CENSUS,TEXAS,DIMMIT,7
CENSUS,TEXAS,MCMULLEN,7
CENSUS,TEXAS,PECOS,7
CENSUS,UTAH,SUMMIT,7
CENSUS,VERMONT,LAMOILLE,7
CENSUS,VIRGINIA,VIRGINIA BEACH CITY,7
CENSUS,WASHINGTON,CLALLAM,7
CENSUS,WEST VIRGINIA,BROOKE,7
CENSUS,WEST VIRGINIA,HARRISON,7
CENSUS,WEST VIRGINIA,ROANE,7
CENSUS,WYOMING,ALBANY,7
CENSUS,WYOMING,UINTA,7
CENSUS,ALABAMA,MARENGO,6
CENSUS,ALABAMA,TALLAPOOSA,6
CENSUS,ARKANSAS,CLARK,6
CENSUS,ARKANSAS,FRANKLIN,6
CENSUS,CALIFORNIA,LAKE,6
CENSUS,CALIFORNIA,SAN BENITO,6
CENSUS,CALIFORNIA,PLUMAS,6
CENSUS,COLORADO,ARCHULETA,6
CENSUS,COLORADO,OURAY,6
CENSUS,FLORIDA,POLK,6
CENSUS,FLORIDA,SUMTER,6
CENSUS,FLORIDA,VOLUSIA,6
CENSUS,FLORIDA,WAKULLA,6
CENSUS,GEORGIA,JASPER,6
CENSUS,GEORGIA,GLASCOCK,6
CENSUS,GEORGIA,LINCOLN,6
CENSUS,GEORGIA,BARTOW,6
CENSUS,GEORGIA,SPALDING,6
CENSUS,INDIANA,BROWN,6
CENSUS,LOUISIANA,TANGIPAHOA,6
CENSUS,LOUISIANA,SAINT MARTIN,6
CENSUS,MICHIGAN,ALGER,6
CENSUS,MISSISSIPPI,WALTHALL,6
CENSUS,MISSISSIPPI,NEWTON,6
CENSUS,MISSISSIPPI,LINCOLN,6
CENSUS,MISSOURI,WASHINGTON,6
CENSUS,MISSOURI,IRON,6
CENSUS,MISSOURI,STONE,6
CENSUS,NEW HAMPSHIRE,HILLSBOROUGH,6
CENSUS,NEW MEXICO,COLFAX,6
CENSUS,NEW MEXICO,MCKINLEY,6
CENSUS,NEW MEXICO,VALENCIA,6
CENSUS,NEW MEXICO,LEA,6
CENSUS,NEW YORK,BROOME,6
CENSUS,NORTH CAROLINA,DURHAM,6
CENSUS,NORTH CAROLINA,MACON,6
CENSUS,OKLAHOMA,ADAIR,6
CENSUS,OREGON,GRANT,6
CENSUS,PENNSYLVANIA,FOREST,6
CENSUS,SOUTH CAROLINA,JASPER,6
CENSUS,SOUTH CAROLINA,GREENWOOD,6
CENSUS,TENNESSEE,LEWIS,6
CENSUS,TEXAS,CROCKETT,6
CENSUS,TEXAS,CAMERON,6
CENSUS,TEXAS,FLOYD,6
CENSUS,TEXAS,COMAL,6
CENSUS,VERMONT,CALEDONIA,6
CENSUS,VERMONT,GRAND ISLE,6
CENSUS,VERMONT,WINDSOR,6
CENSUS,VIRGINIA,GREENE,6
CENSUS,VIRGINIA,POWHATAN,6
CENSUS,VIRGINIA,RAPPAHANNOCK,6
CENSUS,VIRGINIA,BLAND,6
CENSUS,VIRGINIA,FLOYD,6
CENSUS,VIRGINIA,GRAYSON,6
CENSUS,WEST VIRGINIA,HANCOCK,6
CENSUS,WEST VIRGINIA,OHIO,6
CENSUS,WEST VIRGINIA,UPSHUR,6
CENSUS,WEST VIRGINIA,MERCER,6
CENSUS,ALABAMA,BUTLER,5
CENSUS,ALABAMA,CHOCTAW,5
CENSUS,ALABAMA,PICKENS,5
CENSUS,ARIZONA,PINAL,5
CENSUS,ARKANSAS,SEVIER,5
CENSUS,CALIFORNIA,KINGS,5
CENSUS,COLORADO,BROOMFIELD,5
CENSUS,COLORADO,FREMONT,5
CENSUS,COLORADO,HUERFANO,5
CENSUS,CONNECTICUT,MIDDLESEX,5
CENSUS,FLORIDA,GILCHRIST,5
CENSUS,FLORIDA,UNION,5
CENSUS,GEORGIA,WARREN,5
CENSUS,GEORGIA,DAWSON,5
CENSUS,GEORGIA,HALL,5
CENSUS,GEORGIA,OGLETHORPE,5
CENSUS,GEORGIA,WHITFIELD,5
CENSUS,GEORGIA,CLINCH,5
CENSUS,GEORGIA,DOUGLAS,5
CENSUS,GEORGIA,HEARD,5
CENSUS,GEORGIA,MERIWETHER,5
CENSUS,GEORGIA,UPSON,5
CENSUS,IDAHO,ADAMS,5
CENSUS,IDAHO,BOISE,5
CENSUS,ILLINOIS,DU PAGE,5
CENSUS,KANSAS,WYANDOTTE,5
CENSUS,KENTUCKY,LEE,5
CENSUS,KENTUCKY,GALLATIN,5
CENSUS,LOUISIANA,BOSSIER,5
CENSUS,LOUISIANA,CAMERON,5
CENSUS,MAINE,PISCATAQUIS,5
CENSUS,MAINE,WASHINGTON,5
CENSUS,MICHIGAN,CRAWFORD,5
CENSUS,MISSISSIPPI,CHOCTAW,5
CENSUS,MISSISSIPPI,LAWRENCE,5
CENSUS,MISSISSIPPI,CLARKE,5
CENSUS,MISSISSIPPI,JASPER,5
CENSUS,MISSISSIPPI,LAUDERDALE,5
CENSUS,MISSOURI,CARTER,5
CENSUS,MISSOURI,REYNOLDS,5
CENSUS,NEW HAMPSHIRE,CHESHIRE,5
CENSUS,NEW HAMPSHIRE,GRAFTON,5
CENSUS,NEW HAMPSHIRE,MERRIMACK,5
CENSUS,NEW HAMPSHIRE,SULLIVAN,5
CENSUS,NEW JERSEY,CAMDEN,5
CENSUS,NEW MEXICO,CHAVES,5
CENSUS,NEW MEXICO,EDDY,5
CENSUS,NEW YORK,FULTON,5
CENSUS,NORTH CAROLINA,CHEROKEE,5
CENSUS,NORTH CAROLINA,MITCHELL,5
CENSUS,NORTH CAROLINA,SWAIN,5
CENSUS,OKLAHOMA,TULSA,5
CENSUS,TENNESSEE,MOORE,5
CENSUS,TENNESSEE,KNOX,5
CENSUS,TENNESSEE,UNION,5
CENSUS,TEXAS,DALLAS,5
CENSUS,TEXAS,KLEBERG,5
CENSUS,TEXAS,MARION,5
CENSUS,TEXAS,NACOGDOCHES,5
CENSUS,TEXAS,RUSK,5
CENSUS,TEXAS,SHELBY,5
CENSUS,TEXAS,VAN ZANDT,5
CENSUS,TEXAS,TRINITY,5
CENSUS,TEXAS,SUTTON,5
CENSUS,TEXAS,UPTON,5
CENSUS,TEXAS,OLDHAM,5
CENSUS,TEXAS,DUVAL,5
CENSUS,TEXAS,ZAPATA,5
CENSUS,TEXAS,REEVES,5
CENSUS,UTAH,GRAND,5
CENSUS,VIRGINIA,LANCASTER,5
CENSUS,VIRGINIA,MATHEWS,5
CENSUS,VIRGINIA,NORTHAMPTON,5
CENSUS,VIRGINIA,HIGHLAND,5
CENSUS,WEST VIRGINIA,TAYLOR,5
CENSUS,WEST VIRGINIA,WETZEL,5
CENSUS,WEST VIRGINIA,KANAWHA,5
CENSUS,WISCONSIN,VILAS,5
CENSUS,ALABAMA,WINSTON,4
CENSUS,ALABAMA,COOSA,4
CENSUS,ALASKA,ANCHORAGE,4
CENSUS,ARIZONA,MOHAVE,4
CENSUS,ARKANSAS,WASHINGTON,4
CENSUS,ARKANSAS,HOWARD,4
CENSUS,CALIFORNIA,ALAMEDA,4
CENSUS,CALIFORNIA,DEL NORTE,4
CENSUS,CALIFORNIA,MARIPOSA,4
CENSUS,GEORGIA,BUTTS,4
CENSUS,GEORGIA,CHEROKEE,4
CENSUS,GEORGIA,STEPHENS,4
CENSUS,GEORGIA,CATOOSA,4
CENSUS,GEORGIA,ECHOLS,4
CENSUS,GEORGIA,GLYNN,4
CENSUS,GEORGIA,DOUGHERTY,4
CENSUS,GEORGIA,CARROLL,4
CENSUS,GEORGIA,HARALSON,4
CENSUS,GEORGIA,LAMAR,4
CENSUS,GEORGIA,MARION,4
CENSUS,KENTUCKY,FLOYD,4
CENSUS,KENTUCKY,MCCREARY,4
CENSUS,LOUISIANA,EAST BATON ROUGE,4
CENSUS,LOUISIANA,CALDWELL,4
CENSUS,LOUISIANA,IBERIA,4
CENSUS,LOUISIANA,LAFAYETTE,4
CENSUS,MICHIGAN,KALKASKA,4
CENSUS,MISSISSIPPI,NESHOBA,4
CENSUS,MISSISSIPPI,LAMAR,4
CENSUS,MISSISSIPPI,PERRY,4
CENSUS,MISSISSIPPI,ADAMS,4
CENSUS,MISSISSIPPI,WARREN,4
CENSUS,MONTANA,DEER LODGE,4
CENSUS,MONTANA,LINCOLN,4
CENSUS,NEVADA,LANDER,4
CENSUS,NEVADA,DOUGLAS,4
CENSUS,NEVADA,PERSHING,4
CENSUS,NEW MEXICO,SAN MIGUEL,4
CENSUS,NEW MEXICO,SANTA FE,4
CENSUS,NEW MEXICO,LUNA,4
CENSUS,NEW MEXICO,SOCORRO,4
CENSUS,NEW YORK,WARREN,4
CENSUS,NORTH CAROLINA,MCDOWELL,4
CENSUS,NORTH CAROLINA,YANCEY,4
CENSUS,OKLAHOMA,CHEROKEE,4
CENSUS,OREGON,MULTNOMAH,4
CENSUS,PENNSYLVANIA,CAMERON,4
CENSUS,SOUTH CAROLINA,PICKENS,4
CENSUS,TEXAS,REFUGIO,4
CENSUS,TEXAS,MORRIS,4
CENSUS,TEXAS,RAINS,4
CENSUS,TEXAS,MADISON,4
CENSUS,TEXAS,POLK,4
CENSUS,TEXAS,IRION,4
CENSUS,TEXAS,REAGAN,4
CENSUS,TEXAS,REAL,4
CENSUS,TEXAS,WILLACY,4
CENSUS,TEXAS,ROBERTS,4
CENSUS,TEXAS,DICKENS,4
CENSUS,TEXAS,KENT,4
CENSUS,TEXAS,BROOKS,4
CENSUS,TEXAS,BAILEY,4
CENSUS,TEXAS,CROSBY,4
CENSUS,TEXAS,HOWARD,4
CENSUS,TEXAS,LAMB,4
CENSUS,TEXAS,MIDLAND,4
CENSUS,TEXAS,ORANGE,4
CENSUS,UTAH,WASATCH,4
CENSUS,VERMONT,ORLEANS,4
CENSUS,VERMONT,WINDHAM,4
CENSUS,VIRGINIA,GILES,4
CENSUS,VIRGINIA,WISE,4
CENSUS,VIRGINIA,BATH,4
CENSUS,WASHINGTON,COWLITZ,4
CENSUS,WASHINGTON,KITSAP,4
CENSUS,WEST VIRGINIA,CALHOUN,4
CENSUS,WEST VIRGINIA,FAYETTE,4
CENSUS,WEST VIRGINIA,NICHOLAS,4
CENSUS,WEST VIRGINIA,WYOMING,4
CENSUS,WISCONSIN,FLORENCE,4
CENSUS,WISCONSIN,MILWAUKEE,4
CENSUS,ARIZONA,APACHE,3
CENSUS,ARIZONA,COCONINO,3
CENSUS,ARKANSAS,PERRY,3
CENSUS,ARKANSAS,BAXTER,3
CENSUS,ARKANSAS,HEMPSTEAD,3
CENSUS,ARKANSAS,JOHNSON,3
CENSUS,ARKANSAS,SEBASTIAN,3
CENSUS,CALIFORNIA,SANTA CRUZ,3
CENSUS,CALIFORNIA,SANTA BARBARA,3
CENSUS,COLORADO,CHAFFEE,3
CENSUS,COLORADO,CUSTER,3
CENSUS,CONNECTICUT,NEW HAVEN,3
CENSUS,FLORIDA,BRADFORD,3
CENSUS,FLORIDA,CLAY,3
CENSUS,FLORIDA,PUTNAM,3
CENSUS,FLORIDA,DUVAL,3
CENSUS,FLORIDA,CALHOUN,3
CENSUS,GEORGIA,BALDWIN,3
CENSUS,GEORGIA,GREENE,3
CENSUS,GEORGIA,MONROE,3
CENSUS,GEORGIA,PULASKI,3
CENSUS,GEORGIA,PUTNAM,3
CENSUS,GEORGIA,CLARKE,3
CENSUS,GEORGIA,GWINNETT,3
CENSUS,GEORGIA,PICKENS,3
CENSUS,GEORGIA,WILKES,3
CENSUS,GEORGIA,SCHLEY,3
CENSUS,MAINE,WALDO,3
CENSUS,MAINE,CUMBERLAND,3
CENSUS,MAINE,OXFORD,3
CENSUS,MISSISSIPPI,OKTIBBEHA,3
CENSUS,MISSISSIPPI,GRENADA,3
CENSUS,MISSISSIPPI,JEFFERSON DAVIS,3
CENSUS,MISSISSIPPI,FORREST,3
CENSUS,MISSISSIPPI,STONE,3
CENSUS,MISSISSIPPI,JEFFERSON,3
CENSUS,MISSISSIPPI,WILKINSON,3
CENSUS,MISSOURI,SHANNON,3
CENSUS,MONTANA,MINERAL,3
CENSUS,NEBRASKA,HOOKER,3
CENSUS,NEVADA,ESMERALDA,3
CENSUS,NEW HAMPSHIRE,BELKNAP,3
CENSUS,NEW HAMPSHIRE,COOS,3
CENSUS,NEW JERSEY,OCEAN,3
CENSUS,NEW JERSEY,ATLANTIC,3
CENSUS,NEW MEXICO,CIBOLA,3
CENSUS,NORTH CAROLINA,NEW HANOVER,3
CENSUS,OREGON,CLATSOP,3
CENSUS,OREGON,CROOK,3
CENSUS,OREGON,JOSEPHINE,3
CENSUS,TEXAS,CHEROKEE,3
CENSUS,TEXAS,KING,3
CENSUS,TEXAS,MOTLEY,3
CENSUS,TEXAS,COCHRAN,3
CENSUS,TEXAS,MARTIN,3
CENSUS,TEXAS,SCURRY,3
CENSUS,UTAH,DAGGETT,3
CENSUS,VERMONT,BENNINGTON,3
CENSUS,VERMONT,ESSEX,3
CENSUS,VIRGINIA,DICKENSON,3
CENSUS,WASHINGTON,ISLAND,3
CENSUS,WASHINGTON,PACIFIC,3
CENSUS,WEST VIRGINIA,LEWIS,3
CENSUS,WEST VIRGINIA,PLEASANTS,3
CENSUS,WISCONSIN,IRON,3
CENSUS,ALABAMA,GREENE,2
CENSUS,ALABAMA,JEFFERSON,2
CENSUS,ALASKA,KENAI PENINSULA,2
CENSUS,ARIZONA,LAPAZ,2
CENSUS,ARIZONA,SANTA CRUZ,2
CENSUS,ARIZONA,YUMA,2
CENSUS,ARKANSAS,FULTON,2
CENSUS,ARKANSAS,STONE,2
CENSUS,ARKANSAS,COLUMBIA,2
CENSUS,ARKANSAS,UNION,2
CENSUS,CALIFORNIA,CONTRA COSTA,2
CENSUS,CALIFORNIA,SAN MATEO,2
CENSUS,CALIFORNIA,SANTA CLARA,2
CENSUS,CALIFORNIA,MADERA,2
CENSUS,CALIFORNIA,AMADOR,2
CENSUS,CALIFORNIA,CALAVERAS,2
CENSUS,CALIFORNIA,INYO,2
CENSUS,COLORADO,CLEAR CREEK,2
CENSUS,COLORADO,GRAND,2
CENSUS,COLORADO,PITKIN,2
CENSUS,COLORADO,SAN MIGUEL,2
CENSUS,FLORIDA,FLAGLER,2
CENSUS,FLORIDA,ST. JOHNS,2
CENSUS,FLORIDA,BAKER,2
CENSUS,FLORIDA,NASSAU,2
CENSUS,FLORIDA,BAY,2
CENSUS,FLORIDA,BROWARD,2
CENSUS,GEORGIA,CRAWFORD,2
CENSUS,GEORGIA,WILKINSON,2
CENSUS,GEORGIA,MCDUFFIE,2
CENSUS,GEORGIA,BARROW,2
CENSUS,GEORGIA,FULTON,2
CENSUS,GEORGIA,GILMER,2
CENSUS,GEORGIA,LUMPKIN,2
CENSUS,GEORGIA,BRYAN,2
CENSUS,GEORGIA,CHARLTON,2
CENSUS,GEORGIA,CHATHAM,2
CENSUS,GEORGIA,QUITMAN,2
CENSUS,GEORGIA,STEWART,2
CENSUS,GEORGIA,TROUP,2
CENSUS,KENTUCKY,BELL,2
CENSUS,KENTUCKY,LAWRENCE,2
CENSUS,KENTUCKY,PIKE,2
CENSUS,LOUISIANA,SAINT TAMMANY,2
CENSUS,LOUISIANA,WEST FELICIANA,2
CENSUS,LOUISIANA,LINCOLN,2
CENSUS,LOUISIANA,ASSUMPTION,2
CENSUS,LOUISIANA,ASCENSION,2
CENSUS,LOUISIANA,LAFOURCHE,2
CENSUS,MASSACHUSETTS,BARNSTABLE,2
CENSUS,MICHIGAN,LUCE,2
CENSUS,MISSISSIPPI,HANCOCK,2
CENSUS,MISSISSIPPI,COPIAH,2
CENSUS,MISSOURI,TANEY,2
CENSUS,NEBRASKA,GRANT,2
CENSUS,NEVADA,WHITE PINE,2
CENSUS,NEW HAMPSHIRE,ROCKINGHAM,2
CENSUS,NEW MEXICO,DE BACA,2
CENSUS,NEW MEXICO,HARDING,2
CENSUS,NEW MEXICO,CATRON,2
CENSUS,NEW MEXICO,GRANT,2
CENSUS,NEW YORK,SCHENECTADY,2
CENSUS,NEW YORK,NASSAU,2
CENSUS,OREGON,HOOD RIVER,2
CENSUS,OREGON,COLUMBIA,2
CENSUS,OREGON,TILLAMOOK,2
CENSUS,OREGON,DESCHUTES,2
CENSUS,OREGON,WHEELER,2
CENSUS,OREGON,COOS,2
CENSUS,RHODE ISLAND,NEWPORT,2
CENSUS,SOUTH CAROLINA,FAIRFIELD,2
CENSUS,SOUTH CAROLINA,UNION,2
CENSUS,TENNESSEE,DAVIDSON,2
CENSUS,TEXAS,SOMERVELL,2
CENSUS,TEXAS,CAMP,2
CENSUS,TEXAS,FRANKLIN,2
CENSUS,TEXAS,HARDIN,2
CENSUS,TEXAS,TYLER,2
CENSUS,TEXAS,STERLING,2
CENSUS,TEXAS,HALL,2
CENSUS,TEXAS,LIVE OAK,2
CENSUS,TEXAS,WEBB,2
CENSUS,TEXAS,GLASSCOCK,2
CENSUS,TEXAS,BREWSTER,2
CENSUS,TEXAS,CULBERSON,2
CENSUS,TEXAS,ECTOR,2
CENSUS,TEXAS,PRESIDIO,2
CENSUS,UTAH,GARFIELD,2
CENSUS,UTAH,KANE,2
CENSUS,VIRGINIA,AMHERST,2
CENSUS,VIRGINIA,ROANOKE,2
CENSUS,WASHINGTON,MASON,2
CENSUS,WEST VIRGINIA,GILMER,2
CENSUS,WEST VIRGINIA,RALEIGH,2
CENSUS,WYOMING,SUBLETTE,2
CENSUS,ALABAMA,BIBB,1
CENSUS,ARKANSAS,GARLAND,1
CENSUS,ARKANSAS,SHARP,1
CENSUS,ARKANSAS,BOONE,1
CENSUS,ARKANSAS,MADISON,1
CENSUS,ARKANSAS,BRADLEY,1
CENSUS,ARKANSAS,CLEVELAND,1
CENSUS,ARKANSAS,NEVADA,1
CENSUS,ARKANSAS,POLK,1
CENSUS,ARKANSAS,POPE,1
CENSUS,CALIFORNIA,MONO,1
CENSUS,CALIFORNIA,TUOLUMNE,1
CENSUS,COLORADO,DENVER,1
CENSUS,COLORADO,JEFFERSON,1
CENSUS,COLORADO,JACKSON,1
CENSUS,COLORADO,PARK,1
CENSUS,COLORADO,SUMMIT,1
CENSUS,FLORIDA,CITRUS,1
CENSUS,FLORIDA,HERNANDO,1
CENSUS,FLORIDA,HARDEE,1
CENSUS,FLORIDA,HENDRY,1
CENSUS,FLORIDA,HIGHLANDS,1
CENSUS,FLORIDA,MARTIN,1
CENSUS,FLORIDA,SARASOTA,1
CENSUS,GEORGIA,JONES,1
CENSUS,GEORGIA,TALIAFERRO,1
CENSUS,GEORGIA,COLUMBIA,1
CENSUS,GEORGIA,FORSYTH,1
CENSUS,GEORGIA,DADE,1
CENSUS,GEORGIA,CAMDEN,1
CENSUS,GEORGIA,LIBERTY,1
CENSUS,GEORGIA,MCINTOSH,1
CENSUS,KENTUCKY,HARLAN,1
CENSUS,LOUISIANA,WEST BATON ROUGE,1
CENSUS,LOUISIANA,LIVINGSTON,1
CENSUS,LOUISIANA,CLAIBORNE,1
CENSUS,LOUISIANA,UNION,1
CENSUS,LOUISIANA,DE SOTO,1
CENSUS,LOUISIANA,SAINT MARY,1
CENSUS,LOUISIANA,SAINT JAMES,1
CENSUS,MAINE,SAGADAHOC,1
CENSUS,MONTANA,SILVER BOW,1
CENSUS,NEVADA,WASHOE,1
CENSUS,NEVADA,NYE,1
CENSUS,NEW HAMPSHIRE,CARROLL,1
CENSUS,NEW MEXICO,GUADALUPE,1
CENSUS,NEW MEXICO,SANDOVAL,1
CENSUS,NEW MEXICO,LINCOLN,1
CENSUS,NEW MEXICO,SIERRA,1
CENSUS,NEW YORK,PUTNAM,1
CENSUS,NORTH CAROLINA,DARE,1
CENSUS,NORTH CAROLINA,ALLEGHANY,1
CENSUS,NORTH CAROLINA,AVERY,1
CENSUS,NORTH CAROLINA,GRAHAM,1
CENSUS,OREGON,CURRY,1
CENSUS,PENNSYLVANIA,PIKE,1
CENSUS,PENNSYLVANIA,DELAWARE,1
CENSUS,TEXAS,GREGG,1
CENSUS,TEXAS,KINNEY,1
CENSUS,TEXAS,GARZA,1
CENSUS,TEXAS,JIM HOGG,1
CENSUS,TEXAS,KENEDY,1
CENSUS,TEXAS,MAVERICK,1
CENSUS,TEXAS,ANDREWS,1
CENSUS,TEXAS,DAWSON,1
CENSUS,TEXAS,LYNN,1
CENSUS,TEXAS,HUDSPETH,1
CENSUS,TEXAS,JEFF DAVIS,1
CENSUS,TEXAS,TERRELL,1
CENSUS,VIRGINIA,JAMES CITY,1
CENSUS,VIRGINIA,FAIRFAX,1
CENSUS,VIRGINIA,BUCHANAN,1
CENSUS,WASHINGTON,CHELAN,1
CENSUS,WASHINGTON,JEFFERSON,1
CENSUS,WEST VIRGINIA,DODDRIDGE,1
CENSUS,WEST VIRGINIA,LINCOLN,1
CENSUS,WEST VIRGINIA,WEBSTER,1
CENSUS,WYOMING,TETON,1