Feed Manufacturers,street,city,state,postal_code,latitude,longitude,,,,,,,,,,,,,,,
"Nutrition 101, LLC",4782 Joe Frank Harris Pkwy NW,Adairsville,Georgia,30103,34.3326069,-84.9002354,,,,,,,,,,,,,,,
"Nutrition 101, LLC",4782 Joe Frank Harris Pkwy NW,Adairsville,Georgia,30103,34.3326069,-84.9002354,,,,,,,,,,,,,,,
The Quilted Barn,32673 Fern Rd,Corvallis,Oregon,97333,44.52506,-123.3674771,,,,,,,,,,,,,,,
"Nutrition 101, LLC",8201 S Palo Verde Rd,Buckeye,Arizona,85326,33.3723705,-112.6765484,,,,,,,,,,,,,,,
JDH,1680 US-60,Friona,Texas,79035,34.6191196,-102.7471953,,,,,,,,,,,,,,,
Quincy Farm Products,3501 Wismann Ln,Quincy,Illinois,62301,39.9577259,-91.3615527,,,,,,,,,,,,,,,
ADM Quincy,2100 Gardner Expy,Quincy,Illinois,62301,39.9064367,-91.4088825,,,,,,,,,,,,,,,
Livestock Nutrition Center,507 E Nelson St,Quanah,Texas,79252,34.3020134,-99.7313063,,,,,,,,,,,,,,,
"QLF, Inc.",947 E Earl Rd,New Holland,Pennsylvania,17557,40.1084438,-76.0583357,,,,,,,,,,,,,,,
"Nutrition 101, LLC",400 Stewart Rd,Wilkes-Barre,Pennsylvania,18706,41.2127217,-75.9160548,,,,,,,,,,,,,,,
Ridley Block Operations,5100 Blue Mound Rd,Fort Worth,Texas,76106,32.83174,-97.3425028,,,,,,,,,,,,,,,
Grow Masters Deer Mineral,,,,,35.232314,-91.730999,,,,,,,,,,,,,,,
Murillos Feed,,,,,35.8918955,-119.2725935,,,,,,,,,,,,,,,
Thunder Mountain Equine,,,,,46.423669,-129.9427086,,,,,,,,,,,,,,,
Mar Jac Feed Mill,Sheffield Ave,Spruce Pine,Alabama,35585,34.3955639,-87.7257147,,,,,,,,,,,,,,,
JDH,139 River Vista Pl #102,Twin Falls,Idaho,83301,42.5984752,-114.4784997,,,,,,,,,,,,,,,
Nichols Farms,,Cimarron,Kansas,67835,37.7802301,-100.2603722,,,,,,,,,,,,,,,
Lucerne Farms Inc,40 Eastonline Rd,Fort Fairfield,Maine,4742,46.6881537,-67.8833213,,,,,,,,,,,,,,,
J.D. Heiskell & Co.,1910 S Roosevelt Rd L,Rogers,New Mexico,88132,33.9798312,-103.2311043,,,,,,,,,,,,,,,
DFS Main Office / Billing,,Oskaloosa,Iowa,52577,41.2701533,-92.6051317,,,,,,,,,,,,,,,
Gold Star,1 Richer Drive,Adams Center,New York,13606,43.8600378,-76.009806,,,,,,,,,,,,,,,
Leland Mills TX,6320 E Stassney Ln bldg 2 ste 275,Austin,Texas,78744,30.2044509,-97.7208469,,,,,,,,,,,,,,,
"Cold Water Technologies, Inc.",,,,,46.423669,-129.9427086,,,,,,,,,,,,,,,
Modesto Milling Inc.,142 Linley Ave,Empire,California,95319,37.6372072,-120.9049732,,,,,,,,,,,,,,,
Cargill Turkey Feed Mill,,California,Missouri,65018,38.6303606,-92.5476421,,,,,,,,,,,,,,,
Livestock Nutrition Center,601 Old Mill Rd,Altus,Oklahoma,73521,34.629563,-99.3400868,,,,,,,,,,,,,,,
TOMiGAi,4460 Brooks St Ste B,Montclair,California,91763,34.0620508,-117.7079675,,,,,,,,,,,,,,,
Perdue AgriBusiness - Ansonville Protein Blending Plant,2755 Old US Highway 52 W,Ansonville,North Carolina,28007,35.1855049,-80.120079,,,,,,,,,,,,,,,
AG Fibers LLC,1301 Ennis Rd,Dothan,Alabama,36303,31.2279862,-85.3439391,,,,,,,,,,,,,,,
Cheval International,3490 Horse Run Rd,Rapid City,South Dakota,57701,44.1969052,-103.272052,,,,,,,,,,,,,,,
Central Valley Ag Grinding,5509 Langworth Rd,Oakdale,California,95361,37.7198821,-120.8946677,,,,,,,,,,,,,,,
Plantation Supply,109 Courthouse Ave N,Leesburg,Georgia,31763,31.7339738,-84.1716045,,,,,,,,,,,,,,,
Cowan Animal Nutrition,,,,,39.4274849,-87.4769625,,,,,,,,,,,,,,,
HydroGreen,47168 Haylie St,Sioux Falls,South Dakota,57107,43.65483,-96.7800279,,,,,,,,,,,,,,,
O.K. Feed Mills,400-498 Wheeler Ave,Fort Smith,Arkansas,72901,35.3800798,-94.4264122,,,,,,,,,,,,,,,
DeerDoc,,,,,46.423669,-129.9427086,,,,,,,,,,,,,,,
Dawe's Laboratories,3355 N Arlington Heights Rd,Arlington Heights,Illinois,60004,42.1361831,-87.9824707,,,,,,,,,,,,,,,
Only Raw,301 W Griffin Pkwy,Mission,Texas,78572,26.2294058,-98.3262445,,,,,,,,,,,,,,,
Centra Sota Cooperative - Albany,1121 Co Rd 10,Albany,Minnesota,56307,45.6247562,-94.5790809,,,,,,,,,,,,,,,
Frontier Mills Inc,2002 SD-314,Yankton,South Dakota,57078,42.8819594,-97.4273861,,,,,,,,,,,,,,,
Frontier Mills Inc,2002 SD-314,Yankton,South Dakota,57078,42.8819594,-97.4273861,,,,,,,,,,,,,,,
MFA Feed Mill,285 W Pierce St,Lebanon,Missouri,65536,37.6780978,-92.6631874,,,,,,,,,,,,,,,
Timmerman Feeding Corporation,1762 US-83,Colby,Kansas,67701,39.3742523,-100.8726043,,,,,,,,,,,,,,,
EB Milling,854 Wallace St,East Bernard,Texas,77435,29.53201,-96.0699958,,,,,,,,,,,,,,,
Strong Animals Chicken Essentials,100 W College Dr Suite 200,Marshall,Minnesota,56258,44.4468264,-95.7891861,,,,,,,,,,,,,,,
Kalmbach Feeds - Warehouse 3 - MPK Complex,5968 OH-199,Carey,Ohio,43316,40.9060375,-83.339264,,,,,,,,,,,,,,,
Gold River Feed Products,783 Eagle Blvd,Shelbyville,Tennessee,37160,35.487425,-86.408438,,,,,,,,,,,,,,,
Bakery Feeds,2451 Grant Rd,North Baltimore,Ohio,45872,41.1899833,-83.6463699,,,,,,,,,,,,,,,
Cape & Son,101 FM 419,Sweetwater,Texas,79556,32.4889269,-100.4082562,,,,,,,,,,,,,,,
Merced Milling Inc,40 Market St,Planada,California,95365,37.2885075,-120.3207019,,,,,,,,,,,,,,,
Wenger's Feed Mill,6829 PA-405,Muncy,Pennsylvania,17756,41.1947447,-76.8224185,,,,,,,,,,,,,,,
Des Moines Feed,2010 Hubbell Ave,Des Moines,Iowa,50317,41.5993015,-93.5815461,,,,,,,,,,,,,,,
Catfish Charlie Bait Co,3015 Lincoln Ave,Oskaloosa,Iowa,52577,41.2191324,-92.6545283,,,,,,,,,,,,,,,
Winner Circle Feedyard LLC Syracuse,2700 W US-50,Syracuse,Kansas,67878,38.0074648,-101.8113779,,,,,,,,,,,,,,,
Diamond Pet Food Processors-Rpn,942 S Stockton Ave,Ripon,California,95366,37.7318176,-121.1180982,,,,,,,,,,,,,,,
Gold Star Feed and Grain,7593 US-20,Waterville,New York,13480,42.9147224,-75.3840408,,,,,,,,,,,,,,,
Mars Horsecare US Inc,330 E Schultz Ave,Dalton,Ohio,44618,40.8005827,-81.6887388,,,,,,,,,,,,,,,
Hare Today-Gone Tomorrow,23596 Palmer Rd,Springboro,Pennsylvania,16435,41.7951591,-80.4279685,,,,,,,,,,,,,,,
Phillips pet food & supplies,109 Knightsridge Rd,Spartanburg,South Carolina,29303,34.9870985,-82.0400935,,,,,,,,,,,,,,,
ProVision Partners Cooperative Stratford Feed Mill,212821 Legion St,Stratford,Wisconsin,54484,44.8004745,-90.0773352,,,,,,,,,,,,,,,
Quality Liquid Feeds,2530 Port Pl,Muskogee,Oklahoma,74403,35.7809829,-95.3026809,,,,,,,,,,,,,,,
"Ajinomoto Animal Nutrition North America, Inc.",8430 W Bryn Mawr Ave ste 650,Chicago,Illinois,60631,41.9831281,-87.8397032,,,,,,,,,,,,,,,
Sharp's Little Pig Town LLC,,,,,51.2072,-121.9883,,,,,,,,,,,,,,,
Simmons Pet Food,316 N Hico St,Siloam Springs,Arkansas,72761,36.1874698,-94.5337788,,,,,,,,,,,,,,,
"Hopedale Agri Center, Inc. & The Mill Gift Shop",615 IL-122,Hopedale,Illinois,61747,40.4252373,-89.4187963,,,,,,,,,,,,,,,
Hamm Feeds LLC,814 Hansberry Rd,Memphis,Indiana,47143,38.48738,-85.7403871,,,,,,,,,,,,,,,
Heritage Beef,1506 Co Rd 30,Sublette,Kansas,67877,37.7075949,-100.8435706,,,,,,,,,,,,,,,
Northland Choice,437 34th Ave S,Waite Park,Minnesota,56387,45.5456349,-94.2646112,,,,,,,,,,,,,,,
Wilroads Feed Yard,11449 Lariat Way,Dodge City,Kansas,67801,37.7163276,-99.9597091,,,,,,,,,,,,,,,
APEX FEED,251 SW 1030th Ave,Wilburton,Oklahoma,74578,34.9084161,-95.3714099,,,,,,,,,,,,,,,
New Fashion Pork,2790 Little Wall Lake Rd,Jewell,Iowa,50130,42.3851022,-93.6402174,,,,,,,,,,,,,,,
New Country Organics,801 2nd St,Waynesboro,Virginia,22980,38.0782482,-78.8735739,,,,,,,,,,,,,,,
Ocean Nutrition,8239 Enterprise Dr,Newark,California,94560,37.5225826,-122.045301,,,,,,,,,,,,,,,
Wenger's Feed Mill,8959 PA-25,Spring Glen,Pennsylvania,17978,40.6197834,-76.6471082,,,,,,,,,,,,,,,
Cobb-Vantress Inc Feed Mill,1475 Old Burkesville Rd,Albany,Kentucky,42602,36.7002466,-85.1607883,,,,,,,,,,,,,,,
Christensen Farms Feed Mill,10100 360th St,Forest City,Iowa,50436,43.287273,-93.7909534,,,,,,,,,,,,,,,
American Pet Dinner,1497 4000 N,Buhl,Idaho,83316,42.5779201,-114.7514082,,,,,,,,,,,,,,,
Graham's Organic Livestock Feeds,3654 E Weidman Rd,Rosebush,Michigan,48878,43.6834889,-84.7742809,,,,,,,,,,,,,,,
NewStar Sourcing And Service,805 S Union St,Fremont,Nebraska,68025,41.4226726,-96.4938128,,,,,,,,,,,,,,,
MC Distributors,1171 Bradyville Hill Rd,Bradyville,Tennessee,37026,35.7394982,-86.1479692,,,,,,,,,,,,,,,
Mid-State Milling,620 W 3rd St,Carroll,Iowa,51401,42.0643386,-94.8771133,,,,,,,,,,,,,,,
Meiserville Feeds,127 Mill Rd,Mt Pleasant Mills,Pennsylvania,17853,40.6676775,-76.9744708,,,,,,,,,,,,,,,
Holmes Foods Inc - Broiler Feedmill,2170 Farm to Market 108 S,Gonzales,Texas,78629,29.4210264,-97.5093033,,,,,,,,,,,,,,,
Farmer's Market of Bolivar,1184 E 460th Rd,Bolivar,Missouri,65613,37.5835683,-93.4157734,,,,,,,,,,,,,,,
Alfagreen Supreme,2404 N Summit St,Toledo,Ohio,43611,41.6738114,-83.501607,,,,,,,,,,,,,,,
Harrison Poultry Inc Feed Mill,243 E Midland Ave,Winder,Georgia,30680,33.981788,-83.7099834,,,,,,,,,,,,,,,
Cargill Animal Nutrition,200 Kean St,Albany,New York,12202,42.6197177,-73.7625417,,,,,,,,,,,,,,,
Daily Dose Equine LLC,11339 Liberty Rd,Frederick,Maryland,21701,39.4739265,-77.2697644,,,,,,,,,,,,,,,
"Kreamer Feed, Inc.",215 Kreamer Ave,Kreamer,Pennsylvania,17833,40.8024754,-76.9727465,,,,,,,,,,,,,,,
ADM Animal Nutrition,1300 W Locust St,Springfield,Missouri,65803,37.2269421,-93.308987,,,,,,,,,,,,,,,
Research Diets Inc,20 Jules Ln,New Brunswick,New Jersey,8901,40.473752,-74.4824275,,,,,,,,,,,,,,,
Insight FS,206551 County Hwy M,Stratford,Wisconsin,54484,44.7435448,-90.0244146,,,,,,,,,,,,,,,
Prestage Farms Inc,735 Moltonville Rd,Clinton,North Carolina,28328,34.9870323,-78.253282,,,,,,,,,,,,,,,
CORNERSTONE ORGANIC FEED LLC,509 Long Ln,Kutztown,Pennsylvania,19530,40.546421,-75.7413497,,,,,,,,,,,,,,,
Stevens Feed Mill Inc,28 Stevens Rd,Stevens,Pennsylvania,17578,40.2147277,-76.153624,,,,,,,,,,,,,,,
Purina Mills,2726 W Division St,Springfield,Missouri,65802,37.2250813,-93.3311871,,,,,,,,,,,,,,,
Hostetler Feed Mill,,Buffalo,Missouri,65622,37.5938569,-93.124292,,,,,,,,,,,,,,,
Tyson Foods Feed Mill- Banks,498 Co 4434,Banks,Alabama,36005,31.7889295,-85.8217477,,,,,,,,,,,,,,,
"AccuForage- Greendale Farms, LLC",3217 US-6,Kane,Pennsylvania,16735,41.6931682,-78.8514986,,,,,,,,,,,,,,,
The Dog Bone LLC,49 Beelzebub Rd,South Windsor,Connecticut,6074,41.8380159,-72.5308794,,,,,,,,,,,,,,,
Seminole Feed,335 NE Watula Ave,Ocala,Florida,34470,29.1906764,-82.1336482,,,,,,,,,,,,,,,
Cohocton Valley Mill,40 Mill St,Cohocton,New York,14826,42.4954076,-77.5028289,,,,,,,,,,,,,,,
"F.M. Brown's Sons, Inc.",205 Woodrow Ave,Sinking Spring,Pennsylvania,19608,40.3221616,-76.0253894,,,,,,,,,,,,,,,
"F.M. Brown's Sons, Inc.",205 Woodrow Ave,Sinking Spring,Pennsylvania,19608,40.3221616,-76.0253894,,,,,,,,,,,,,,,
Seaboard Foods of Iowa LLC,411 Lawler St,Iowa Falls,Iowa,50126,42.5094239,-93.2702292,,,,,,,,,,,,,,,
Holmes Foods - Breeder Feedmill,1045 Co Rd 284,Harwood,Texas,78632,29.6128016,-97.4641858,,,,,,,,,,,,,,,
International Feed Pellet Manufacturing LLC,1323 SE 17th St APT 521,Fort Lauderdale,Florida,33316,26.1015797,-80.1303069,,,,,,,,,,,,,,,
Franklin Feeds Letterkenny,323 Development Ave,Chambersburg,Pennsylvania,17201,40.0038871,-77.6550216,,,,,,,,,,,,,,,
Chuckanut,38942 Mason St SE,Albany,Oregon,97321,44.7066702,-123.0500066,,,,,,,,,,,,,,,
Barnyard Feeds,1585 Shadow Ave,Charles City,Iowa,50616,43.1274928,-92.6729803,,,,,,,,,,,,,,,
Tyson Feed Mill- Craig,4234 Red Arrow Rd,Broken Bow,Oklahoma,74728,34.0253658,-94.6308351,,,,,,,,,,,,,,,
Foxden Equine,2428 Stuarts Draft Hwy,Stuarts Draft,Virginia,24477,38.0317729,-79.0453837,,,,,,,,,,,,,,,
Hubbard Feeds,23650 MN-60,Worthington,Minnesota,56187,43.6519134,-95.5420017,,,,,,,,,,,,,,,
Fisher's Molasses,34 Keefer Ln,Shippensburg,Pennsylvania,17257,40.072541,-77.478059,,,,,,,,,,,,,,,
"Pacific Elements, LLC.",5001 Prairie Flower Rd,Ceres,California,95307,37.5663592,-120.9294734,,,,,,,,,,,,,,,
Maiz en Elsa,422 E Vfw Ave,Elsa,Texas,78543,26.296268,-97.9875026,,,,,,,,,,,,,,,
"Purina Animal Nutrition (Spencer, WI)",213644 State Hwy 13,Spencer,Wisconsin,54479,44.8072397,-90.3107036,,,,,,,,,,,,,,,
Perdue Foods LLC,16939 State Rte 20,Burlington,Washington,98233,48.4582355,-122.3798616,,,,,,,,,,,,,,,
Land O'Lakes Purina Feed,505 N 4th St,Richmond,Indiana,47374,39.8342202,-84.8949997,,,,,,,,,,,,,,,
Land O' Lakes - Nutra Blend - Purina Animal Nutrition,1609 19th St SW,Mason City,Iowa,50401,43.1309584,-93.2282965,,,,,,,,,,,,,,,
CHS Nutrition,8170 State Rte 13,Edgeley,North Dakota,58433,46.3548874,-98.7084574,,,,,,,,,,,,,,,
C P Feeds LLC,16322 E Washington St,Valders,Wisconsin,54245,44.066843,-87.905005,,,,,,,,,,,,,,,
CHS Nutrition Inc.,815 S 2nd St,Harrisburg,Oregon,97446,44.265233,-123.17096,,,,,,,,,,,,,,,
"Omega Protein, Inc.",9730 Andrew Rd,Abbeville,Louisiana,70510,29.822016,-92.133399,,,,,,,,,,,,,,,
Alura – Animal Health,1307 Person St,Durham,North Carolina,27703,35.9657134,-78.8749702,,,,,,,,,,,,,,,
Livestock Nutrition Center,13824 US-64,Atkins,Arkansas,72823,35.241393,-92.9137039,,,,,,,,,,,,,,,
Father Nature,6509 SC-260,Manning,South Carolina,29102,33.6181029,-80.2118825,,,,,,,,,,,,,,,
New Country Organics,211 15th St,Lubbock,Texas,79401,33.5816154,-101.8372192,,,,,,,,,,,,,,,
Etna Valley Feed,4336 State Hwy 288,Ozark,Arkansas,72949,35.3620534,-93.8550167,,,,,,,,,,,,,,,
Crude Carnivore,,,,,46.423669,-129.9427086,,,,,,,,,,,,,,,
Fairview Mills,"707 South, MO-59",Anderson,Missouri,64831,36.6441203,-94.4508452,,,,,,,,,,,,,,,
Tyson Feed Mill Sedalia,22749 State Hwy T,Sedalia,Missouri,65301,38.7490046,-93.3420028,,,,,,,,,,,,,,,
Land O'Lakes Purina Feed,1125 Purina Dr,Gainesville,Georgia,30501,34.2958586,-83.8085042,,,,,,,,,,,,,,,
"Form-A-Feed, Inc",841 North St,Stewart,Minnesota,55385,44.7267877,-94.4880216,,,,,,,,,,,,,,,
Lincoln Premium Poultry Feed Mill,2045 S Downing St,Fremont,Nebraska,68025,41.4111061,-96.4795837,,,,,,,,,,,,,,,
Prince Agri Products Inc.,6930 F St,Omaha,Nebraska,68117,41.2204502,-96.0201173,,,,,,,,,,,,,,,
MFA Agri Services,228 Main St,Gerald,Missouri,63037,38.4020118,-91.3305053,,,,,,,,,,,,,,,
"Newtown Farm Service, Inc",2231 IN-341,Attica,Indiana,47918,40.2086334,-87.1480322,,,,,,,,,,,,,,,
GB Feeds,,,,,38.308747,-101.745609,,,,,,,,,,,,,,,
Tyson farms,2209 Expansion Blvd,Storm Lake,Iowa,50588,42.6371964,-95.1668513,,,,,,,,,,,,,,,
Afgritech Llc,810 Waterman Dr,Watertown,New York,13601,43.9738729,-75.9294349,,,,,,,,,,,,,,,
Livestock Nutrition Center,1310 12th Rd,Lyons,Kansas,67554,38.3464957,-98.2753144,,,,,,,,,,,,,,,
Lyssy and Eckel Scale,,Floresville,Texas,78114,29.080706,-98.0705634,,,,,,,,,,,,,,,
Majestic Milling Company,13164 FR 1010 #1005,Exeter,Missouri,65647,36.7454716,-94.0568908,,,,,,,,,,,,,,,
NickerDoodles Gourmet Horse Treats,,,,,46.423669,-129.9427086,,,,,,,,,,,,,,,
EZ Hulls,,,,,37.2691675,-119.306607,,,,,,,,,,,,,,,
"Trillium Farm Holdings, LLC",10750 Croton Rd,Hartford,Ohio,43013,40.2348482,-82.6873117,,,,,,,,,,,,,,,
Simmons Protein,10700 State Hwy 43,Southwest City,Missouri,64863,36.5442123,-94.600296,,,,,,,,,,,,,,,
"United Animal Health, Inc",116 2nd St,Gridley,Illinois,61744,40.741305,-88.8825008,,,,,,,,,,,,,,,
"Integrated Proteins, LLC",1801 NW Platte Rd Suite 200B,Riverside,Missouri,64150,39.1671123,-94.6036021,,,,,,,,,,,,,,,
Ocean Star International,65 N Stone Rd,Snowville,Utah,84336,41.9668343,-112.7108034,,,,,,,,,,,,,,,
Custom Feeds,2392 231st St,Muscatine,Iowa,52761,41.4170546,-91.1023382,,,,,,,,,,,,,,,
River Valley Ing. Tyson Foods,,Muscatine,Iowa,52761,41.3703307,-91.1184532,,,,,,,,,,,,,,,
Allied Coop,1015 E Broadway St,Blair,Wisconsin,54616,44.2942361,-91.2142942,,,,,,,,,,,,,,,
Agrifeed Inc,30 Wall St 8th floor,New York,New York,1005,40.7070319,-74.0098964,,,,,,,,,,,,,,,
Heimsoth Brothers Feed,201 E Junge St,Cole Camp,Missouri,65325,38.4614551,-93.202339,,,,,,,,,,,,,,,
Riverview Farms Feedmill,6956 IN-337,Orleans,Indiana,47452,38.6546495,-86.4288438,,,,,,,,,,,,,,,
For the Birds,"Critter Cottage, 8 Town Plaza, Kroegers, 8 Town Plaza",Durango,Colorado,81301,37.2747,-107.881736,,,,,,,,,,,,,,,
Yaggies Inc.,3405 W City Limits Rd,Yankton,South Dakota,57078,42.9139204,-97.4192454,,,,,,,,,,,,,,,
Precision Nutrition,102 S Depot St,Parkston,South Dakota,57366,43.3943569,-97.9843983,,,,,,,,,,,,,,,
Haas Acres,14993 481st Ave,Madelia,Minnesota,56062,43.9847797,-94.3384663,,,,,,,,,,,,,,,
Dyets Inc.,2508 Easton Ave,Bethlehem,Pennsylvania,18017,40.642998,-75.348702,,,,,,,,,,,,,,,
Forget Genetics LLC,,,,,46.423669,-129.9427086,,,,,,,,,,,,,,,
Forget Genetics LLC,,,,,46.423669,-129.9427086,,,,,,,,,,,,,,,
Furry Fam,704 Legion Dr Unit 4,Destin,Florida,32541,30.3965532,-86.4899466,,,,,,,,,,,,,,,
Whitmus Enterprises,16051 Railroad St NW,Ephrata,Washington,98823,47.3259666,-119.5164749,,,,,,,,,,,,,,,
Feed Sources,1916 Gallagher Dr,Sherman,Texas,75090,33.6721807,-96.5950563,,,,,,,,,,,,,,,
"Zeocem, Inc.",5500 Highlands Pkwy SE,Smyrna,Georgia,30082,33.8296897,-84.5117155,,,,,,,,,,,,,,,
Union Pacific Global IV Transload / JCT,2600 Centerpoint Way,Joliet,Illinois,60436,41.4733654,-88.1181019,,,,,,,,,,,,,,,
Kalmbach Feeds - REK Feed Mill,11218 Co Hwy 44,Upper Sandusky,Ohio,43351,40.8766305,-83.3289335,,,,,,,,,,,,,,,
Buck Forage - Food Plot products - Best Deer Food Plot Seed - Top Deer Feed Oats - United States,35529 FM 1093,Simonton,Texas,77476,29.6789971,-95.9787137,,,,,,,,,,,,,,,
Westway Feed Products LLC,1201 M St,Omaha,Nebraska,68107,41.2105508,-95.9308792,,,,,,,,,,,,,,,
Raeford Farms Of Louisiana Feed Mill,447 N Depot Ave,Choudrant,Louisiana,71227,32.5263806,-92.5138442,,,,,,,,,,,,,,,
Colorado Egg,19166 State Hwy 52,Fort Lupton,Colorado,80621,40.0805085,-104.6939527,,,,,,,,,,,,,,,
Nature Tails,,,,,46.423669,-129.9427086,,,,,,,,,,,,,,,
MPG FEEDMILL,199 S 14th St,Atchison,Kansas,66002,39.5598339,-95.1355067,,,,,,,,,,,,,,,
Steer Feeders Limited LLC,W10075 Triple Kay Rd,Rosendale,Wisconsin,54974,43.7929568,-88.6627683,,,,,,,,,,,,,,,
Furst-McNess Company,5435 NW 100th St Suite 401,Johnston,Iowa,50131,41.6593989,-93.7548964,,,,,,,,,,,,,,,
Western Milling Co,15290 C St,McFarland,California,93250,35.5955123,-119.2058944,,,,,,,,,,,,,,,
lila´s taste,,,,,28.1385909,-81.4823137,,,,,,,,,,,,,,,
Riomax,816 Northwood Dr,Redwood Falls,Minnesota,56283,44.5474125,-95.0890919,,,,,,,,,,,,,,,
Penny Newman Grain Co.,505 Independence Ave,Kennett,Missouri,63857,36.2421978,-90.0360522,,,,,,,,,,,,,,,
Midwest PMS LLC,4340 Co Rd 8,Hereford,Texas,79045,34.8490299,-102.3036436,,,,,,,,,,,,,,,
Livestock Nutrition Center,4315 Co Rd 8,Hereford,Texas,79045,34.8503219,-102.3061248,,,,,,,,,,,,,,,
Pilgrim's Pride Corporation,217 Market St,Pittsburg,Texas,75686,32.9975056,-94.9724038,,,,,,,,,,,,,,,
Boyd Station LLC,557 Elysburg Rd,Danville,Pennsylvania,17821,40.9376358,-76.5996824,,,,,,,,,,,,,,,
Perdue Farms - Candor Feed Mill,189 Perdue Way,Eagle Springs,North Carolina,27242,35.3018385,-79.7076911,,,,,,,,,,,,,,,
Perdue Farms - Elkin Feed Mill,105 Greenwood Cir,Elkin,North Carolina,28621,36.2754553,-80.765606,,,,,,,,,,,,,,,
Big Gain Inc,418 Mathews St,Mankato,Minnesota,56001,44.1518062,-94.0366422,,,,,,,,,,,,,,,
Imperial Pre-Mix Co,422 E Barioni Blvd,Imperial,California,92251,32.8471191,-115.5645911,,,,,,,,,,,,,,,
Farrier's Magic,888 School St,Okolona,Ohio,43545,41.3548626,-84.2177011,,,,,,,,,,,,,,,
Tyson Foods Feed Mill- Dexter,12845 Co Rd 717,Dexter,Missouri,63841,36.8004144,-89.9352992,,,,,,,,,,,,,,,
Wayne Farms Feed Mill,825 Twin Mill Dr,Maysville,Georgia,30558,34.2456445,-83.5491353,,,,,,,,,,,,,,,
Mountaire Farms Feed Mill -- Millsboro,29107 John J Williams Hwy,Millsboro,Delaware,19966,38.6011062,-75.2662317,,,,,,,,,,,,,,,
Allied Cooperative | Seymour Feed/Grain,440 Morrow St,Seymour,Wisconsin,54165,44.5128863,-88.3355366,,,,,,,,,,,,,,,
Bachoco USA Feed Mill - Heavener,18593 OK-128,Heavener,Oklahoma,74937,34.8732203,-94.5866016,,,,,,,,,,,,,,,
Tyson Foods Feed Mill- Holdenville,201 Kingsberry Rd,Holdenville,Oklahoma,74848,35.0820494,-96.4216077,,,,,,,,,,,,,,,
Ardent Mills (Wheat Midds Loadout),210 William St,Alton,Illinois,62002,38.8910332,-90.1901126,,,,,,,,,,,,,,,
Haystack Farm & Feeds,556 SW Holly Ln,Culver,Oregon,97734,44.5315255,-121.1411754,,,,,,,,,,,,,,,
"Snider's Elevator, Inc.",4551 Lemar Rd,Mercersburg,Pennsylvania,17236,39.8615159,-77.860911,,,,,,,,,,,,,,,
"The Feed Mill, Inc.",104 5th Ave SE,Barnesville,Minnesota,56514,46.648911,-96.419487,,,,,,,,,,,,,,,
Vitalix Manufacturing Plant,"3278 Road, Rd 101E",Sidney,Nebraska,69162,41.2258553,-103.092862,,,,,,,,,,,,,,,
Vitalix Inc,1820 10th Ave,Sidney,Nebraska,69162,41.1354825,-102.9765235,,,,,,,,,,,,,,,
Baja Yucca Company,8711 E Pinnacle Peak Rd #263,Scottsdale,Arizona,85255,33.6979251,-111.893088,,,,,,,,,,,,,,,
"St. Ansgar Mills, Inc.",402 E 7th St,St Ansgar,Iowa,50472,43.3755521,-92.9148759,,,,,,,,,,,,,,,
R & W Milling Co,18124 Military Trail Rd,Wamego,Kansas,66547,39.2025556,-96.2947804,,,,,,,,,,,,,,,
Imperial Western Products,86600 Avenue 54,Coachella,California,92236,33.6576942,-116.1580627,,,,,,,,,,,,,,,
Alabama Catfish Feedmill LLC,1420 Washington St,Uniontown,Alabama,36786,32.4483718,-87.499649,,,,,,,,,,,,,,,
HOG Farms and Feed,14425 SE Wallace Rd,Dayton,Oregon,97114,45.1541426,-123.0558857,,,,,,,,,,,,,,,
CP Feeds,361 County Rd U,Wrightstown,Wisconsin,54180,44.3240547,-88.1968765,,,,,,,,,,,,,,,
Tyson Foods Inc Feed Mill,5024 US-64,Russellville,Arkansas,72802,35.2586254,-93.0648556,,,,,,,,,,,,,,,
Perfection Pet Truck Entrance,30366 Camp Dr,Visalia,California,93291,36.3379087,-119.4117029,,,,,,,,,,,,,,,
Freeman's Feedmill & Farms,2600 US-84,Jonesville,Louisiana,71343,31.6064856,-91.8752295,,,,,,,,,,,,,,,
Key Ingredients,1225 Nelson Pkwy,Viroqua,Wisconsin,54665,43.571157,-90.882347,,,,,,,,,,,,,,,
Peace Valley Production,,Fort Meade,Florida,33841,27.7464449,-81.850782,,,,,,,,,,,,,,,
JDH,2407 Warren Ave,Twin Falls,Idaho,83301,42.5357177,-114.4360067,,,,,,,,,,,,,,,
"York Ag Products, Inc.",1060 Roosevelt Ave,York,Pennsylvania,17404,39.9684264,-76.7516641,,,,,,,,,,,,,,,
"Falls City Foods, LLC",404 Pacific St,Falls City,Nebraska,68355,40.0497283,-95.593811,,,,,,,,,,,,,,,
Somerset Milling Company,,,,,46.423669,-129.9427086,,,,,,,,,,,,,,,
"Phytobiotics North America, LLC",209 New Edition Ct,Cary,North Carolina,27511,35.7679556,-78.7849862,,,,,,,,,,,,,,,
Aviagen,300 Drake Rd,Sallisaw,Oklahoma,74955,35.434107,-94.7961494,,,,,,,,,,,,,,,
Cottor Farms,2592 20th Ave,Osceola,Wisconsin,54020,45.2381691,-92.6904014,,,,,,,,,,,,,,,
Rudy’s Feed Mill,6845 S Western Ave,Oklahoma City,Oklahoma,73139,35.397037,-97.5306799,,,,,,,,,,,,,,,
"Merrick Pet Care, Inc.",3275 Tierra Blanca Rd,Hereford,Texas,79045,34.7619209,-102.4618225,,,,,,,,,,,,,,,
"Earlybird Nutrition, LLC",300 E Broadway St,Roseville,Illinois,61473,40.7295497,-90.6599446,,,,,,,,,,,,,,,
Spencer Brother's Feed,555 S State St,Mt Carmel,Utah,84755,37.2669483,-112.6476269,,,,,,,,,,,,,,,
Buck Bourbon,,,,,46.423669,-129.9427086,,,,,,,,,,,,,,,
Livestock Nutrition Center,500 Burlington Rd,Saginaw,Texas,76179,32.8649462,-97.3639976,,,,,,,,,,,,,,,
The Harvest Company,6420 OH-119,Maria Stein,Ohio,45860,40.407185,-84.5542,,,,,,,,,,,,,,,
Melody Acre Farms,555 W 350 S,Berne,Indiana,46711,40.6949927,-84.9461109,,,,,,,,,,,,,,,
Midwest Organics,16929 State Hwy EE,Sedalia,Missouri,65301,38.8301,-93.1683931,,,,,,,,,,,,,,,
Natural Farm Feed at The Copper Shop,6229 N Rambo Rd,Spokane,Washington,99224,47.7092236,-117.6244521,,,,,,,,,,,,,,,
Valley Proteins,8394 FM 380,San Angelo,Texas,76905,31.4794135,-100.3011605,,,,,,,,,,,,,,,
Jennie-O Turkey Store,300 Railway Ave,Henning,Minnesota,56551,46.3247743,-95.4448602,,,,,,,,,,,,,,,
Golden Rod Feed Mill,85 13th St NE,Cullman,Alabama,35055,34.189723,-86.850118,,,,,,,,,,,,,,,
Earlybird Nutrition - Chapin,201 Cooper St,Chapin,Illinois,62628,39.7712074,-90.3998144,,,,,,,,,,,,,,,
Hartzell Farm And Etna Elevator,120 N Walnut St,Etna Green,Indiana,46524,41.2771966,-86.0466319,,,,,,,,,,,,,,,
Feedmill,,Fairmount,Georgia,30139,34.3859911,-84.7121532,,,,,,,,,,,,,,,
Cool Canine Natural Dog Treats,26743 Deer Ln,Shell Knob,Missouri,65747,36.5389058,-93.6159685,,,,,,,,,,,,,,,
J.D. Heiskell & Co.,41490 Marble Ave,Stoneham,Colorado,80754,40.6034573,-103.6657703,,,,,,,,,,,,,,,
Lind Marine Collinsville,1285 Collinsville Rd,Suisun City,California,94585,38.0886599,-121.8524604,,,,,,,,,,,,,,,
Penny Newman Grain Co,9183 Survey Rd,Elk Grove,California,95624,38.375779,-121.35863,,,,,,,,,,,,,,,
MASUMEX,"Free Federal Highway km, 45 Warehouse 07 M2",Memphis,Tennessee,38197,35.1001766,-89.8498862,,,,,,,,,,,,,,,
J & R Distributing Inc,518 Main Ave,Lake Norden,South Dakota,57248,44.5806558,-97.2096942,,,,,,,,,,,,,,,
Godfrey's Feed- Desoto,107 Standard Elevator Rd,De Soto,Georgia,31743,31.9543724,-84.0452575,,,,,,,,,,,,,,,
Stuart Farm & Ranch,821 Roosevelt Ave,Stuart,Oklahoma,74570,34.9029935,-96.0996078,,,,,,,,,,,,,,,
Central Farm Service Feed Mill,101 4th Ave,Freeborn,Minnesota,56032,43.7643809,-93.5624283,,,,,,,,,,,,,,,
Standard Advanced Products and Services,247 West Ln Suite 2,Triadelphia,West Virginia,26059,40.0533491,-80.6291361,,,,,,,,,,,,,,,
Countryside Feed LLC,1972 KS-187,Seneca,Kansas,66538,39.8340001,-96.1251703,,,,,,,,,,,,,,,
Grasston Co-Op Feed Mill,209 Oak St,Grasston,Minnesota,55030,45.793451,-93.1487468,,,,,,,,,,,,,,,
Global Nutritional Corporation,527 Grove Ave,Edison,New Jersey,8820,40.5595058,-74.3579684,,,,,,,,,,,,,,,
"Nutrition 101, LLC",4578 Division St,Wayland,Michigan,49348,42.7523068,-85.6644378,,,,,,,,,,,,,,,
Livestock Nutrition Center,3680 Jones Ave,Garden City,Kansas,67846,37.987981,-100.929005,,,,,,,,,,,,,,,
Running Horse Feed,718 N Derby Ln,North Sioux City,South Dakota,57049,42.5356032,-96.496767,,,,,,,,,,,,,,,
Big Sky Minerals,,,,,46.423669,-129.9427086,,,,,,,,,,,,,,,
Land o lakes Purina,635 Collins Blvd,Orrville,Ohio,44667,40.8630301,-81.7585618,,,,,,,,,,,,,,,
Shetler Feeds LLC.,268 Audrain Rd 173,Clark,Missouri,65243,39.3423891,-92.2958419,,,,,,,,,,,,,,,
Hill's Pet Nutrition,1035 NE 43rd St,Topeka,Kansas,66617,39.1204657,-95.6370828,,,,,,,,,,,,,,,
the Rodent Shoppe,129 Plantation Dr,Waller,Texas,77484,30.2415585,-95.8677827,,,,,,,,,,,,,,,
Cooper Farms North Mill,3310 OH-49,Fort Recovery,Ohio,45846,40.4450855,-84.7814883,,,,,,,,,,,,,,,
United Cooperative,1236 Wilson Dr,Waupun,Wisconsin,53963,43.6125827,-88.730118,,,,,,,,,,,,,,,
Kent Feeds,5445 23rd St E,Columbus,Nebraska,68601,41.4371856,-97.258212,,,,,,,,,,,,,,,
Wallace Feed Mill,7567 County Rd 950 S,Winamac,Indiana,46996,40.9193203,-86.749279,,,,,,,,,,,,,,,
George's Inc. Feed Mill,9225 State Highway W,Cassville,Missouri,65625,36.7394142,-93.9167861,,,,,,,,,,,,,,,
Tyson,2305 O'Kelly Rd,Gainesville,Georgia,30507,34.2244737,-83.7870434,,,,,,,,,,,,,,,
Landus - SoyChlor,1301 N Olive St,Jefferson,Iowa,50129,42.0271863,-94.3701406,,,,,,,,,,,,,,,
IFA,2979 West 6300 South,Levan,Utah,84639,39.6144638,-111.8908157,,,,,,,,,,,,,,,
"GFP Global, Inc. DBA Genesis Feed Products",2547 Canyon Gate Pl,Twin Falls,Idaho,83301,42.6071149,-114.49344,,,,,,,,,,,,,,,
Horse Guard Inc,,,,,46.423669,-129.9427086,,,,,,,,,,,,,,,
AFCO Feed Mill,,,,,47.6550895,-117.2449299,,,,,,,,,,,,,,,
Penny-Newman Grain Co,300 Codoni Ave,Modesto,California,95357,37.6355575,-120.9087387,,,,,,,,,,,,,,,
Mesa Verde Trading Co,2513 W Shaw Ave STE 101,Fresno,California,93711,36.8065996,-119.8372441,,,,,,,,,,,,,,,
Montana Premium Forage,,,,,45.8717485,-112.0973036,,,,,,,,,,,,,,,
Just About Foods,1747 Hancock St A,San Diego,California,92101,32.7415181,-117.1833245,,,,,,,,,,,,,,,
Goat Feed Truck,,,,,40.62811195,-105.5692449,,,,,,,,,,,,,,,
Purina Mill,1886 E 1st St,Fort Worth,Texas,76102,32.7620631,-97.3199663,,,,,,,,,,,,,,,
"Value Feeds, LLC",4727 Sapphire St,Dallas,Texas,75223,32.7800555,-96.7403158,,,,,,,,,,,,,,,
Norris Feedyard,County Rd N,Clovis,New Mexico,88101,34.5327231,-103.2655304,,,,,,,,,,,,,,,
OT Feedyard & Research Center,975 Co Rd 606,Hereford,Texas,79045,34.6754943,-102.3782523,,,,,,,,,,,,,,,
JDH,1616 S Kentucky St c400,Amarillo,Texas,79102,35.1962457,-101.8696985,,,,,,,,,,,,,,,
Brenda and Dudley LLC DBA Cowtown Feed and Livestock,,,,,35.52241385,-108.7234771,,,,,,,,,,,,,,,
Midwest Feeders,,Ingalls,Kansas,67853,37.9436454,-100.4486541,,,,,,,,,,,,,,,
TwoBulls,6716 Scott Rd,Bray,Oklahoma,73055,34.5548934,-97.8674505,,,,,,,,,,,,,,,
OSU Feed Mill,202 Range Rd,Stillwater,Oklahoma,74074,36.120502,-97.141084,,,,,,,,,,,,,,,
Dynamic extrusion,2929A E Apache St,Tulsa,Oklahoma,74110,36.1933017,-95.9466681,,,,,,,,,,,,,,,
Kindstrom-Schmoll Inc,,,,,45.93809595,-91.7443205,,,,,,,,,,,,,,,
PROVITA SUPPLEMENTS Inc.,6103 Blue Cir Dr,Minnetonka,Minnesota,55343,44.8948477,-93.4105589,,,,,,,,,,,,,,,
"Hegg Mill, LLC",N23395 US-53,Ettrick,Wisconsin,54627,44.1776618,-91.2665328,,,,,,,,,,,,,,,
"Olmsted's Big Falls Mill, LLC",130 N. Main St,Big Falls,Wisconsin,54926,44.6163138,-89.0163791,,,,,,,,,,,,,,,
Endeavor Ag & Energy,13400 Van Buren St,Holland,Michigan,49424,42.8693102,-86.1139049,,,,,,,,,,,,,,,
biological prospects,1038 Nandino Blvd,Lexington,Kentucky,40511,38.0777812,-84.5020322,,,,,,,,,,,,,,,
Alliance Milling,2000 Hummel Ave,Camp Hill,Pennsylvania,17011,40.2336425,-76.9149583,,,,,,,,,,,,,,,
Love The Dog,,,,,41.500727,-72.757507,,,,,,,,,,,,,,,
Happy's Feed Store and Fuel Center,35954 US-6,Palisade,Nebraska,69040,40.3451438,-101.1072039,,,,,,,,,,,,,,,
Lapaseotes Broadwater,Unnamed Road,Broadwater,Nebraska,69125,41.5475883,-102.9449005,,,,,,,,,,,,,,,
Blue Creek Feeds,19551 Rd 70,Oshkosh,Nebraska,69154,41.4898525,-102.1843791,,,,,,,,,,,,,,,
Agfinity Feed South Scale,,Eaton,Colorado,80615,40.5249027,-104.7097553,,,,,,,,,,,,,,,
MPM Elite,22875 383rd Ave,Wessington Springs,South Dakota,57382,44.069895,-98.552344,,,,,,,,,,,,,,,
Agfinity Feed South Scale,,Eaton,Colorado,80615,40.5249027,-104.7097553,,,,,,,,,,,,,,,
NexGen Feed Solutions,1222 Co Rd 150,Burns,Wyoming,82053,41.1728369,-104.3304022,,,,,,,,,,,,,,,
"Sunbird, Inc. (Main Office)",702 3rd St SW,Huron,South Dakota,57350,44.362853,-98.225937,,,,,,,,,,,,,,,
Rhea Brothers GP,800 Co Rd W51,Lyons,Nebraska,68038,42.001977,-96.4884407,,,,,,,,,,,,,,,
Chandler Feed Co - Leota,10899 Birkett Ave,Leota,Minnesota,56153,43.8349876,-96.0136795,,,,,,,,,,,,,,,
Barnes Hay & Feed Co,2227 Co Rd B,Uehling,Nebraska,68063,41.7268795,-96.5005248,,,,,,,,,,,,,,,
L&C Custom Feeds,2989 250th St,Doon,Iowa,51235,43.2857938,-96.2007026,,,,,,,,,,,,,,,
Central Valley Ag Feedmill,28115 158th St,Duncan,Nebraska,68634,41.3928358,-97.4858133,,,,,,,,,,,,,,,
PTUSA York,2941 N Division Ave,York,Nebraska,68467,40.8921197,-97.5986363,,,,,,,,,,,,,,,
Agridyne Feed,,Crete,Nebraska,68333,40.6578226,-96.9140324,,,,,,,,,,,,,,,
Seaboard Feedmill,202 Industrial Ave,Okeene,Oklahoma,73763,36.1045494,-98.315483,,,,,,,,,,,,,,,
"Shaw Feedyard, Inc.",2428 County Road 15,Ashland,Kansas,67831,37.1305187,-99.8506642,,,,,,,,,,,,,,,
"Cuprem, Inc.",,,,,46.423669,-129.9427086,,,,,,,,,,,,,,,
Pleasant Valley Milling,17379 4th Ave,Mullinville,Kansas,67109,37.6417763,-99.5318454,,,,,,,,,,,,,,,
Delta Egg,,Chase,Kansas,67524,38.3751943,-98.3861107,,,,,,,,,,,,,,,
IDS,907 G St,Golden City,Missouri,64748,37.4004983,-94.0978005,,,,,,,,,,,,,,,
Tyson Foods Feed Mill- Bergman,212 Tyson Dr,Bergman,Arkansas,72615,36.3164863,-93.0100402,,,,,,,,,,,,,,,
Perdue AgriBusiness - Earlville Blending Protein Plant,100-198 N William St,Earlville,Iowa,52041,42.4819346,-91.2696489,,,,,,,,,,,,,,,
Darling International Inc.,202 Bengston St,Lynn Center,Illinois,61262,41.2967202,-90.3617065,,,,,,,,,,,,,,,
Dawe's Laboratories,1682 230th St,Moorland,Iowa,50566,42.4548403,-94.2672519,,,,,,,,,,,,,,,
Landus - SoyPlus,406 1st St,Ralston,Iowa,51459,42.0422339,-94.6375691,,,,,,,,,,,,,,,
Landus - SoyPlus,406 1st St,Ralston,Iowa,51459,42.0422339,-94.6375691,,,,,,,,,,,,,,,
Five Star Cooperative - Klemme,205 1st St,Klemme,Iowa,50449,43.0087235,-93.603138,,,,,,,,,,,,,,,
True North Technologies,4206 200th St,Estherville,Iowa,51334,43.3563635,-94.7568427,,,,,,,,,,,,,,,
Dawe's Laboratories,1682 230th St,Moorland,Iowa,50566,42.4548403,-94.2672519,,,,,,,,,,,,,,,
New Fashion Pork,1816 IA-4,Estherville,Iowa,51334,43.3825672,-94.824431,,,,,,,,,,,,,,,
S & S Grains,W26985 Lorch Ln,Arcadia,Wisconsin,54612,44.2942343,-91.4928775,,,,,,,,,,,,,,,
Premier Cooperative,26710 WI-27,Eastman,Wisconsin,54626,43.1811573,-91.0208343,,,,,,,,,,,,,,,
River Country Co-op East Office & Feed Mill,331 Industrial Ave,Owen,Wisconsin,54460,44.9516435,-90.5614963,,,,,,,,,,,,,,,
Superior Milling LLC,6640 U.S. Hwy 136 W,Waynetown,Indiana,47990,40.0763792,-87.0281885,,,,,,,,,,,,,,,
Creighton Brothers Feed Mill,8546 W Old Rd 30,Etna Green,Indiana,46524,41.2685075,-86.0088358,,,,,,,,,,,,,,,
Ceres Solutions,260 E Prosper Rd,Falmouth,Michigan,49632,44.243591,-85.088731,,,,,,,,,,,,,,,
Mealworms R Us LLC,5825 Ridge Rd,Cortland,Ohio,44410,41.3785164,-80.697219,,,,,,,,,,,,,,,
wild whitetail feed and minreal,,,,,40.3785187,-82.47386705,,,,,,,,,,,,,,,
Granite Ridge Feeds,2532 Apple Creek Rd,Apple Creek,Ohio,44606,40.7673587,-81.8364054,,,,,,,,,,,,,,,
Tyson Foods Feed Mill- Corydon,495 IN-64,Ramsey,Indiana,47166,38.3171845,-86.1351,,,,,,,,,,,,,,,
Perdue,1510 W 450 N,Washington,Indiana,47501,38.7220557,-87.1971481,,,,,,,,,,,,,,,
"Pilgrims Pride, Liveoak Feed Mill",1407-1499 Howard St,Live Oak,Florida,32064,30.3038291,-82.9996109,,,,,,,,,,,,,,,
Tri Oak Feed Mill,12445 County Rd 58.5,Sheridan Lake,Colorado,81071,38.4359275,-102.44592,,,,,,,,,,,,,,,
POTTER FEEDYARD,,Dalhart,Texas,79022,36.190969,-102.7212705,,,,,,,,,,,,,,,
Tri Oak Feed Mill,12445 County Rd 58.5,Sheridan Lake,Colorado,81071,38.4359275,-102.44592,,,,,,,,,,,,,,,
Surrency Ga.,,Surrency,Georgia,31563,31.7159183,-82.1748624,,,,,,,,,,,,,,,
Caledonia Farmers Elevator Co. Mason,104 S Lansing St,Mason,Michigan,48854,42.5818922,-84.4483414,,,,,,,,,,,,,,,
Farmers Grain & Supply Co,3589 E 900 S,Star City,Indiana,46985,40.9246788,-86.5307312,,,,,,,,,,,,,,,
Heritage Premium Horse Feed,,,,,39.6230376,-75.631553,,,,,,,,,,,,,,,
Booster Feed Mill,,Tulsa,Oklahoma,74115,36.1775683,-95.9172743,,,,,,,,,,,,,,,
Heirloom Feeds,,,,,46.423669,-129.9427086,,,,,,,,,,,,,,,
Heartland Feeds & Grain,9800 Co Rd 26,West Mansfield,Ohio,43358,40.4330729,-83.569344,,,,,,,,,,,,,,,
Harrison County Feed,15831 W State Hwy F,Bethany,Missouri,64424,40.3025698,-94.1200611,,,,,,,,,,,,,,,
Legacy Feed,477 S County Rd 600 E,New Castle,Indiana,47362,39.9236048,-85.2712608,,,,,,,,,,,,,,,
Wilbur Ellis Nutrition,1520 Forrester Rd,El Centro,California,92243,32.7602404,-115.6198617,,,,,,,,,,,,,,,
Lakeside Feed & Poultry,,Ravenden Springs,Arkansas,72460,36.385559,-91.0577774,,,,,,,,,,,,,,,
Chubby’s Raw Pet Provisions,30490 State Hwy HH,Sedalia,Missouri,65301,38.7554868,-93.1236825,,,,,,,,,,,,,,,
Pinnacle Livestock Nutrition,1 Goodlife Dr,Effingham,Illinois,62401,39.1186616,-88.5336052,,,,,,,,,,,,,,,
Adm Tampa,,Tampa,Florida,33616,27.8620624,-82.550209,,,,,,,,,,,,,,,
BDS Natural Products,14824 Main St,Gardena,California,90248,33.897069,-118.2750114,,,,,,,,,,,,,,,
Hull Coop Sheldon Feed Mill,105 W 8th St,Sheldon,Iowa,51201,43.1826827,-95.8571631,,,,,,,,,,,,,,,
Harleys food production corporation,8440 Glen Arbor Rd,Ben Lomond,California,95005,37.0758957,-122.0802014,,,,,,,,,,,,,,,
"Eastern Colorado Hay Company, LLC",31558 County Rd 2W,Hugo,Colorado,80821,39.1276113,-103.4895889,,,,,,,,,,,,,,,
River Country Co-op Feed Mill,333 WI-97 N,Athens,Wisconsin,54411,45.0442373,-90.0764958,,,,,,,,,,,,,,,
Cargill Feed and Nutrition,25054 Louisville Rd,Park City,Kentucky,42160,37.0957004,-86.0321729,,,,,,,,,,,,,,,
ADM Alliance Nutrition,301 S Jackson St,Nappanee,Indiana,46550,41.4400436,-85.9939797,,,,,,,,,,,,,,,
"Dallas Feed, Seed & Oil",214 E Trade St,Dallas,North Carolina,28034,35.3167106,-81.1734931,,,,,,,,,,,,,,,
Queensharonskitchen,4812 Lakeridge Dr,Ypsilanti,Michigan,48197,42.2542912,-83.6654701,,,,,,,,,,,,,,,
Mid State Milling,402 Market St,Buckeye,Iowa,50006,42.4163048,-93.3762988,,,,,,,,,,,,,,,
Wenger Feeds Hempfield Mill,3579 Hempland Rd,Lancaster,Pennsylvania,17601,40.044939,-76.406577,,,,,,,,,,,,,,,
Westway Feed Products LLC,300 93rd St,Houston,Texas,77012,29.7222383,-95.262158,,,,,,,,,,,,,,,
Animal Feed Technologies,8106 E Interstate Dr,Amarillo,Texas,79118,35.1918497,-101.7475264,,,,,,,,,,,,,,,
Pause 4 pawz2,,,,,46.423669,-129.9427086,,,,,,,,,,,,,,,
Cooper Specialty Feeds,400 W Main St,Union,Nebraska,68455,40.813543,-95.9180729,,,,,,,,,,,,,,,
Land O'Lakes Purina Feed,1501 E 4th St,Fort Worth,Texas,76102,32.7605004,-97.3204863,,,,,,,,,,,,,,,
Happy Grazers,1310 W Main St,Boise,Idaho,83702,43.6190551,-116.2094664,,,,,,,,,,,,,,,
Indian Creek Feeds,5593 AR-21,Berryville,Arkansas,72616,36.4315818,-93.5095687,,,,,,,,,,,,,,,
Indian Creek Feeds,5593 AR-21,Berryville,Arkansas,72616,36.4315818,-93.5095687,,,,,,,,,,,,,,,
J A Farms Feed Mill,2426 Finch Rd,Bismarck,Arkansas,71929,34.3200942,-93.1915899,,,,,,,,,,,,,,,
Heritage Feed,167 Halbert Ln,Waco,Texas,76705,31.6696047,-97.1449365,,,,,,,,,,,,,,,
Heritage Feed,167 Halbert Ln,Waco,Texas,76705,31.6696047,-97.1449365,,,,,,,,,,,,,,,
Jennie-O Turkey Feed Mill,25475 Cabot Ave,Faribault,Minnesota,55021,44.2194148,-93.2393944,,,,,,,,,,,,,,,
feed mill,,Danville,Arkansas,72833,35.0650922,-93.3960025,,,,,,,,,,,,,,,
People's Moss Gin Co PMG,159 Jeff Ln,Opelousas,Louisiana,70570,30.5677778,-92.0812497,,,,,,,,,,,,,,,
Rockingham Mill,114 Meigs Ln,Dayton,Virginia,22821,38.4229173,-78.9227759,,,,,,,,,,,,,,,
Yarnell Brothers Inc,103 E North St,Deshler,Ohio,43516,41.2128105,-83.8962783,,,,,,,,,,,,,,,
George's Inc. — Harrisonburg Feed Mill,61 Kratzer Ave,Harrisonburg,Virginia,22802,38.455126,-78.8679785,,,,,,,,,,,,,,,
Stephey Hay and Milling Co,1618 S Holly Canyon Dr,Ridgecrest,California,93555,35.6188897,-117.6622533,,,,,,,,,,,,,,,
Feed Commodities International,488 Northfield Rd,Bernardston,Massachusetts,1337,42.6753719,-72.503594,,,,,,,,,,,,,,,
Natural Farm Feed,5705 N Rambo Rd,Spokane,Washington,99224,47.7093759,-117.6173781,,,,,,,,,,,,,,,
Gold Star,300 Gleed Ave Suite 235,East Aurora,New York,14052,42.7601447,-78.6124654,,,,,,,,,,,,,,,
Scratch and Peck Feeds,872 N Hill Blvd,Burlington,Washington,98233,48.4899096,-122.3250729,,,,,,,,,,,,,,,
Clean Label Solution LLC,188 Pleasant Grove Rd,Ithaca,New York,14850,42.4669311,-76.4780699,,,,,,,,,,,,,,,
Tyson Foods Feed Mill- Gonzales,2504 Church St,Gonzales,Texas,78629,29.5272108,-97.4523675,,,,,,,,,,,,,,,
Triple M Farms,1525 King St,Lebanon,Pennsylvania,17042,40.3471537,-76.3838165,,,,,,,,,,,,,,,
Strauss Dairy Ingredients,600 Strauss Provimi Rd,North Manchester,Indiana,46962,41.004942,-85.784235,,,,,,,,,,,,,,,
Big V Feeds Inc,1621 E Electric Ave,McAlester,Oklahoma,74501,34.9434045,-95.737963,,,,,,,,,,,,,,,
"RRG, Inc. dba Red River Grain",S Hwy 377,Kingston,Oklahoma,73439,33.9941978,-96.7956924,,,,,,,,,,,,,,,
"Hawkeye Gold, LLC",2501 SE Tones Dr #500,Ankeny,Iowa,50021,41.705102,-93.5713246,,,,,,,,,,,,,,,
Wild Fed,10 Town Plaza #458,Durango,Colorado,81301,37.2745854,-107.8820865,,,,,,,,,,,,,,,
Direct Action Co Inc,6668 Old Rte 39 NW,Dover,Ohio,44622,40.5098117,-81.5864883,,,,,,,,,,,,,,,
Produce Processors LLC,4940 Hayes Ave,Plover,Wisconsin,54467,44.4399924,-89.6208094,,,,,,,,,,,,,,,
CPC-Conway,775 Equity Ave,Conway,Arkansas,72032,35.0678656,-92.4254231,,,,,,,,,,,,,,,
Rangen Inc,1500 E Cedar St,Angleton,Texas,77515,29.1685405,-95.4154868,,,,,,,,,,,,,,,
Holgate Milling,G510 Co Rd 14,Holgate,Ohio,43527,41.2614691,-84.1318512,,,,,,,,,,,,,,,
Zylstra Commodities,230 Park St,Grinnell,Iowa,50112,41.7334137,-92.7219247,,,,,,,,,,,,,,,
Mid-South Milling Company,1141 Channel Ave,Memphis,Tennessee,38106,35.1028803,-90.0910866,,,,,,,,,,,,,,,
Specialty Feed Inc,2301 Latham St,Memphis,Tennessee,38109,35.0844302,-90.0529789,,,,,,,,,,,,,,,
ADM Frankfort (Soy Processing),2191 W County Rd 0 N/S,Frankfort,Indiana,46041,40.2852783,-86.548329,,,,,,,,,,,,,,,
Wilbur-Ellis Nutrition - Rangen,115 13th Ave S,Buhl,Idaho,83316,42.596394,-114.7622874,,,,,,,,,,,,,,,
Seaboard Mill Hugoton,Rd 11,Hugoton,Kansas,67951,37.1750922,-101.3784962,,,,,,,,,,,,,,,
Next Gen Feedyard,Rd Bb,Hugoton,Kansas,67951,37.3586769,-101.456108,,,,,,,,,,,,,,,
Rocking H Farms,2250 Co Rd 311,Saragosa,Texas,79780,31.0752751,-103.6566798,,,,,,,,,,,,,,,
JDH,10188 Kansas Ave,Hanford,California,93230,36.2159602,-119.6444508,,,,,,,,,,,,,,,
Farm Bureau Co-Op Association,1629 Curryville Rd,Martinsburg,Pennsylvania,16662,40.2773059,-78.338592,,,,,,,,,,,,,,,
Perdue Farms - Nashville Feed Mill,1835 US Highway 64A,Nashville,North Carolina,27856,35.9664955,-78.0000762,,,,,,,,,,,,,,,
South Texas Cattle and Hay LLC.,19399 N Parker Rd,Santa Rosa,Texas,78593,26.2691578,-97.8212754,,,,,,,,,,,,,,,
Waukon Feed Ranch Feedmill,,Waukon,Iowa,52172,43.2681012,-91.488816,,,,,,,,,,,,,,,
Priority IAC,3504 County Rd C R,Manitowoc,Wisconsin,54220,44.0567863,-87.7020255,,,,,,,,,,,,,,,
Elsworth Feed and Grain,3149 Valley Falls Rd,Schaghticoke,New York,12154,42.9786727,-73.5496559,,,,,,,,,,,,,,,
D & D Ingredient Distributors,5191 N Kill Rd,Delphos,Ohio,45833,40.8098373,-84.3883819,,,,,,,,,,,,,,,
Tyson Foods Feed Mill- Pine Bluff,4601 Emmett Sanders Rd,Pine Bluff,Arkansas,71601,34.264046,-91.9387802,,,,,,,,,,,,,,,
Scratch and Peck Feeds,425 W 39th St,South Sioux City,Nebraska,68776,42.452284,-96.4178025,,,,,,,,,,,,,,,
Custom Tech Blends Inc,100 Dennis St,Sublette,Kansas,67877,37.481767,-100.8520666,,,,,,,,,,,,,,,
Allied Cooperative | Feed Mill,165 Mill St S,West Salem,Wisconsin,54669,43.8953301,-91.0790823,,,,,,,,,,,,,,,
Bakery Feeds,601 Liberty Dr,Bryan,Texas,77807,30.7036547,-96.4263897,,,,,,,,,,,,,,,
McClaskey Feed Company,3420 Fairmont Ave,Collinsville,Illinois,62234,38.6643576,-90.0414909,,,,,,,,,,,,,,,
Gods country harvest,,De Kalb,Texas,75559,33.6029935,-94.5341075,,,,,,,,,,,,,,,
Martin's Elevator Inc.,13219 Maugansville Rd,Hagerstown,Maryland,21740,39.6772628,-77.7395536,,,,,,,,,,,,,,,
Premium Pellets LLC,"32625 County, Rd 3.75",Lamar,Colorado,81052,38.1083444,-102.6917782,,,,,,,,,,,,,,,
Perdue Farms - Forsyth Feed Mill,133 Industrial Park Rd,Forsyth,Georgia,31029,33.0247011,-83.9135213,,,,,,,,,,,,,,,
Martindale Feed Mill,330 Gilmer St,Sulphur Springs,Texas,75482,33.134289,-95.6009538,,,,,,,,,,,,,,,
Tyson Foods Feed Mill- Estill Springs,206 Tyson Dr,Estill Springs,Tennessee,37330,35.2750736,-86.1264824,,,,,,,,,,,,,,,
Mule City Specialty Feeds Inc,1202 N Wall St,Benson,North Carolina,27504,35.3895979,-78.5390155,,,,,,,,,,,,,,,
Christensen Farms Feed Mill,48259 877th Rd,Atkinson,Nebraska,68713,42.53622,-98.844624,,,,,,,,,,,,,,,
Farmer's Feed Mill,225 E Hampden Ave,Fergus Falls,Minnesota,56537,46.2795271,-96.0711379,,,,,,,,,,,,,,,
"American Proteins, Inc.",82 Georgia Feed Dr,Cuthbert,Georgia,39840,31.7709518,-84.7347456,,,,,,,,,,,,,,,
Baker's Feed,10990 Cottageville Hwy,Cottageville,South Carolina,29435,32.9366481,-80.4809121,,,,,,,,,,,,,,,
FM Ingredients,10924 Hilmar Rd,Turlock,California,95380,37.4254971,-120.9749042,,,,,,,,,,,,,,,
EW Nutrition,28800 R Ave,Adel,Iowa,50003,41.6173722,-93.9591804,,,,,,,,,,,,,,,
Free Wing Farms - Organic Feed Mill & Feed Store,3210 Co Rd 232,Gonzales,Texas,78629,29.5835397,-97.5282907,,,,,,,,,,,,,,,
BioDynamics LLC,611 US-20 South,Hines,Oregon,97738,43.5498103,-119.0848603,,,,,,,,,,,,,,,
Great Plains Processing - Luverne,301 S Walnut Ave,Luverne,Minnesota,56156,43.6507961,-96.2215599,,,,,,,,,,,,,,,
Ralco Distribution Center,2932 MN-23,Marshall,Minnesota,56258,44.4769523,-95.7552249,,,,,,,,,,,,,,,
Bales Hay Farm & Ranch Feed Store,20600 W Beloat Rd,Buckeye,Arizona,85326,33.364746,-112.4998397,,,,,,,,,,,,,,,
Cargill Animal Nutrition,104 Etna St,Mentone,Indiana,46539,41.173964,-86.043515,,,,,,,,,,,,,,,
Wayne Farms Feedmill,2900 Lake Guntersville Park Dr,Guntersville,Alabama,35976,34.3473364,-86.2882056,,,,,,,,,,,,,,,
Tucker Milling LLC,85 Signal Point Rd,Guntersville,Alabama,35976,34.348827,-86.2697006,,,,,,,,,,,,,,,
CBS Bio Platforms,111 Kasan Ave,Volga,South Dakota,57071,44.3243485,-96.9270436,,,,,,,,,,,,,,,
"Prairie Grain Processors, LLC",2351 County Rd 400E,Lovington,Illinois,61937,39.7476143,-88.7387238,,,,,,,,,,,,,,,
Bluff Country Feed & Seed,158 Marten St,Mondovi,Wisconsin,54755,44.5680428,-91.6549203,,,,,,,,,,,,,,,
Purina Mills Inc,1125 Purina Dr,Gainesville,Georgia,30501,34.2958586,-83.8085042,,,,,,,,,,,,,,,
CWT Farms International Inc,470 Moreno St,Gainesville,Georgia,30501,34.289678,-83.8168782,,,,,,,,,,,,,,,
"White Oak Mills, Inc.",419 W High St,Elizabethtown,Pennsylvania,17022,40.1490344,-76.6126004,,,,,,,,,,,,,,,
Ainsworth Feed Processing,87012 NE-7,Ainsworth,Nebraska,69210,42.4353802,-99.8711557,,,,,,,,,,,,,,,
Great Plains Processing - Yankton,2011 Alumax Rd,Yankton,South Dakota,57078,42.8860359,-97.3609237,,,,,,,,,,,,,,,
Countryside Feed LLC,101 Santa Fe St,Hillsboro,Kansas,67063,38.361799,-97.184114,,,,,,,,,,,,,,,
Charlees Fly Spray,4905 S State Rd 7,Wellington,Florida,33449,26.6078261,-80.2057438,,,,,,,,,,,,,,,
MICOBE Inc,1302 E Main St,Hamilton,Texas,76531,31.6983872,-98.1075702,,,,,,,,,,,,,,,
Wenger Feeds Mount Joy Mill,230 S Market Ave #298,Mount Joy,Pennsylvania,17552,40.1125008,-76.5227245,,,,,,,,,,,,,,,
Backyard Chicken Feed,343 Pinkerton Rd,Mount Joy,Pennsylvania,17552,40.1014485,-76.5054041,,,,,,,,,,,,,,,
"Integrated Proteins, LLC",4447 State Hwy B,Purdy,Missouri,65734,36.8164376,-93.9861971,,,,,,,,,,,,,,,
"NutraAg, LLC",12747 Market Rd,Versailles,Missouri,65084,38.4937609,-92.7214486,,,,,,,,,,,,,,,
JDH,106 Central Ave,Wiggins,Colorado,80654,40.2320174,-104.0751399,,,,,,,,,,,,,,,
Birdsong Peanuts,1515 Industrial Dr,Ashburn,Georgia,31714,31.6827678,-83.6376342,,,,,,,,,,,,,,,
"Integrated Proteins, LLC",902 Lafayette St,St Joseph,Missouri,64503,39.7577703,-94.8489128,,,,,,,,,,,,,,,
BioZyme Inc.,6010 Stockyards Expy,St Joseph,Missouri,64504,39.7149637,-94.8778121,,,,,,,,,,,,,,,
Stevens Feed of Manheim,63 New Charlotte St,Manheim,Pennsylvania,17545,40.158683,-76.391668,,,,,,,,,,,,,,,
Feed Products South Inc,1024 Eagle Park Rd,Madison,Illinois,62060,38.6571884,-90.1529693,,,,,,,,,,,,,,,
Family Fresh Nutrition,223 N Guadalupe St #620,Santa Fe,New Mexico,87501,35.6906057,-105.944032,,,,,,,,,,,,,,,
Cold Copper Commodities Company LLC,1100 S Water St,Burnet,Texas,78611,30.7491846,-98.2296152,,,,,,,,,,,,,,,
Mountaire Farms Feed Mill - Frankford,11 Daisey St,Frankford,Delaware,19945,38.518616,-75.238291,,,,,,,,,,,,,,,
Stevens Feed Mill of Rural Retreat,208 E Baumgardner Ave,Rural Retreat,Virginia,24368,36.8933405,-81.2734724,,,,,,,,,,,,,,,
Tyson Feed Mill,4209 Johnson Rd,Springdale,Arkansas,72762,36.1480102,-94.1568069,,,,,,,,,,,,,,,
Protein Products Inc,1042 Hwy 3,Sunflower,Mississippi,38778,33.4921035,-90.5154571,,,,,,,,,,,,,,,
Fishbelt Feeds Inc,33 Moorhead Itta Bena Rd,Moorhead,Mississippi,38761,33.4528274,-90.4904403,,,,,,,,,,,,,,,
MARS PETCARE - IAMS,3700 State Rte 65,Leipsic,Ohio,45856,41.127598,-83.9600187,,,,,,,,,,,,,,,
Nelson Tubs LLC/TechMix LLC,961 1st St,Dassel,Minnesota,55325,45.0880368,-94.3086879,,,,,,,,,,,,,,,
MFA Plant Foods Division,1201 Beck Ln,Lebanon,Missouri,65536,37.6693516,-92.6771523,,,,,,,,,,,,,,,
LaBudde Group,8586 Sanilac Rd,Vassar,Michigan,48768,43.4082374,-83.6436767,,,,,,,,,,,,,,,
Pilgrim's Pride Corporation,1 Waco School Rd,Tallapoosa,Georgia,30176,33.7128555,-85.205002,,,,,,,,,,,,,,,
River valley Organics,277 Co Rd 3020,Hartman,Arkansas,72840,35.4963841,-93.663997,,,,,,,,,,,,,,,
WCleckLLC,,,,,46.423669,-129.9427086,,,,,,,,,,,,,,,
Koch Foods Feedmill,278 Herring Rd,Morton,Mississippi,39117,32.3616791,-89.6205924,,,,,,,,,,,,,,,
Old Mill Inc.,79 Walnut St,St Albans City,Vermont,5478,44.817648,-73.095456,,,,,,,,,,,,,,,
Eastern Oregon Processing,77455 Paterson Ferry Rd,Irrigon,Oregon,97844,45.828133,-119.5423185,,,,,,,,,,,,,,,
Fermented Nutrition,407 4th St,Luxemburg,Wisconsin,54217,44.5421333,-87.7105178,,,,,,,,,,,,,,,
Livestock Nutrition Center (LNC) - Tenaha,7665 US-96 North,Tenaha,Texas,75974,31.9207849,-94.230205,,,,,,,,,,,,,,,
Gancs Farms,156 First Creek Rd,Sissonville,West Virginia,25320,38.535341,-81.645981,,,,,,,,,,,,,,,
Chemlock Nutrition,9100 W Chester Towne Centre Rd Drive,West Chester Township,Ohio,45069,39.3264812,-84.4302392,,,,,,,,,,,,,,,
Skretting,712 E 2400 N,Tooele,Utah,84074,40.5720036,-112.2865324,,,,,,,,,,,,,,,
Stallard & Barrett Inc,375 County Rd 2500,Crete,Nebraska,68333,40.6577499,-96.9142692,,,,,,,,,,,,,,,
Darling International,1423 Beaver Channel Pkwy,Clinton,Iowa,52732,41.8145101,-90.2205862,,,,,,,,,,,,,,,
Seaboard Foods - Optima Feed Mill,1641 Mile 38 Optima Town,Guymon,Oklahoma,73942,36.7712976,-101.3426636,,,,,,,,,,,,,,,
AgPack Nutrition LLC,1392 Lloyd Cotton Sloan,Westville,Oklahoma,,35.9914614,-94.5692115,,,,,,,,,,,,,,,
Tyson Foods Feed Mill- Westville,Ross Swimmer Rd #1,Westville,Oklahoma,74965,36.039936,-94.5781579,,,,,,,,,,,,,,,
Cattle-Lac Liquids,1800 N Dixon St,Gainesville,Texas,76240,33.6417622,-97.145317,,,,,,,,,,,,,,,
Gothenburg Feed Products,1405 2nd Ave,Gothenburg,Nebraska,69138,40.9316223,-100.1680876,,,,,,,,,,,,,,,
"ReConserve of Texas, Inc.",3610 Duncanville Rd,Dallas,Texas,75236,32.698983,-96.906631,,,,,,,,,,,,,,,
Hallway Feeds,251 W Loudon Ave,Lexington,Kentucky,40508,38.063767,-84.4890779,,,,,,,,,,,,,,,
"Thee Old Mill, LLC",507 College Ave,Adrian,Michigan,49221,41.8972834,-84.0428033,,,,,,,,,,,,,,,
Sunshine Mills Inc,500 6th St SW,Red Bay,Alabama,35582,34.4449061,-88.1495822,,,,,,,,,,,,,,,
Hill's Pet Nutrition,320 NE Crane St,Topeka,Kansas,66603,39.0599301,-95.6652253,,,,,,,,,,,,,,,
CFE Feed Mill,262 S Central Ave,Hartley,Iowa,51346,43.1777071,-95.4767563,,,,,,,,,,,,,,,
Diamond W Natural Feeds,219 6th St,Rosebud,Texas,76570,31.0708084,-96.9788051,,,,,,,,,,,,,,,
Columbia Farms of Georgia - House of Raeford Farms,4949 GA-90,Oglethorpe,Georgia,31068,32.3330104,-84.1108011,,,,,,,,,,,,,,,
MarketingLLC feeding the poor and saving lives internationally,760 Ave C,Westwego,Louisiana,70094,29.9033519,-90.1442934,,,,,,,,,,,,,,,
ADM Specialty Grains,107 W Ithaca St,Muleshoe,Texas,79347,34.2331272,-102.733274,,,,,,,,,,,,,,,
Sun Classics LLC,402 W Fire Tower Rd,Winterville,North Carolina,28590,35.5489597,-77.393096,,,,,,,,,,,,,,,
Buck's@ Sunrise,243 Sunrise Rd,Petal,Mississippi,39465,31.3104169,-89.2175829,,,,,,,,,,,,,,,
El Granero Feed & Grain,11776 Sheep Creek Rd,Phelan,California,92371,34.46402,-117.5734078,,,,,,,,,,,,,,,
Agridyne LLC,520 N 1st St,Nebraska City,Nebraska,68410,40.682494,-95.847647,,,,,,,,,,,,,,,
Nichols,247 Ranch Rd 3334,Saragosa,Texas,79780,31.1093739,-103.6411685,,,,,,,,,,,,,,,
J & J Feeds & Needs,135 Allegheny Blvd,Brookville,Pennsylvania,15825,41.1576415,-79.0992357,,,,,,,,,,,,,,,
Adkins mill farm,142 Chapel Rd,Louisa,Kentucky,41230,38.1254455,-82.6609773,,,,,,,,,,,,,,,
Belstra Milling Co,424 15th St SE,De Motte,Indiana,46310,41.1885161,-87.1928171,,,,,,,,,,,,,,,
Wauregan Grain Co,35 Depot Rd,Wauregan,Connecticut,6387,41.7421089,-71.8962728,,,,,,,,,,,,,,,
Ramirez Ranch,22544 Callaway Rd,Perris,California,92570,33.7950487,-117.2697931,,,,,,,,,,,,,,,
Poulin Grain Inc,3916 US-5,Derby,Vermont,5829,44.9540865,-72.1454442,,,,,,,,,,,,,,,
Star Milling Co.,23901 Water St,Perris,California,92570,33.8180734,-117.2448222,,,,,,,,,,,,,,,
Green Mountain Feeds,65 Main St,Bethel,Vermont,5032,43.828921,-72.6316208,,,,,,,,,,,,,,,
Tyson Foods Feed Mill- Franklin,3150 Nashville Rd,Franklin,Kentucky,42134,36.6795121,-86.5594997,,,,,,,,,,,,,,,
SmartFeeds,,,,,46.423669,-129.9427086,,,,,,,,,,,,,,,
"Nutrition 101, LLC",4791 900 S,Pendleton,Indiana,46064,39.97292,-85.7632195,,,,,,,,,,,,,,,
Celebration Feeds,10321 Rockvale Rd,Rockvale,Tennessee,37153,35.7459341,-86.5499803,,,,,,,,,,,,,,,
JDH,1999 N Frontage Rd,Wendell,Idaho,83355,42.7660673,-114.6978171,,,,,,,,,,,,,,,
J D Heiskell & Co,,Wendell,Idaho,,42.7657808,-114.6981442,,,,,,,,,,,,,,,
Muenster Milling FD,2269 Masch Branch Rd,Denton,Texas,76207,33.2359234,-97.1990648,,,,,,,,,,,,,,,
Eastland Feed And Grain,600 W 17th St,Monroe,Wisconsin,53566,42.5936746,-89.6640804,,,,,,,,,,,,,,,
Anderson Farms,810 Mansfield Rd,Monroe,Louisiana,71202,32.306976,-92.0997019,,,,,,,,,,,,,,,
JDH,11518 Rd 120,Pixley,California,93256,35.998488,-119.302503,,,,,,,,,,,,,,,
Tyson Foods Feed Mill- South Fulton,5100 Tim Rice Rd,South Fulton,Tennessee,38257,36.4856872,-88.899717,,,,,,,,,,,,,,,
Mid South Milling,1717 Ballman Rd,Fort Smith,Arkansas,72901,35.4034393,-94.413882,,,,,,,,,,,,,,,
Bachoco USA Feed Mill - Fort Smith,700 B St S,Fort Smith,Arkansas,72901,35.38048,-94.4266614,,,,,,,,,,,,,,,
Pilgrim's Feed Mill,2842 FM1275,Nacogdoches,Texas,75961,31.5712479,-94.6479842,,,,,,,,,,,,,,,
Livestock Nutrition Center,301 SE Broadway,Keota,Oklahoma,74941,35.2532136,-94.9196806,,,,,,,,,,,,,,,
"Sunbird, Inc. (Specialty Plant)",1815 US-14,Huron,South Dakota,57350,44.372091,-98.184599,,,,,,,,,,,,,,,
Peco Farms Inc,,Gordo,Alabama,35466,33.318799,-87.9012316,,,,,,,,,,,,,,,
Rover's Choice,3750 Harris St,Eureka,California,95503,40.7799309,-124.1261513,,,,,,,,,,,,,,,
"Integrated Proteins, LLC",4001 Oscar Nelson Jr Dr Building D,Baytown,Texas,77523,29.7175696,-94.9189607,,,,,,,,,,,,,,,
Pilgrim's Pride Corporation,478 highway 369 north,Nashville,Arkansas,71852,34.0589332,-93.858497,,,,,,,,,,,,,,,
Scoular Live Oak,9282 97 Ln,Live Oak,Florida,32060,30.281967,-82.9475525,,,,,,,,,,,,,,,
Ceres Solutions,1484 E Washington St,White Cloud,Michigan,49349,43.5589635,-85.7650977,,,,,,,,,,,,,,,
Kirtland New Mexico,4381 US-64,Kirtland,New Mexico,87417,36.7334318,-108.3274301,,,,,,,,,,,,,,,
Braswell Family Farms Mill,105 E Cross St,Nashville,North Carolina,27856,35.9687875,-77.967257,,,,,,,,,,,,,,,
Wayne-Sanderson Farms South Alabama Feed Mill,1185 Co Rd 18,Ozark,Alabama,36360,31.373541,-85.5934994,,,,,,,,,,,,,,,
Tyson Foods Feed Mill- Crewe,1938 Patrick Henry Hwy,Jetersville,Virginia,23083,37.265276,-78.135087,,,,,,,,,,,,,,,
Tyson Feed Mill,8201 Elkin Hwy,Roaring River,North Carolina,28669,36.2047202,-81.0063037,,,,,,,,,,,,,,,
Star Blends Sparta Mill,1919 Riley Rd,Sparta,Wisconsin,54656,43.9365729,-90.783359,,,,,,,,,,,,,,,
Star Blends Office,2350 Commercial Dr #1,Sparta,Wisconsin,54656,43.9409928,-90.7793937,,,,,,,,,,,,,,,
Kothmann's Feed & Country Store,906 US-190,Menard,Texas,76859,30.9253714,-99.79929,,,,,,,,,,,,,,,
Pilgrim's Pride Feed Mill,979 Bradford St Ext,Gainesville,Georgia,30501,34.2886412,-83.816914,,,,,,,,,,,,,,,
KALMBACH FEEDS DBA WARE MILLING,150 Ware Dr,Houston,Mississippi,38851,33.9182812,-89.0167555,,,,,,,,,,,,,,,
Tyson Foods Local Grain Services,2200 W Don Tyson Pkwy,Springdale,Arkansas,72762,36.1546745,-94.154663,,,,,,,,,,,,,,,
Odon Feed & Grain Inc.,500 S East St,Odon,Indiana,47562,38.8383161,-86.9880549,,,,,,,,,,,,,,,
Peco Foods,318 N Locust Pl,Newark,Arkansas,72562,35.6941878,-91.4409487,,,,,,,,,,,,,,,
Furst-McNess Company - Corporate Office,1252 Bell Valley Rd Suite 220,Rockford,Illinois,61108,42.2568055,-88.9659895,,,,,,,,,,,,,,,
Perdue AgriBusiness - Binghamton Blending Protein Plant,44 Montgomery St,Binghamton,New York,13901,42.1103014,-75.8947463,,,,,,,,,,,,,,,
Purina animal nutrition llc,,Russell,Kansas,67665,38.8983437,-98.842652,,,,,,,,,,,,,,,
Sunshine Mills Inc,100 Sunshine Dr,Halifax,Virginia,24558,36.7617765,-78.9245302,,,,,,,,,,,,,,,
Crystal Farms Inc,3611 Old Oakwood Rd,Oakwood,Georgia,30566,34.2363714,-83.8760816,,,,,,,,,,,,,,,
Ag Processing Aberdeen,4815 8th Ave NE,Aberdeen,South Dakota,57401,45.4729576,-98.4155044,,,,,,,,,,,,,,,
American Family Feed Company,960 Sixth St,Norco,California,92860,33.9376687,-117.5423401,,,,,,,,,,,,,,,
Zink Family Farms and Feed (Non-GMO Animal Feeds),5068 National Rd,Clayton,Ohio,45315,39.8729816,-84.3509319,,,,,,,,,,,,,,,
Bio-Vet Inc,300 Ernie Dr,Barneveld,Wisconsin,53507,43.004976,-89.8999066,,,,,,,,,,,,,,,
Phoenix Feeds & Nutrition,5482 Ethan Allen Hwy,New Haven,Vermont,5472,44.1249313,-73.1837921,,,,,,,,,,,,,,,
Sanderson Farms Feed Mill,"3130 SE, East Loop 564",Mineola,Texas,75773,32.6499519,-95.4687652,,,,,,,,,,,,,,,
Mid-South Feeds Inc,421 Market St,Alma,Georgia,31510,31.5380298,-82.4698021,,,,,,,,,,,,,,,
Howlett Farms - Geneva Mill,4830 Pre Emption Rd,Geneva,New York,14456,42.7927474,-77.0085372,,,,,,,,,,,,,,,
Denkavit USA,20 Eagle Dr,Auburn,New York,13021,42.9216948,-76.6127216,,,,,,,,,,,,,,,
Lewiston Feed & Produce,105 E Main St,Lewiston,Minnesota,55952,43.9839985,-91.867354,,,,,,,,,,,,,,,
LF Feeds LLC,510 Tomahawk Ln,Bismarck,Arkansas,71929,34.3395962,-93.170393,,,,,,,,,,,,,,,
Darling Ingredients Inc. - Darpro Solutions,834 FM 227 East,Grapeland,Texas,75844,31.5005236,-95.4617546,,,,,,,,,,,,,,,
Central Mink Foods Inc,651 S Whelen Ave,Medford,Wisconsin,54451,45.1300727,-90.3435053,,,,,,,,,,,,,,,
"Quality Plus Feeds, Inc.",2033 Locust St,St Paul,Iowa,52657,40.7704575,-91.5188788,,,,,,,,,,,,,,,
Premier Feeds,11039 Hazelgreen Rd NE,Silverton,Oregon,97381,45.0107626,-122.8337178,,,,,,,,,,,,,,,
Heartland Organics LLC,302 E Lafayette St,LaGrange,Indiana,46761,41.6426407,-85.4143612,,,,,,,,,,,,,,,
"Koffmann Industries, LLC",11027 S Pikes Peak Dr STE 205,Parker,Colorado,80138,39.5166023,-104.7627308,,,,,,,,,,,,,,,
Vit-A-Zine Farm Supply,624 N Pennsylvania Ave,Lawson,Missouri,64062,39.4421294,-94.2036745,,,,,,,,,,,,,,,
Associated Feed,2944 Geer Rd,Hughson,California,95326,37.5903342,-120.8463819,,,,,,,,,,,,,,,
Strauss Feeds,W7507 Provimi Rd,Watertown,Wisconsin,53098,43.2192294,-88.7670777,,,,,,,,,,,,,,,
"Integrated Proteins, LLC",1333 NW Vivion Rd Suite 120,Kansas City,Missouri,64118,39.1819362,-94.599892,,,,,,,,,,,,,,,
Miller poultry,19227 Co Rd 146,New Paris,Indiana,46553,41.4936594,-85.8341421,,,,,,,,,,,,,,,
Cowboy's Choice Feeds,1131 CA-162,Butte City,California,95920,39.4610492,-121.9929121,,,,,,,,,,,,,,,
Pink Organic,700 Railroad Ave,Slaton,Texas,79364,33.4443188,-101.6428956,,,,,,,,,,,,,,,
"Zutat Feed Solutions, LLC",7794 N 3350 E Rd,Chatsworth,Illinois,60921,40.7438831,-88.2868719,,,,,,,,,,,,,,,
Fermentation Experts Inc,1201 N Ellis Rd #7055,Sioux Falls,South Dakota,57107,43.5604312,-96.8318426,,,,,,,,,,,,,,,
Rio Ranch Supply Co,816 Northwood Dr,Redwood Falls,Minnesota,56283,44.5470028,-95.0903652,,,,,,,,,,,,,,,
Rice Bran,,Hermitage,Arkansas,71647,33.4481989,-92.1648409,,,,,,,,,,,,,,,
CPC Carolina Distributing,1006 N George St,Goldsboro,North Carolina,27530,35.3952806,-77.9948252,,,,,,,,,,,,,,,
Feed Genius,304 Mill Ave,Fulda,Minnesota,56131,43.8669798,-95.5949354,,,,,,,,,,,,,,,
"Redeemer Feed, LLC",10 Industrial Blvd,Eden,Texas,76837,31.2307296,-99.8409992,,,,,,,,,,,,,,,
Golden Egg,340 Tower St,Gaylord,Minnesota,55334,44.5546565,-94.1987757,,,,,,,,,,,,,,,
Superior Ag Feed Mill,21419 County Rd 400 E,Dale,Indiana,47523,38.1965599,-86.9750976,,,,,,,,,,,,,,,
Great Plains Alfalfa,70036 NW 30th St,Pratt,Kansas,67124,37.6901168,-98.8686065,,,,,,,,,,,,,,,
Butterball Feed Mill,,Yellville,Arkansas,72687,36.2538594,-92.7379014,,,,,,,,,,,,,,,
Dodgeville Agri-Service Inc,208 King St,Dodgeville,Wisconsin,53533,42.975387,-90.136146,,,,,,,,,,,,,,,
Browns Mill LLC,,,,,37.065328,-85.9786956,,,,,,,,,,,,,,,
Mountaire Feed Mills,175 Morris Farm Rd,Candor,North Carolina,27229,35.2988474,-79.7162624,,,,,,,,,,,,,,,
Pilgrim's Pride Natchitoches Feed Mill,7088 LA-1,Natchitoches,Louisiana,71457,31.7198928,-93.0751026,,,,,,,,,,,,,,,
Johnson Growers,548 S Rd I,Johnson City,Kansas,67855,37.5690002,-101.6911729,,,,,,,,,,,,,,,
Calf Services,1717 N Shirk Rd,Visalia,California,93291,36.3449794,-119.3683802,,,,,,,,,,,,,,,
Miller Feed Services,1604 S Broadway,Miller,South Dakota,57362,44.4992737,-98.9863705,,,,,,,,,,,,,,,
High Rack Deer Feeders,180 E Division St,Mt. Juliet,Tennessee,37122,36.196677,-86.5163524,,,,,,,,,,,,,,,
CHS Nutrition,30797 Feedville Rd,Hermiston,Oregon,97838,45.8063799,-119.2940761,,,,,,,,,,,,,,,
Bentoli,2101 E St Elmo Rd,Austin,Texas,78744,30.2099444,-97.7489818,,,,,,,,,,,,,,,
Cargill Animal Nutrition Feed Mill,1510 Hathaway Dr,Owosso,Michigan,48867,43.003025,-84.1942291,,,,,,,,,,,,,,,
Re Cycle To Conserve Inc,1163 E Belmont St,Ontario,California,91761,34.0528481,-117.6304794,,,,,,,,,,,,,,,
Kalmbach Feeds of Pennsylvania,908 Mt Rock Rd,Shippensburg,Pennsylvania,17257,40.0109855,-77.5411166,,,,,,,,,,,,,,,
Furst-McNess Company,"W, 9077 Schutz Rd",Lodi,Wisconsin,53555,43.3385246,-89.4536132,,,,,,,,,,,,,,,
MFA Feed Mill - Gerald,200 W Springfield Rd,Gerald,Missouri,63037,38.4008139,-91.3332686,,,,,,,,,,,,,,,
"Heritage Cooperative, Inc",3770 Renkenberger Rd,Columbiana,Ohio,44408,40.9229316,-80.7225036,,,,,,,,,,,,,,,
Star Blends Chippewa Falls Mill & Office,2093 Commerce Pkwy,Chippewa Falls,Wisconsin,54729,44.9653361,-91.3668465,,,,,,,,,,,,,,,
River Country Co-op Feed Mill,N636 Railroad Ave,Sheldon,Wisconsin,54766,45.3116029,-90.9570089,,,,,,,,,,,,,,,
Gerber & Sons Inc,201 E Main St,Baltic,Ohio,43804,40.4398048,-81.7022775,,,,,,,,,,,,,,,
La Junta Milling & Elevator Co,100 Smithland Ave,La Junta,Colorado,81050,37.9877334,-103.5393272,,,,,,,,,,,,,,,
Custom Feed Services Corp,2100 N 13th St,Norfolk,Nebraska,68701,42.0575561,-97.4259643,,,,,,,,,,,,,,,
Ovid Elevator Co.,125 N Main St,Ovid,Michigan,48866,43.006316,-84.3719661,,,,,,,,,,,,,,,
Montez Feed & Fertilizer,11410 Hwy 290 E,Chappell Hill,Texas,77426,30.1310162,-96.2184661,,,,,,,,,,,,,,,
River Valley Cooperative - Feed Mill,201 SW 6th Ave,Galva,Illinois,61434,41.1642609,-90.0492926,,,,,,,,,,,,,,,
Tyson Foods Inc River Valley Ingredients,4211 Emmett Sanders Rd,Pine Bluff,Arkansas,71601,34.2547586,-91.9432259,,,,,,,,,,,,,,,
Tyson Foods Inc River Valley Ingredients,4211 Emmett Sanders Rd,Pine Bluff,Arkansas,71601,34.2547586,-91.9432259,,,,,,,,,,,,,,,
Edgewater Mills of Warren Inc,10199 S Wayne Rd,Warren,Indiana,46792,40.6802022,-85.4282239,,,,,,,,,,,,,,,
Peterson Processing & Organic Feeds,314 E 1st St,Mountain Grove,Missouri,65711,37.1283988,-92.2613143,,,,,,,,,,,,,,,
Flying Colors Organic Bird Seed,84 Central Ave,Tarrytown,New York,10591,41.0782563,-73.8615455,,,,,,,,,,,,,,,
Wisco Feeds,114 S 1st St,Abbotsford,Wisconsin,54405,44.9448219,-90.3184054,,,,,,,,,,,,,,,
Keystone Mills,336 Martindale Rd,Ephrata Township,Pennsylvania,17522,40.1571207,-76.1131981,,,,,,,,,,,,,,,
Two Rivers Co-Op,210 S D St,Arkansas City,Kansas,67005,37.0605474,-97.0336721,,,,,,,,,,,,,,,
R.J. Mangold Grain Co,16112 S Front St,Lacoste,Texas,78039,29.3087259,-98.816717,,,,,,,,,,,,,,,
Passel Farms,443 John C Calhoun Dr #6200,Orangeburg,South Carolina,29115,33.4887822,-80.8469441,,,,,,,,,,,,,,,
Farm Strong Feed Company,20327 E Stackpole Rd,Mount Vernon,Washington,98274,48.3802084,-122.3071285,,,,,,,,,,,,,,,
Penny Newman Grain,619 S Williams St,Hanford,California,93230,36.3173644,-119.6518183,,,,,,,,,,,,,,,
Central New York Feeds,349 Carmer Rd,Jordan,New York,13080,43.076452,-76.47883,,,,,,,,,,,,,,,
Mighty Deer Lick Co,N15492 Township Line Rd G,Powers,Michigan,49874,45.673,-87.449,,,,,,,,,,,,,,,
JDH,117 E Commercial St,Portales,New Mexico,88130,34.1878094,-103.3380952,,,,,,,,,,,,,,,
Diamond V,2525 60th Ave SW,Cedar Rapids,Iowa,52404,41.9182232,-91.7046023,,,,,,,,,,,,,,,
Tyson Foods Cullman Blend Mill,2011 3rd Ave SE,Cullman,Alabama,35055,34.1461425,-86.8275237,,,,,,,,,,,,,,,
United Petfood USA,1011 W 11th St,Mishawaka,Indiana,46544,41.6521957,-86.1947152,,,,,,,,,,,,,,,
Cargill Feed Mill,,Byhalia,Mississippi,38611,34.8643015,-89.6535649,,,,,,,,,,,,,,,
Cold Copper Commodities Company LLC,1810 RM 1431,Marble Falls,Texas,78654,30.5832134,-98.2841257,,,,,,,,,,,,,,,
Scott Pro,810 E 1st St,Scott City,Kansas,67871,38.4866785,-100.8974679,,,,,,,,,,,,,,,
Billy Allen Horse Feed,500 E Rd 130,Scott City,Kansas,67871,38.4540004,-100.8960145,,,,,,,,,,,,,,,
Donald Johnson's feed mill,445 N 367,Searcy,Arkansas,72143,35.2570979,-91.6703899,,,,,,,,,,,,,,,
Purina fremont,330 E Cloverly Rd,Fremont,Nebraska,68025,41.4189997,-96.4952588,,,,,,,,,,,,,,,
Tully AG Center,20 Onondaga St,Tully,New York,13159,42.7960904,-76.1072053,,,,,,,,,,,,,,,
Hirsch Feed Ava Feed Mill,904 Lyle St,Ava,Missouri,65608,36.9577052,-92.6621321,,,,,,,,,,,,,,,
Cargill Animal Nutrition,4634 Radford Rd,Flowery Branch,Georgia,30542,34.1977725,-83.9131898,,,,,,,,,,,,,,,
Cargill Animal Nutrition,4634 Radford Rd,Flowery Branch,Georgia,30542,34.1977725,-83.9131898,,,,,,,,,,,,,,,
Kent Feeds,8679 Kent Feed Rd,Beardstown,Illinois,62618,40.0004704,-90.411135,,,,,,,,,,,,,,,
Stevens Feed of Middleburg,2801 Paxtonville Rd,Middleburg,Pennsylvania,17842,40.767593,-77.0882763,,,,,,,,,,,,,,,
Farmer's Choice Feed Mill,4777 Kirksey Rd,Kirksey,Kentucky,42054,36.7104262,-88.3961493,,,,,,,,,,,,,,,
Ampro Products,30 cow creek road,Aliceville,Alabama,354420,33.0669495,-88.2453897,,,,,,,,,,,,,,,
Texas Best Panels,15614 N US Hwy 183,Lometa,Texas,76853,31.2098803,-98.3891921,,,,,,,,,,,,,,,
JDH,1711 S 2300 E,Gooding,Idaho,83330,42.9500293,-114.6377563,,,,,,,,,,,,,,,
Mine Creek Feed,21507 E 931 Cir,Pleasanton,Kansas,66075,38.1549644,-94.70578,,,,,,,,,,,,,,,
Big Sky Organic Feed,2502 Chouteau St,Fort Benton,Montana,59442,47.8292725,-110.6615289,,,,,,,,,,,,,,,
Pilgrim's Pride Corporation,205 Edgewood Dr,Wingate,North Carolina,28174,34.9831023,-80.4667894,,,,,,,,,,,,,,,
Livestock Nutrition Center,"1713 B, 1713 Industrial Blvd",Cameron,Texas,76520,30.8781559,-96.9826658,,,,,,,,,,,,,,,
Land O'Lakes Purina Feed,102 SE Booth Bend Rd,McMinnville,Oregon,97128,45.1925163,-123.199295,,,,,,,,,,,,,,,
Key-Lix Livestock Supplements,325 W 600 S,Smithfield,Utah,84335,41.8241662,-111.8424917,,,,,,,,,,,,,,,
Agrifeed LLC,,,,,46.423669,-129.9427086,,,,,,,,,,,,,,,
Blue Stem Organic Feed Mill,1565 280th St,Webster City,Iowa,50595,42.3841795,-93.8642777,,,,,,,,,,,,,,,
Ridley Block Operations,1057 US-69,Pittsburg,Kansas,66762,37.3724039,-94.7108229,,,,,,,,,,,,,,,
Mesquite Mills,2805 County Rd 1200 E,Loogootee,Indiana,47553,38.6979339,-86.942803,,,,,,,,,,,,,,,
Equus International Corporation,7310 N Anway Rd,Marana,Arizona,85653,32.337902,-111.320139,,,,,,,,,,,,,,,
"West Feeds, Inc",107 South Roberts St,West,Texas,76691,31.8003276,-97.0909996,,,,,,,,,,,,,,,
Norbest Feed Mill,"Unnamed Rd, Moroni, UT 84646",Moroni,Utah,84646,39.5011935,-111.5818731,,,,,,,,,,,,,,,
"Nutrition 101, LLC",304 Navajo Dr,Archdale,North Carolina,27263,35.895768,-79.9562543,,,,,,,,,,,,,,,
"Nutrition 101, LLC",304 Navajo Dr,Archdale,North Carolina,27263,35.895768,-79.9562543,,,,,,,,,,,,,,,
Purina Animal Nutrition Plant,307 N Avenue C,Clifton,Texas,76634,31.7869188,-97.57496,,,,,,,,,,,,,,,
UFI Feeding LLC,14605 Co Rd 21,Platteville,Colorado,80651,40.2178301,-104.8685846,,,,,,,,,,,,,,,
Livestock Nutrition Center Feed Mill,4050 US-60,Hereford,Texas,79045,34.8404027,-102.3438038,,,,,,,,,,,,,,,
"Royal Canin U.S.A., Inc.",6569 OH-503,Lewisburg,Ohio,45338,39.8329942,-84.5462568,,,,,,,,,,,,,,,
Cargill,6531 OH-503 N,Lewisburg,Ohio,45338,39.833417,-84.5404231,,,,,,,,,,,,,,,
Cargill,6531 OH-503 N,Lewisburg,Ohio,45338,39.833417,-84.5404231,,,,,,,,,,,,,,,
Advanced Animal Nutrition,1400 Nettleton Ave,Thayer,Missouri,65791,36.5117327,-91.5428039,,,,,,,,,,,,,,,
JDH,5765 Co Rd R,Stratford,Texas,79084,36.2564443,-102.0519803,,,,,,,,,,,,,,,
Opal Foods Feed Mill,900 Malcolm Mosby Dr,Neosho,Missouri,64850,36.833453,-94.3849388,,,,,,,,,,,,,,,
Alliance Feed LLC,2560 S 600 E,Columbia City,Indiana,46725,41.124684,-85.3765842,,,,,,,,,,,,,,,
Platinum Feeds & Supply,6140 W Co Rd 240 NW,Greensburg,Indiana,47240,39.3682864,-85.5946704,,,,,,,,,,,,,,,
"Sacate Pellet Mills, Inc.",38743 Cowtown Rd,Maricopa,Arizona,85138,33.0148849,-111.9843063,,,,,,,,,,,,,,,
Walpole Feed Mill,504 NW 9th St,Okeechobee,Florida,34972,27.2519855,-80.8342165,,,,,,,,,,,,,,,
Bartlett,320 Riverfront Rd,Atchison,Kansas,66002,39.535285,-95.1104265,,,,,,,,,,,,,,,
Blair Milling and Elevator Co.,1000 Main St,Atchison,Kansas,66002,39.5606149,-95.1275309,,,,,,,,,,,,,,,
Bowman Milling Co,330 Jackson Rd,Pocahontas,Missouri,63779,37.5001044,-89.6400484,,,,,,,,,,,,,,,
TransAgra International inc.,101 Gilbert St,Storm Lake,Iowa,50588,42.6344179,-95.1574091,,,,,,,,,,,,,,,
Furst-Mc Ness,2000 Expansion Blvd,Storm Lake,Iowa,50588,42.636444,-95.1697049,,,,,,,,,,,,,,,
South Central FS Feed Mill,13916 IL-37,Watson,Illinois,62473,39.0263748,-88.5454406,,,,,,,,,,,,,,,
Cargill,19 Starbuck St,Gouverneur,New York,13642,44.3283014,-75.4749874,,,,,,,,,,,,,,,
G A Wintzer & Son Co,204 W Auglaize St,Wapakoneta,Ohio,45895,40.5708617,-84.1965446,,,,,,,,,,,,,,,
"H.R. Wentzel Sons, Inc.",5521 Waggoners Gap Rd,Landisburg,Pennsylvania,17040,40.3269825,-77.2853228,,,,,,,,,,,,,,,
"CTS Liquid Feed, LLC",1 Cappel Dr,McCook,Nebraska,69001,40.2132164,-100.6565309,,,,,,,,,,,,,,,
Farmers Coop Society - Feed Office,258-298 3rd St NW,Sioux Center,Iowa,51250,43.0799123,-96.1788678,,,,,,,,,,,,,,,
Lankenau Construction Inc,302 S 10th St,Onida,South Dakota,57564,44.7051379,-100.0608269,,,,,,,,,,,,,,,
PreZero US Services - BSF Technology Center,1085 E California St,Ontario,California,91761,34.0560865,-117.6333312,,,,,,,,,,,,,,,
Hamlet Protein Inc.,5289 Hamlet Dr,Findlay,Ohio,45840,41.0754205,-83.6044548,,,,,,,,,,,,,,,
"Integrated Proteins, LLC",300 S 55th St Suite B,Kansas City,Kansas,66106,39.0941862,-94.7058495,,,,,,,,,,,,,,,
"Central Plains Milling (Columbus, NE)",2175 14th Ave,Columbus,Nebraska,68601,41.4365648,-97.3434377,,,,,,,,,,,,,,,
"AGresearch, Inc.",1 Genstar Ln # A,Joliet,Illinois,60435,41.5540315,-88.0834084,,,,,,,,,,,,,,,
Vita Plus Corporation,213 E Mill St,Loyal,Wisconsin,54446,44.7368207,-90.4944504,,,,,,,,,,,,,,,
Furst McNess,209 Bridge St,Eleroy,Illinois,61027,42.3325897,-89.7602152,,,,,,,,,,,,,,,
Nash Johnson,3362 US-117,Rose Hill,North Carolina,28458,34.8552343,-78.0369289,,,,,,,,,,,,,,,
AMVC Hamlin Feedmill,2289 Lark Ave,Hamlin,Iowa,50117,41.6752437,-94.8796992,,,,,,,,,,,,,,,
McConnaughey Feed & Livestock,154 Hutchinson Rd,Riverton,Wyoming,82501,43.1134824,-108.3523123,,,,,,,,,,,,,,,
"MaxRax Wildlife Nutrition, Inc",,,,,46.423669,-129.9427086,,,,,,,,,,,,,,,
K & L Feeds Inc,2243 US-522,Selinsgrove,Pennsylvania,17870,40.8047703,-76.9080925,,,,,,,,,,,,,,,
Ultra Balance Premium Koi Food,24067 Water St,Perris,California,92572,33.819088,-117.243337,,,,,,,,,,,,,,,
MarJac Feed Mill,505 Twin Mill Dr,Maysville,Georgia,30558,34.2450659,-83.5446118,,,,,,,,,,,,,,,
Jennie O Turkey Store Feedmill,,,,,46.423669,-129.9427086,,,,,,,,,,,,,,,
ADM Columbus,4260 Groves Rd,Columbus,Ohio,43232,39.933216,-82.88385,,,,,,,,,,,,,,,
Dakota Spirit Ag energy,,Jamestown,North Dakota,58401,46.925991,-98.5066833,,,,,,,,,,,,,,,
Georgia Land Masters,South St,Marshallville,Georgia,31057,32.3790826,-83.9142699,,,,,,,,,,,,,,,
Land O'Lakes Purina Feed,825 TX-36,Rosenberg,Texas,77471,29.5618618,-95.8287926,,,,,,,,,,,,,,,
American Pharmaceutical Innovations Co.,,,,,39.7393894,-89.266507,,,,,,,,,,,,,,,
American River AG,807 Cromwell Ave,Stockton,California,95203,37.9571523,-121.3647055,,,,,,,,,,,,,,,
"Wallace Grain Company, Inc.",604 S Main St,Sheridan,Indiana,46069,40.132927,-86.2209473,,,,,,,,,,,,,,,
Gold Star,299 Waverly St,Springville,New York,14141,42.5036544,-78.685707,,,,,,,,,,,,,,,
Kent Nutrition Group,1500 RMT Ave,Sheldon,Iowa,51201,43.173507,-95.86579,,,,,,,,,,,,,,,
General Feed & Grain Inc,7128 3rd St,Bonners Ferry,Idaho,83805,48.6951723,-116.3154291,,,,,,,,,,,,,,,
"Mustang Creek Feed, Seed & Supply",104 S Hughes St,Rio Vista,Texas,76093,32.2324987,-97.3769815,,,,,,,,,,,,,,,
United Farmers Cooperative - Livestock Service Center,40137 577th Ln,New Ulm,Minnesota,56073,44.366394,-94.4254837,,,,,,,,,,,,,,,