Company,Dealer Name,Contact / Seed Advisor,City,County,State,Zip
Beck's Hybrids,Rieken Ag LLC,Reece Rieken,Ackley,Hardin,IA,50601
Beck's Hybrids,Schumann Seed Service,Scott Schumann,Albert City,Pocahontas,IA,50510
Beck's Hybrids,Renaud Seed,Garret Renaud,Alden,Hardin,IA,50006
Beck's Hybrids,Lietz Seed,Paul Lietz,Alta,Buena Vista,IA,51002
Beck's Hybrids,Jon Blomgren,Jon Blomgren,Alvord,Lyon,IA,51230
Beck's Hybrids,Vander Sluis Ag,Greg Vander Sluis,Archer,Obrien,IA,51231
Beck's Hybrids,Cody Larson Farms Inc,Cody Larson,Armstrong,Kossuth,IA,50514
Beck's Hybrids,Nebergall Farms,Raymond Nebergall,Atalissa,Cedar,IA,52720
Beck's Hybrids,Aurora Elevator Inc,David Young,Aurora,Buchanan,IA,50607
Beck's Hybrids,Johnson Ag Solutions,Joshua Johnson,Belmond,Hancock,IA,50421
Beck's Hybrids,Roberts Seed,Joe Roberts,Belmond,Wright,IA,50421
Beck's Hybrids,Premier Ag Solutions LLC,Eugene Joos,Bloomfield,Davis,IA,52537
Beck's Hybrids,Timothy Halligan,Timothy Halligan,Brandon,Buchanan,IA,52210
Beck's Hybrids,Andersen Seed & Supply,Kimberly Andersen,Brighton,Jefferson,IA,52540
Beck's Hybrids,McNeil Crop Service LLC,Wayde McNeil,Brooklyn,Poweshiek,IA,52211
Beck's Hybrids,Matson Seed,Brent Matson,Buffalo Center,Winnebago,IA,50424
Beck's Hybrids,Steven Pudenz,Steven Pudenz,Carroll,Carroll,IA,51401
Beck's Hybrids,Z & J Farms LLC,Zach Reiter,Cascade,Dubuque,IA,52033
Beck's Hybrids,Livestock Systems,James Martin,Charles City,Floyd,IA,50616
Beck's Hybrids,Brockman Bros. Inc.,John Brockman,Clarinda,Page,IA,51632
Beck's Hybrids,Keller Seed,Waylon Keller,Clarion,Wright,IA,50525
Beck's Hybrids,Watson Seed Sales,Joel Watson,Clear Lake,Cerro Gordo,IA,50428
Beck's Hybrids,B & L Custom Ag LLC,Chris Larsen,Clearfield,Ringgold,IA,50840
Beck's Hybrids,McCoy Seed Inc.,Jeff McCoy,Coin,Page,IA,51636
Beck's Hybrids,Huston Ag Company,Johnathan Huston,Columbus Junction,Louisa,IA,52738
Beck's Hybrids,Crozier Seed LLC,Brook Crozier,Corning,Adams,IA,50841
Beck's Hybrids,EDGE Ag Solutions,Jason McManis,Corning,Adams,IA,50841
Beck's Hybrids,Middle Hills Seed,Matthew Welte,Danbury,Woodbury,IA,51019
Beck's Hybrids,Schmidt Ag Services,Rodney Schmidt,De Witt,Clinton,IA,52742
Beck's Hybrids,Jeff Chalstrom,Jeff Chalstrom,Dickens,Clay,IA,51333
Beck's Hybrids,Jaden Jacobsen Ag,Jaden Jacobsen,Dixon,Scott,IA,52745
Beck's Hybrids,Jeffrey R Krebill,Jeffrey Krebill,Donnellson,Lee,IA,52625
Beck's Hybrids,Dunkerton Coop,Bo Pagel,Dunkerton,Black Hawk,IA,50626
Beck's Hybrids,Dunlap Ag LLC,Michael Heistand,Dunlap,Harrison,IA,51529
Beck's Hybrids,Valley View Ag,Russ Funke,Dyersville,Dubuque,IA,52040
Beck's Hybrids,McCart Seeds,Derek McCart,Eagle Grove,Webster,IA,50533
Beck's Hybrids,Burger Ag Service LLC,Ryan Burger,Earlham,Madison,IA,50072
Beck's Hybrids,Wenger Seed,Aaron Wenger,Elgin,Fayette,IA,52141
Beck's Hybrids,Blake A Gjerde,Blake Gjerde,Estherville,Emmet,IA,51334
Beck's Hybrids,Jay Lausen,Jay Lausen,Estherville,Emmet,IA,51334
Beck's Hybrids,K & B Ag Supply,Brad Wernimont,Fairfax,Linn,IA,52228
Beck's Hybrids,ANF Acres,Ryan Bru,Gladbrook,Tama,IA,50635
Beck's Hybrids,Active Ag LLC,Kinser Jensen,Greene,Floyd,IA,50636
Beck's Hybrids,Fox Welding Co dba Fox Seed,Sean Fox,Greenfield,Adair,IA,50849
Beck's Hybrids,Next Generation Ag Services,Clay Geiter,Grundy Center,Grundy,IA,50638
Beck's Hybrids,Heath Blomquist,Heath Blomquist,Guthrie Center,Guthrie,IA,50115
Beck's Hybrids,ZoneTech Ag,Marcus Lewis,Guthrie Center,Guthrie,IA,50115
Beck's Hybrids,Premium Ag Solutions,Dale Peterson,Harcourt,Webster,IA,50544
Beck's Hybrids,Nick Hibma,Nick Hibma,Harris,Osceola,IA,51345
Beck's Hybrids,CGregg Ag Inc,Cameron Gregg,Hawarden,Sioux,IA,51023
Beck's Hybrids,Roquet Seed Supply,Mike Roquet,Hedrick,Keokuk,IA,52563
Beck's Hybrids,Boetger Seeds,Travis Boetger,Hinton,Plymouth,IA,51024
Beck's Hybrids,Next Gen Ag,Tabitha Demers,Hinton,Plymouth,IA,51024
Beck's Hybrids,CK Seeds,Chris Kirchhoff,Humboldt,Humboldt,IA,50548
Beck's Hybrids,Danny Lovett,Danny Lovett,Humeston,Wayne,IA,50123
Beck's Hybrids,Timberline Sales & Services,Joe Graber,Kalona,Washington,IA,52247
Beck's Hybrids,Greiner Seed Supply,Matthew Greiner,Keota,Keokuk,IA,52248
Beck's Hybrids,Cory J Pfab,Cory Pfab,La Motte,Jackson,IA,52054
Beck's Hybrids,Eric Hunziker Seed,Eric Hunziker,Lake View,Sac,IA,51450
Beck's Hybrids,Ruba Seed,Michael Ruba,Le Mars,Plymouth,IA,51031
Beck's Hybrids,Tom Newton,Tom Newton,Little Cedar,Mitchell,IA,50454
Beck's Hybrids,Brandon Taglauer,Brandon Taglauer,Lockridge,Jefferson,IA,52635
Beck's Hybrids,White Oak Seeds,Richard Burr,Lone Tree,Johnson,IA,52755
Beck's Hybrids,Derk  Radloff,Derk Radloff,Luana,Clayton,IA,52156
Beck's Hybrids,Darren Fehr,Darren Fehr,Mallard,Pocahontas,IA,50562
Beck's Hybrids,Preussner Seed,Will Preussner,Manchester,Delaware,IA,52057
Beck's Hybrids,Halbur Seeds,Nick Halbur,Manning,Carroll,IA,51455
Beck's Hybrids,Sporrer Ag LLC,Greg Sporrer,Manning,Audubon,IA,51455
Beck's Hybrids,"Manson Ag Services, Inc.",Mark Calmer,Manson,Calhoun,IA,50563
Beck's Hybrids,Maquoketa Feeds,Bob Mitchell,Maquoketa,Jackson,IA,52060
Beck's Hybrids,AM Rupp Ag Service,Andrew Rupp,Marcus,Cherokee,IA,51035
Beck's Hybrids,Steve Heffron,Steve Heffron,Melrose,Monroe,IA,52569
Beck's Hybrids,Muhlenbruch Seed,Tyler Muhlenbruch,Meservey,Franklin,IA,50457
Beck's Hybrids,"Olsen Seed Supply, LLC",Andy Olsen,Minden,Pottawattamie,IA,51553
Beck's Hybrids,Brian L Rife,Brian Rife,Mondamin,Harrison,IA,51557
Beck's Hybrids,J.L. Van Wyk,Jordin Van Wyk,Monroe,Jasper,IA,50170
Beck's Hybrids,Terpstra Crop Service,Jeremy Terpstra,Monroe,Jasper,IA,50170
Beck's Hybrids,K F Seeds LLC,Matthew Kroul,Mount Vernon,Linn,IA,52314
Beck's Hybrids,Diaan Roos,Diaan Roos,Muscatine,Muscatine,IA,52761
Beck's Hybrids,Tucker Farms LLC,Bill Tucker,New London,Des Moines,IA,52645
Beck's Hybrids,Overman Ag,Paul Overman,New Vienna,Delaware,IA,52065
Beck's Hybrids,Dyvig Enterprises,Daniel Dyvig,Northwood,Worth,IA,50459
Beck's Hybrids,Hanson Seed,Alex Hanson,Northwood,Worth,IA,50459
Beck's Hybrids,K & K Seed,Karl Boender,Oskaloosa,Mahaska,IA,52577
Beck's Hybrids,Grant Hibbing,Grant Hibbing,Paullina,Obrien,IA,51046
Beck's Hybrids,Wolf Creek Seed,Roger Wilcox,Pierson,Woodbury,IA,51048
Beck's Hybrids,"Lentz Family Seeds, LLC",Patrick Lentz,Plainfield,Butler,IA,50666
Beck's Hybrids,Stringtown Seed Shop,Tyler Sutter,Pleasantville,Marion,IA,50225
Beck's Hybrids,"Bkin Ag Services, LLC",Cory Miner,Postville,Allamakee,IA,52162
Beck's Hybrids,Handsaker Seeds,Brett Handsaker,Radcliffe,Hamilton,IA,50230
Beck's Hybrids,RGS Seed,Randy Galles,Remsen,Plymouth,IA,51050
Beck's Hybrids,J & S Precision Ag Plus Inc,Jerry Gorman,Richland,Keokuk,IA,52585
Beck's Hybrids,Progressive Agronomics Inc,Eric Breuer,Rock Valley,Sioux,IA,51247
Beck's Hybrids,Briggs Seeds,Kevin Briggs,Russell,Lucas,IA,50238
Beck's Hybrids,Jay Solsma,Jay Solsma,Sanborn,Obrien,IA,51248
Beck's Hybrids,James Seed Sales,Craig James,Searsboro,Poweshiek,IA,50242
Beck's Hybrids,DNA Seed LLC,Drew Nielsen,Shenandoah,Page,IA,51601
Beck's Hybrids,KMJ Farms INC,Brian Johnson,Shenandoah,Page,IA,51601
Beck's Hybrids,Justin A Nasers,Justin Nasers,Sibley,Osceola,IA,51249
Beck's Hybrids,Cla-Don Farms Inc,Corey Winterfeld,Sioux Center,Sioux,IA,51250
Beck's Hybrids,"CFL Ag, LLC",Austin Carlson,Stratford,Boone,IA,50249
Beck's Hybrids,"Smith Seed, LLC",Aaron Smith,Sumner,Fayette,IA,50674
Beck's Hybrids,Corey Timm,Corey Timm,Tama,Tama,IA,52339
Beck's Hybrids,Benda Farms Seed,Jacob Benda,Toledo,Tama,IA,52342
Beck's Hybrids,HoughFeedsInc dba HoughFarmsAg,Craig Hough,Underwood,Pottawattamie,IA,51576
Beck's Hybrids,Cody Schminke,Cody Schminke,Van Horne,Benton,IA,52346
Beck's Hybrids,Meyer Seeds,Aaron Meyer,Van Horne,Benton,IA,52346
Beck's Hybrids,Jeff Ridgway,Jeff Ridgway,Van Meter,Madison,IA,50261
Beck's Hybrids,Integrity Seed & Service,Bryan Kuntz,Wapello,Louisa,IA,52653
Beck's Hybrids,"Artesian Ag., Inc.",Andy Traetow,Waverly,Bremer,IA,50677
Beck's Hybrids,James D Jamison Irrev Tr,James Jamison,Weldon,Clarke,IA,50264
Beck's Hybrids,Denton Knobloch,Denton Knobloch,West Bend,Kossuth,IA,50597
Beck's Hybrids,"Anderson's Mad Kat Farms, Inc.",Sarah Anderson,West Branch,Cedar,IA,52358
Beck's Hybrids,Whittemore Feeders Supply Inc.,Chuck Wirtz,Whittemore,Kossuth,IA,50598
Beck's Hybrids,Hilltop Ag Solutions,Steven Wright,Wiota,Cass,IA,50274
Beck's Hybrids,CowPie AG LLC,Alex Adams,Woodward,Polk,IA,50276
Beck's Hybrids,Wayne Franck,Wayne Franck,Aledo,Mercer,IL,61231
Beck's Hybrids,Jeffrey W Heidrick,Jeffrey Heidrick,Alvin,Vermilion,IL,61811
Beck's Hybrids,HD Seed LLC,Dean Dinges,Amboy,Lee,IL,61310
Beck's Hybrids,Matthew Talkemeyer,Matt Talkemeyer,Arenzville,Cass,IL,62611
Beck's Hybrids,Middlefork Seeds LLC,Joe McElhoe,Armstrong,Vermilion,IL,61812
Beck's Hybrids,David Newell,David Newell,Ashland,Morgan,IL,62612
Beck's Hybrids,Michael K Messer,Michael Messer,Ashton,Lee,IL,61006
Beck's Hybrids,Henningsen Farms Seed LLC,"Jonathan ""Andy Henningsen",Atwood,Douglas,IL,61913
Beck's Hybrids,Kamp Seed Company,Matt Kamp,Batchtown,Calhoun,IL,62006
Beck's Hybrids,Foran Seed Inc,Paul Foran,Bement,Piatt,IL,61813
Beck's Hybrids,Burkdell Farms,Dwight Burkholder,Benton,Franklin,IL,62812
Beck's Hybrids,Joseph J Pickrell,Jason Pickrell,Buffalo,Sangamon,IL,62515
Beck's Hybrids,Burnt Prairie Fertilizer,Craig Masterson,Burnt Prairie,White,IL,62820
Beck's Hybrids,Bennett Seed Inc,Terry Bennett,Cambridge,Henry,IL,61238
Beck's Hybrids,Boelens Farms,Brock Boelens,Cambridge,Henry,IL,61238
Beck's Hybrids,Niekamp Seed,Kim Niekamp,Camp Point,Adams,IL,62320
Beck's Hybrids,Luebbers Ag,Eric Luebbers,Carlyle,Clinton,IL,62231
Beck's Hybrids,Bryant Seeds,Brian Bryant,Carmi,White,IL,62821
Beck's Hybrids,Nathan M Schnettgoecke,Nathan Schnettgoecke,Carrollton,Greene,IL,62016
Beck's Hybrids,Jackson Merritt,Jackson Merritt,Carthage,Hancock,IL,62321
Beck's Hybrids,Maulding Farm & Seed,Dick Maulding,Casey,Clark,IL,62420
Beck's Hybrids,Jacob Turner,Jacob Turner,Chandlerville,Mason,IL,62627
Beck's Hybrids,Butler Seed Service,Dan Butler,Chenoa,McLean,IL,61726
Beck's Hybrids,Enterprise Ag,Josh Atwood,Cisne,Wayne,IL,62823
Beck's Hybrids,Sunrise Seed LLC,George Harris,Clay City,Clay,IL,62824
Beck's Hybrids,Triple M Seed,Greg Anderson,Clinton,Dewitt,IL,61727
Beck's Hybrids,D'Arcy Farms,John D'Arcy,Coal City,Grundy,IL,60416
Beck's Hybrids,Mike Lofton,Mike Lofton,Cobden,Union,IL,62920
Beck's Hybrids,Wiegand Seed,Ronald Wiegand,Congerville,Woodford,IL,61729
Beck's Hybrids,Harle Farms,Timothy Harle,Coulterville,Randolph,IL,62237
Beck's Hybrids,Grace Farms,Jason Grace,Custer Park,Will,IL,60481
Beck's Hybrids,J. Faivre Ag LLC,Joshua Faivre,Dekalb,DeKalb,IL,60115
Beck's Hybrids,East Lynn Fertilizer Inc,Gordy Allen,East Lynn,Vermilion,IL,60932
Beck's Hybrids,Nathaniel Gieseke,Nathaniel Gieseke,Elkhart,Logan,IL,62634
Beck's Hybrids,Benji Odom,Benjamin Odom,Ewing,Franklin,IL,62836
Beck's Hybrids,Pleasant Ridge Seed Service,Matthew Ifft,Forrest,Livingston,IL,61741
Beck's Hybrids,Snyder Farms,Curtis Snyder,Fulton,Whiteside,IL,61252
Beck's Hybrids,New Edge LLC,Garry Hager,Galesburg,Knox,IL,61401
Beck's Hybrids,Brandan (BJ) Weber,Brandan Weber,Geneseo,Henry,IL,61254
Beck's Hybrids,C D Ford & Sons Inc,Aaron Blackert,Geneseo,Henry,IL,61254
Beck's Hybrids,Christopher J Thorp,Christopher Thorp,Gibson City,Ford,IL,60936
Beck's Hybrids,William M Heyen Seeds,William Heyen,Gillespie,Macoupin,IL,62033
Beck's Hybrids,Sand Ridge Seeds,Brian Stevenson,Gladstone,Henderson,IL,61437
Beck's Hybrids,Graymont Cooperative Assn,Matt Jacobs,Graymont,Livingston,IL,61743
Beck's Hybrids,Pro Valley LLC,Allen Rusk,Grayville,Edwards,IL,62844
Beck's Hybrids,Midstate Ag Inc,Mark Schleder,Green Valley,Tazewell,IL,61534
Beck's Hybrids,Russell D Cripe,Russell Cripe,Greenville,Bond,IL,62246
Beck's Hybrids,Lieb Farms,Josh Lieb,Hammond,Piatt,IL,61929
Beck's Hybrids,Ziebarth Farms,Arin Ziebarth,Hudson,Mclean,IL,61748
Beck's Hybrids,Timothy L Dalenberg,Timothy Dalenberg,Indianola,Vermilion,IL,61850
Beck's Hybrids,Illinois Ag Sales LLC,Peter Jarzen,Jacksonville,Morgan,IL,62650
Beck's Hybrids,Rich Greenwalt,Richard Greenwalt,Johnsonville,Wayne,IL,62850
Beck's Hybrids,David L Schafer,David Schafer,Kankakee,Kankakee,IL,60901
Beck's Hybrids,Fornoff Fertilizer Service Inc,Steve Ganther,Kilbourne,Mason,IL,62655
Beck's Hybrids,Lorc Weir Seed Service,Lorc Weir,Kinderhook,Pike,IL,62345
Beck's Hybrids,Karey Courson,Karey Courson,Kinmundy,Marion,IL,62854
Beck's Hybrids,Gary Decker,Gary Decker,Lawrenceville,Lawrence,IL,62439
Beck's Hybrids,Seitzinger Seed,Mike Seitzinger,Lawrenceville,Lawrence,IL,62439
Beck's Hybrids,Twin Rivers Ag,Nicholaus Benson,Lawrenceville,Lawrence,IL,62439
Beck's Hybrids,Spratt Family Farms LLC,James Spratt,Le Roy,McLean,IL,61752
Beck's Hybrids,Mitchell Hughes,Mitchell Hughes,Lena,Stephenson,IL,61048
Beck's Hybrids,Derek Porter,Derek Porter,Lewistown,Fulton,IL,61542
Beck's Hybrids,Jonathon L McGee,Jonathon McGee,Longview,Douglas,IL,61852
Beck's Hybrids,Alternative Ag Services & Cons,Matt Ewoldsen,Lyndon,Whiteside,IL,61261
Beck's Hybrids,Kevin Pinter Seed Supply,Kevin Pinter,Malden,Bureau,IL,61337
Beck's Hybrids,NHA Seed Service,Dennis Mueller,Manhattan,Will,IL,60442
Beck's Hybrids,Quigley Farms,Stephen Quigley,Manhattan,Will,IL,60442
Beck's Hybrids,Brouwers & Son Inc,Timothy Brouwers,Manteno,Kankakee,IL,60950
Beck's Hybrids,Hill Bros Seed Service,Thomas Hill,Marseilles,La Salle,IL,61341
Beck's Hybrids,Aman Morgan Seeds,Aman Morgan,Marshall,Clark,IL,62441
Beck's Hybrids,J. Williams Farms Inc,Brian Williams,Marshall,Clark,IL,62441
Beck's Hybrids,Mueth Seed,Doug Mueth,Mascoutah,Saint Clair,IL,62258
Beck's Hybrids,Rolling Prairie Farm Inc,James Bell,Mattoon,Coles,IL,61938
Beck's Hybrids,Sullivan Ag Solutions LLC,Ryan Sullivan,Mattoon,Coles,IL,61938
Beck's Hybrids,"Buss Ag Services, LLC",Adam Buss,Mendon,Adams,IL,62351
Beck's Hybrids,Morriah Seeds,Brendon Ulrich,Metamora,Woodford,IL,61548
Beck's Hybrids,Garry Starkey,Garry Starkey,Metcalf,Edgar,IL,61940
Beck's Hybrids,Illini Ag Solutions LLC,Matt Pence,Milford,Iroquois,IL,60953
Beck's Hybrids,Philip D Hartzler,Philip Hartzler,Minonk,Woodford,IL,61760
Beck's Hybrids,Gavin Brothers Seed,Paul Gavin,Monmouth,Warren,IL,61462
Beck's Hybrids,Hemmen Seed,Mark Hemmen,Montrose,Cumberland,IL,62445
Beck's Hybrids,Dorsey Farms Inc,Bradley Dorsey,Moro,Madison,IL,62067
Beck's Hybrids,Jeremy Hocking,Jeremy Hocking,Mount Carmel,Wabash,IL,62863
Beck's Hybrids,Robert Haase Farms Inc,David Haase,Mount Carmel,Wabash,IL,62863
Beck's Hybrids,James L Meador,James Meador,Mount Carroll,Carroll,IL,61053
Beck's Hybrids,Bayer Ag LLC,Bryan Bayer,Mount Vernon,Jefferson,IL,62864
Beck's Hybrids,Walk Seed,Gregory Walk,Neoga,Cumberland,IL,62447
Beck's Hybrids,Mark F Vahling,Mark Vahling,Newton,Jasper,IL,62448
Beck's Hybrids,Jim Briggs,Jim Briggs,Orangeville,Stephenson,IL,61060
Beck's Hybrids,Znaniecki Farms,Lawrence (Matt) Znaniecki,Ottawa,La Salle,IL,61350
Beck's Hybrids,Jeff Scott Farms LLC,Jeffrey Scott,Pana,Christian,IL,62557
Beck's Hybrids,Christopher Johnson,Christopher Johnson,Papineau,Iroquois,IL,60956
Beck's Hybrids,D Wayne Marrs,D Wayne Marrs,Paris,Edgar,IL,61944
Beck's Hybrids,Suits Ag Services,Eric Suits,Penfield,Champaign,IL,61862
Beck's Hybrids,Holliday Farms,Justin Holliday,Petersburg,Menard,IL,62675
Beck's Hybrids,Kasper Ag Solutions,Ed Kasper,Poplar Grove,Boone,IL,61065
Beck's Hybrids,Herrmann Integrated Agronomy,Benjamin Herrmann,Princeville,Peoria,IL,61559
Beck's Hybrids,Benning Seed,Michael Benning,Raymond,Montgomery,IL,62560
Beck's Hybrids,Pitchford Elevator Co,Brett Chesnek,Richview,Washington,IL,62877
Beck's Hybrids,John S Ayers Seed,John Ayers,Rochester,Sangamon,IL,62563
Beck's Hybrids,Land O Promise,John Yoder,Roodhouse,Macoupin,IL,62082
Beck's Hybrids,DuWayne McNeely Seed Service,DuWayne McNeely,Rushville,Schuyler,IL,62681
Beck's Hybrids,Malcomson Family Farms,Mike Malcomson,Rushville,Schuyler,IL,62681
Beck's Hybrids,George H Jones,George Jones,Saybrook,Mclean,IL,61770
Beck's Hybrids,Gripp Custom Farming Corp,Chad Gripp,Sheffield,Bureau,IL,61361
Beck's Hybrids,Circle R Fertilize Inc,Danny Rose,Springerton,White,IL,62887
Beck's Hybrids,B & M Ag Inc,Harry Gillette,Stockland,Iroquois,IL,60967
Beck's Hybrids,Heartland Ag,James (Austin) Lovelady,Tamaroa,Perry,IL,62888
Beck's Hybrids,Norris Farms,Travis Norris,Taylorville,Christian,IL,62568
Beck's Hybrids,E J Kelley,Edwin Kelley,Towanda,Mclean,IL,61776
Beck's Hybrids,John R Niebruegge,John Niebruegge,Valmeyer,Monroe,IL,62295
Beck's Hybrids,Brett Foglesong & Family,Brett Foglesong,Vermont,Fulton,IL,61484
Beck's Hybrids,Pezold Seed Sales,Douglas Pezold,Walshville,Montgomery,IL,62091
Beck's Hybrids,McKee Farms,Willie McKee,Warren,Jo Daviess,IL,61087
Beck's Hybrids,Hofmeister Seed,Jonathan Hofmeister,Warsaw,Hancock,IL,62379
Beck's Hybrids,Barnards Soil Service LLC,Gregg Barnard,Wayne City,Wayne,IL,62895
Beck's Hybrids,Peter Testin,Peter Testin,Wenona,Marshall,IL,61377
Beck's Hybrids,Probst Ag Inc,Alan Probst,Wheeler,Jasper,IL,62479
Beck's Hybrids,Eric Brown,Eric Brown,Winchester,Scott,IL,62694
Beck's Hybrids,Kevin Ramp,KEVIN RAMP,Yates City,Knox,IL,61572
Beck's Hybrids,Hank Riffle,Jacob Riffle,Akron,Kosciusko,IN,46910
Beck's Hybrids,Eric A Strater,Eric Strater,Albion,Noble,IN,46701
Beck's Hybrids,Davis Farms,Rob Davis,Ambia,Warren,IN,47917
Beck's Hybrids,Richard Smith Farms,Joshua Miller,Anderson,Madison,IN,46011
Beck's Hybrids,John B Anson,John Anson,Andrews,Huntington,IN,46702
Beck's Hybrids,Duck Creek  Ag Supply,Kris Johnson,Atlanta,Hamilton,IN,46031
Beck's Hybrids,House Family Farms,Michael House,Atlanta,Hamilton,IN,46031
Beck's Hybrids,Creighton Brothers LLC,Steve Miller,Atwood,Kosciusko,IN,46502
Beck's Hybrids,Haynes Dairy Farm Inc,Timothy & David Haynes,Auburn,De Kalb,IN,46706
Beck's Hybrids,Darrin S Alford,Darrin Alford,Bennington,Switzerland,IN,47011
Beck's Hybrids,LJ Schwartz Seed Sales,Lucas Schwartz,Berne,Adams,IN,46711
Beck's Hybrids,Lehman Feed Mill Inc,Jeff Lehman,Berne,Adams,IN,46711
Beck's Hybrids,Arnold Farms,Richard Arnold,Bluffton,Wells,IN,46714
Beck's Hybrids,Rettinger Farms,Jon Rettinger,Bourbon,Marshall,IN,46504
Beck's Hybrids,J Fisher Seed Service,Chad Fisher,Brazil,Clay,IN,47834
Beck's Hybrids,Houin Grain Farm,Charles &Marvin Houin,Bremen,Marshall,IN,46506
Beck's Hybrids,Richard L Schmidt,Richard Schmidt,Bremen,St Joseph,IN,46506
Beck's Hybrids,Phillips & Son Seed,John Phillips,Bristol,Elkhart,IN,46507
Beck's Hybrids,Gentry & Lehe,Chris Lehe,Brookston,White,IN,47923
Beck's Hybrids,Prairie View Farms,Jonathan Thompson,Brookston,White,IN,47923
Beck's Hybrids,Dorrel Farms,Dustan Dorrel,Brookville,Franklin,IN,47012
Beck's Hybrids,Simpson Creek Farm Services,Donald Myers,Brownsville,Fayette,IN,47325
Beck's Hybrids,Schopmeyer Ag,Ryan Schopmeyer,Centerpoint,Clay,IN,47840
Beck's Hybrids,Jim & Tom Rohe,Thomas Rohe,Centerville,Wayne,IN,47330
Beck's Hybrids,Kenneth L Newcom,Kenneth Newcom,Cicero,Hamilton,IN,46034
Beck's Hybrids,Rulon Enterprises LLC,Nick Rulon,Cicero,Hamilton,IN,46034
Beck's Hybrids,Scott Schuler,Scott Schuler,Cicero,Hamilton,IN,46034
Beck's Hybrids,Paul J Adams,Paul Adams,Clinton,Vermillion,IN,47842
Beck's Hybrids,Daryl R Stephenson,Daryl Stephenson,Coatesville,Hendricks,IN,46121
Beck's Hybrids,John R Gable,John Gable,Colfax,Montgomery,IN,46035
Beck's Hybrids,Stephen R Cormany,Stephen Cormany,Columbia City,Whitley,IN,46725
Beck's Hybrids,Frost Farms,Jack Frost,Connersville,Fayette,IN,47331
Beck's Hybrids,John E Weiler,John Weiler,Connersville,Fayette,IN,47331
Beck's Hybrids,Paul R Hauswald,Paul Hauswald,Corydon,Harrison,IN,47112
Beck's Hybrids,Stonecipher Ag,Bill Stonecipher,Covington,Fountain,IN,47932
Beck's Hybrids,Gogel Seeds,Ronald Gogel,Dale,Spencer,IN,47523
Beck's Hybrids,Dan K Bronnenberg,Dan Bronnenberg,Daleville,Delaware,IN,47334
Beck's Hybrids,Ron Hensley,Ron Hensley,Daleville,Delaware,IN,47334
Beck's Hybrids,Rebecca Moore Farms,Rebecca Moore,Danville,Hendricks,IN,46122
Beck's Hybrids,David Frank,David Frank,Decatur,Adams,IN,46733
Beck's Hybrids,Duane E Franz,Duane Franz,Decatur,Adams,IN,46733
Beck's Hybrids,Dustin Craig,Dustin Craig,Economy,Wayne,IN,47339
Beck's Hybrids,"Fieldtech Farm Supply, LLC",David Wilson,Elberfeld,Warrick,IN,47613
Beck's Hybrids,Ron Martin Seed & Supply LLC,Ron Martin,Elkhart,Elkhart,IN,46517
Beck's Hybrids,Merrill Keith Trimble,Merrill Trimble,Elwood,Madison,IN,46036
Beck's Hybrids,Chad Nifong,Chad Nifong,Etna Green,Kosciusko,IN,46524
Beck's Hybrids,Kurt E Stahl,Kurt Stahl,Evansville,Vanderburgh,IN,47715
Beck's Hybrids,Ken & Dennis Runyan,Ken Runyan,Fairmount,Grant,IN,46928
Beck's Hybrids,Shockney Seed Service Inc,Jeff Shockney,Farmland,Randolph,IN,47340
Beck's Hybrids,Dennis W Reynolds,Dennis Reynolds,Fishers,Hamilton,IN,46038
Beck's Hybrids,Bruce Dutter Farms Inc,Bruce Dutter,Flora,Carroll,IN,46929
Beck's Hybrids,Hirsch Genetics Inc,Michael Hirsch,Fort Branch,Gibson,IN,47648
Beck's Hybrids,Foster Farms,Keaton Foster,Fowler,Benton,IN,47944
Beck's Hybrids,James G Ramsey,James Ramsey,Frankfort,Clinton,IN,46041
Beck's Hybrids,Redding Farms Ag Service LLC,Josh Redding,Frankfort,Clinton,IN,46041
Beck's Hybrids,Long Farms,Steven Long,Franklin,Johnson,IN,46131
Beck's Hybrids,Shuter Sunset Farms Inc,Michael Shuter,Frankton,Madison,IN,46044
Beck's Hybrids,Lasater Enterprises Inc,Scott Lasater,Gaston,Delaware,IN,47342
Beck's Hybrids,Circle M Seed Sales LLC,Eric Mohr,Greenfield,Hancock,IN,46140
Beck's Hybrids,Horstman Seed Service LLC,Diana Horstman,Greensburg,Decatur,IN,47240
Beck's Hybrids,James R Kunz,James Kunz,Greensburg,Decatur,IN,47240
Beck's Hybrids,Tom Crosby,Tom Crosby,Greensburg,Decatur,IN,47240
Beck's Hybrids,Cross Creek Ag Solutions,Brad Downing,Greentown,Howard,IN,46936
Beck's Hybrids,BT Seed Solutions LLC,Greg Brawner,Hanover,Jefferson,IN,47243
Beck's Hybrids,Miller Seeds,Andrew Miller,Holton,Ripley,IN,47023
Beck's Hybrids,Ron S Eppard,Ron Eppard,Huntington,Huntington,IN,46750
Beck's Hybrids,KA Hochgesang Seed LLC,Kyle Hochgesang,Jasper,Dubois,IN,47546
Beck's Hybrids,Cody Musser,Cody Musser,Kentland,Newton,IN,47951
Beck's Hybrids,Douglas A Luhnow,Douglas Luhnow,Kewanna,Fulton,IN,46939
Beck's Hybrids,Brandon & Lindsay King,George King,Knightstown,Henry,IN,46148
Beck's Hybrids,"K & D Bennett Farms, LLC.","William  ""Kirk Bennett",Knox,Starke,IN,46534
Beck's Hybrids,Craig Birky,Craig Birky,Kouts,Porter,IN,46347
Beck's Hybrids,Edward P Drazer,Edward Drazer,Kouts,Porter,IN,46347
Beck's Hybrids,Chris Schoof,Chris Schoof,La Porte,La Porte,IN,46350
Beck's Hybrids,Kemper Farms,Alan Kemper,Lafayette,Tippecanoe,IN,47909
Beck's Hybrids,Stillwater Farms,Brenton Bible,Lafayette,Tippecanoe,IN,47909
Beck's Hybrids,Byron W Crow,Byron Crow,Lebanon,Boone,IN,46052
Beck's Hybrids,Tyler P Everett,Tyler Everett,Lebanon,Boone,IN,46052
Beck's Hybrids,William A Rawlings,Bill Rawlings,Lizton,Hendricks,IN,46149
Beck's Hybrids,Kevin L Wise,Kevin Wise,Lynn,Randolph,IN,47355
Beck's Hybrids,James W Wehner,James Wehner,Madison,Jefferson,IN,47250
Beck's Hybrids,Matt Clark,Matt Clark,Madison,Jefferson,IN,47250
Beck's Hybrids,Lester Earl Cates,Doug Kingseed,Marion,Grant,IN,46953
Beck's Hybrids,Tom Giltner Farming,Paul Giltner,Marysville,Clark,IN,47141
Beck's Hybrids,John T Rohrig III,John Rohrig,Milan,Ripley,IN,47031
Beck's Hybrids,Chad Conrad,Chad Conrad,Mill Creek,La Porte,IN,46365
Beck's Hybrids,Crop Tech Inc,Jerold Miller,Millersburg,Elkhart,IN,46543
Beck's Hybrids,Rosene Farms Inc,Mark Rosene,Monroeville,Allen,IN,46773
Beck's Hybrids,Eli G Knepp,Eli Knepp,Montgomery,Daviess,IN,47558
Beck's Hybrids,Jackson Superior Seeds,Reed Jackson,Mount Vernon,Posey,IN,47620
Beck's Hybrids,Hal &Ty Brown,Ty Brown,Mulberry,Clinton,IN,46058
Beck's Hybrids,All Wright Farms,Lon Wright,Muncie,Delaware,IN,47302
Beck's Hybrids,Ulmer Seed Sales,Travis Ulmer,New Haven,Allen,IN,46774
Beck's Hybrids,Craig J Faut,Craig Faut,New Palestine,Hancock,IN,46163
Beck's Hybrids,David L Snider,David Snider,New Paris,Elkhart,IN,46553
Beck's Hybrids,Reece Booher Farms Seed & Serv,Reece Booher,Newberry,Greene,IN,47449
Beck's Hybrids,Aaron M Sheller,Aaron Sheller,Noblesville,Hamilton,IN,46060
Beck's Hybrids,Greg & Jeff Michel,Jeff Michel,North Manchester,Wabash,IN,46962
Beck's Hybrids,Lee Mason Farms,James Mason,Oaktown,Knox,IN,47561
Beck's Hybrids,Jeffery C Koch,Jeffery Koch,Oldenburg,Franklin,IN,47036
Beck's Hybrids,Roger K Abplanalp,Roger Abplanalp,Osgood,Ripley,IN,47037
Beck's Hybrids,Michael J Marburger,Michael Marburger,Peru,Miami,IN,46970
Beck's Hybrids,Overman Seeds Inc,Aaron Overman,Peru,Miami,IN,46970
Beck's Hybrids,Bush Acres,Darrell Wagler,Plainville,Daviess,IN,47568
Beck's Hybrids,Harrell Ag Services LLC,Derek Harrell,Plymouth,Marshall,IN,46563
Beck's Hybrids,Prible Ag Products,Robert Prible,Poneto,Wells,IN,46781
Beck's Hybrids,Korniak Bros Inc,Ed Korniak,Rensselaer,Jasper,IN,47978
Beck's Hybrids,Manchester Ag LLC,Stuart Manchester,Rensselaer,Newton,IN,47978
Beck's Hybrids,D & D Farms,David Davis,Reynolds,White,IN,47980
Beck's Hybrids,Fry Farms,Daniel Fry,Roachdale,Putnam,IN,46172
Beck's Hybrids,Mike Schuler Farms,Mike Schuler,Roann,Wabash,IN,46974
Beck's Hybrids,Brock Schwenk,Brock Schwenk,Rochester,Fulton,IN,46975
Beck's Hybrids,Wimmer Farms,Walter (Max) Wimmer,Rockville,Parke,IN,47872
Beck's Hybrids,George Edward Deutscher,George Deutscher,Rolling Prairie,La Porte,IN,46371
Beck's Hybrids,Brent Frey Farms LLC,Brent Frey,Rossville,Carroll,IN,46065
Beck's Hybrids,Bob Waits & Sons,Robert Waits,Rushville,Rush,IN,46173
Beck's Hybrids,John & Gordon Hall,John Hall,Rushville,Rush,IN,46173
Beck's Hybrids,Mark A Johnston,Mark Johnston,Russiaville,Howard,IN,46979
Beck's Hybrids,Stone Creek Farms,Robert (Keith) Day,Salem,Washington,IN,47167
Beck's Hybrids,Kendall Farms,Laura Collings,Seymour,Jackson,IN,47274
Beck's Hybrids,Chris Kelley,Chris Kelley,Sharpsville,Tipton,IN,46068
Beck's Hybrids,Slacum Seed & Feed LLC,Craig Henderson,Sharpsville,Tipton,IN,46068
Beck's Hybrids,Darrell Linville,Darrell Linville,Shelbyville,Shelby,IN,46176
Beck's Hybrids,Philip N Ramsey,Philip Ramsey,Shelbyville,Shelby,IN,46176
Beck's Hybrids,Theobald Seed Sales,Douglas Theobald,Shelbyville,Shelby,IN,46176
Beck's Hybrids,Chad Glunt & Family,Chad Glunt,Sheridan,Boone,IN,46069
Beck's Hybrids,Roger Wagoner Farms Inc,Craig Wagoner,Silver Lake,Kosciusko,IN,46982
Beck's Hybrids,Curt A Clouser,Curt Clouser,Swayzee,Grant,IN,46986
Beck's Hybrids,Roberts Farm,Matt Roberts,Syracuse,Kosciusko,IN,46567
Beck's Hybrids,Legacy Seed Solutions LLC,Timothy Sarver,Terre Haute,Vigo,IN,47802
Beck's Hybrids,Ronald D Hostetler,Ronald Hostetler,Topeka,Lagrange,IN,46571
Beck's Hybrids,Denver D Hackman,Denver Hackman,Vallonia,Jackson,IN,47281
Beck's Hybrids,Duckwall Family Seeds,Trent Duckwall,Van Buren,Grant,IN,46991
Beck's Hybrids,Brien N Duncan,Brien Duncan,Veedersburg,Fountain,IN,47987
Beck's Hybrids,Scott A Ashwill,Scott Ashwill,Veedersburg,Fountain,IN,47987
Beck's Hybrids,Dennis A Hartman,Dennis Hartman,Waldron,Shelby,IN,46182
Beck's Hybrids,Daube Seed Service,Steve Daube,Walkerton,La Porte,IN,46574
Beck's Hybrids,Jon (Jeff)  Wolff,Jon (Jeff) Wolff,Walkerton,Marshall,IN,46574
Beck's Hybrids,Memering Ag Service LLC,John Memering,Washington,Daviess,IN,47501
Beck's Hybrids,Mitchell Seeds,Mike Mitchell,Waveland,Parke,IN,47989
Beck's Hybrids,Jim Riggs Farms,James Riggs,Westfield,Hamilton,IN,46062
Beck's Hybrids,Hilltop Seed,Troy Furrer,Wolcott,White,IN,47995
Beck's Hybrids,"Zooks Farm Service, LLC.",Sarah Zook,Wolcottville,Lagrange,IN,46795
Beck's Hybrids,Atha Brothers LLC,Reid Atha,Agency,Buchanan,MO,64401
Beck's Hybrids,Engelen Seeds,Mike Engelen,Altenburg,Cape Girardeau,MO,63732
Beck's Hybrids,Nieder Seed Sales,Brandon Nieder,Amoret,Bates,MO,64722
Beck's Hybrids,Bell Seed,Jeff Bell,Bloomfield,Stoddard,MO,63825
Beck's Hybrids,Michael McElwain,Michael McElwain,Butler,Bates,MO,64730
Beck's Hybrids,Tenholder Seeds,Wade Tenholder,Butler,Bates,MO,64730
Beck's Hybrids,Cameron Cooperative,Cody Sloan,Cameron,Clinton,MO,64429
Beck's Hybrids,Casebier Ag,Michael Casebier,Canton,Lewis,MO,63435
Beck's Hybrids,Casner Ag LLC,Kevin & Adam Casner,Carrollton,Carroll,MO,64633
Beck's Hybrids,Trobough Seed LLC,Darrin Trobough,Centerview,Johnson,MO,64019
Beck's Hybrids,Romine Seed,John Romine,Centralia,Audrain,MO,65240
Beck's Hybrids,Bootheel Hybrids LLC,Nelson Byrd,Charleston,Mississippi,MO,63834
Beck's Hybrids,Farmers Ag & Grain Supply Inc.,Zeb Williams,Deerfield,Vernon,MO,64741
Beck's Hybrids,Tracy Family Farms Inc,Paul Tracy,Denver,Worth,MO,64441
Beck's Hybrids,Timothy Bridgman,Timothy Bridgman,Ewing,Marion,MO,63440
Beck's Hybrids,Fertilizer Service Company LLC,Logan Pyeatt,Fairfax,Atchison,MO,64446
Beck's Hybrids,Sisk Seed,Kylynn Sisk,Forest City,Holt,MO,64451
Beck's Hybrids,Riverside Farms Inc,Terry Hilgedick,Hartsburg,Boone,MO,65039
Beck's Hybrids,Reid Ag LLC,Chad Reid,Hughesville,Pettis,MO,65334
Beck's Hybrids,Rush Farm & Seed,Tyler Rush,Jasper,Jasper,MO,64755
Beck's Hybrids,Horstmeier Farms,Darren Horstmeier,Kingdom City,Callaway,MO,65262
Beck's Hybrids,Ehrich Seed Sales LLC,Brian Ehrich,Laclede,Linn,MO,64651
Beck's Hybrids,Evans Farm,Craig Evans,Lathrop,Clinton,MO,64465
Beck's Hybrids,McEwen Bros Seed LLC,Shawn McEwen,Leonard,Shelby,MO,63451
Beck's Hybrids,"Tabo Seed, LLC",Lance Dobson,Lexington,Lafayette,MO,64067
Beck's Hybrids,West Central Ag LLC,Andrew Bridges,Marshall,Saline,MO,65340
Beck's Hybrids,Backes & Toelke Agri Products,Alex Toelke,Marthasville,Warren,MO,63357
Beck's Hybrids,Nick Powgnas,Nick Powgnas,Milan,Sullivan,MO,63556
Beck's Hybrids,Smart Ag Solutions,Josh Johnson,Montgomery City,Montgomery,MO,63361
Beck's Hybrids,Edge Ag Supply,John Palmer,New Madrid,New Madrid,MO,63869
Beck's Hybrids,Legacy Farms Partnership,Ty Priggel,Oran,Scott,MO,63771
Beck's Hybrids,South River Seed,Monte & Leila Burch,Palmyra,Marion,MO,63461
Beck's Hybrids,Chapman Seed and Farm,Steve Chapman,Pierce City,Lawrence,MO,65723
Beck's Hybrids,T.O.P. Ag Services LLC,Wendell Koehn,Rich Hill,Bates,MO,64779
Beck's Hybrids,Linneman Seeds LLC,Tyler Linneman,Salisbury,Chariton,MO,65281
Beck's Hybrids,Natural Solutions LLC,Cody Claflin,Sheldon,Vernon,MO,64784
Beck's Hybrids,Ridgeview Ag LLC,Cole Williams,Sikeston,Scott,MO,63801
Beck's Hybrids,Sullivan Ag Services LLC,Samuel Sullivan,Silex,Lincoln,MO,63377
Beck's Hybrids,Tri County Seed,Doug Loges,Sweet Springs,Saline,MO,65351
Beck's Hybrids,Johnson Seed,Duane Johnson,Trenton,Grundy,MO,64683
Beck's Hybrids,Paul Coke,Paul Coke,Vandalia,Ralls,MO,63382
Beck's Hybrids,Witt Ag Services LLC,Tyler Witt,Warrenton,Lincoln,MO,63383
Beck's Hybrids,"Piontek Ag Products, LLC",Cole Piontek,Washington,Franklin,MO,63090
Beck's Hybrids,CR Seeds & Services LLC,John Robinson,Winston,Daviess,MO,64689
Beck's Hybrids,Kolt Andreas,Kolt Andreas,Baltic,Tuscarawas,OH,43804
Beck's Hybrids,Jason Bormuth,Jason Bormuth,Bluffton,Hancock,OH,45817
Beck's Hybrids,Wilbur Ellis,Wilbur Ellis,Bryan,Williams,OH,43506
Beck's Hybrids,Trent Broermann,Trent Broermann,Camden,Preble,OH,45311
Beck's Hybrids,Radcliff Seed Solutions LLC,"Dwight ""Dug Radcliff",Circleville,Pickaway,OH,43113
Beck's Hybrids,Schindel Seed Solutions,Craig Schindel,Conover,Miami,OH,45317
Beck's Hybrids,Ralph F Knippen,Ralph Knippen,Delphos,Putnam,OH,45833
Beck's Hybrids,Buckeye Advanced Ag LLC,Rex Tietje,Deshler,Wood,OH,43516
Beck's Hybrids,Ackley Farms,Jay Ackley,East Liberty,Logan,OH,43319
Beck's Hybrids,Superior AG Solutions,Chris Petelle,Eaton,Preble,OH,45320
Beck's Hybrids,Midnight Farm Center Inc,Mark Drerup,Findlay,Hancock,OH,45840
Beck's Hybrids,James R Stammen,James Stammen,Fort Recovery,Mercer,OH,45846
Beck's Hybrids,Windy Hill Farms Partners,Zach Day,Germantown,Butler,OH,45327
Beck's Hybrids,Stegbauer Seed Sales,Eric Stegbauer,Greenfield,Highland,OH,45123
Beck's Hybrids,Miley Farms,Nathan Miley,Greenville,Darke,OH,45331
Beck's Hybrids,Grelton Elevator Inc,Thomas Norden,Grelton,Henry,OH,43523
Beck's Hybrids,Buckeye Crop Care,Jeff Casto,Grove City,Franklin,OH,43123
Beck's Hybrids,"Wenninger Seed Service, Inc.",Kevin Wenninger,Haviland,Paulding,OH,45851
Beck's Hybrids,Desgranges Bros Inc,James & Rick Desgranges,Holgate,Henry,OH,43527
Beck's Hybrids,Holmes Ag Service,Jordan Nussbaum,Holmesville,Holmes,OH,44633
Beck's Hybrids,Shane Hines,Shane Hines,Jamestown,Greene,OH,45335
Beck's Hybrids,Autumn's Harvest,Jared Steiner,Kenton,Hardin,OH,43326
Beck's Hybrids,Tri Ag Products Inc,Thad Moore,London,Madison,OH,43140
Beck's Hybrids,Garrett Ackerman,Garrett Ackerman,Loveland,Warren,OH,45140
Beck's Hybrids,Lust Seed Sales,Tina Lust,Marion,Marion,OH,43302
Beck's Hybrids,Poeppelman Farms,Steven Poeppelman,Minster,Shelby,OH,45865
Beck's Hybrids,Bennett Seeds Inc,Trent Thomas,Montpelier,Williams,OH,43543
Beck's Hybrids,Row Seed Service,Jason Row,Mount Vernon,Knox,OH,43050
Beck's Hybrids,Josh J Balduf,Josh Balduf,Nevada,Wyandot,OH,44849
Beck's Hybrids,Clifton Seeds,Sam Clifton,Orient,Pickaway,OH,43146
Beck's Hybrids,AgVantage Seed Center,Dustin Stoller,Paulding,Paulding,OH,45879
Beck's Hybrids,RDK Seed Solutions LLC,Ross Kamenik,Perrysville,Ashland,OH,44864
Beck's Hybrids,Nicholas Staggs,Nicholas Staggs,Seaman,Adams,OH,45679
Beck's Hybrids,Bensman Enterprises LLC,Randy Bensman,Sidney,Shelby,OH,45365
Beck's Hybrids,Harvest Ridge Farm,Shane Granatir,Steubenville,Jefferson,OH,43952
Beck's Hybrids,Tiffin Valley Seeds,Douglas Rupp,Stryker,Williams,OH,43557
Beck's Hybrids,Centerra Co-op,Don Daniels,Sullivan,Ashland,OH,44880
Beck's Hybrids,Brause Bros LLC,Thomas Brause,Sycamore,Crawford,OH,44882
Beck's Hybrids,Grubaugh Farms & Seed,John Grubaugh,Van Wert,Van Wert,OH,45891
Beck's Hybrids,C & J Agri-Service LLC,John Bonifas,Venedocia,Van Wert,OH,45894
Beck's Hybrids,Farmers Alliance Inc,Eric Barnes,Wapakoneta,Auglaize,OH,45895
Beck's Hybrids,Nofziger Seeds,Gregory Nofziger,Wauseon,Fulton,OH,43567
Beck's Hybrids,Kevin J Doeberiener,Kevin Doeberiener,West Salem,Wayne,OH,44287
Beck's Hybrids,Heilmann Seed Sales LLC,Jake Heilmann,Whitehouse,Lucas,OH,43571
Beck's Hybrids,Snyder Sales,Brady Snyder,Wilmington,Clinton,OH,45177
Beck's Hybrids,Garrett  Farms,Clay Garrett,Winchester,Brown,OH,45697
Beck's Hybrids,Madden Seed Sales,Don Madden,Zanesville,Muskingum,OH,43701
Beck's Hybrids,Delaplaine Seed Company,Terry Gray,Delaplaine,Greene,AR,72425
Beck's Hybrids,Cole Morton,Cole Morton,Des Arc,Prairie,AR,72040
Beck's Hybrids,Pitchford Ag Services LLC,Douglas Pitchford,Forrest City,Saint Francis,AR,72335
Beck's Hybrids,"Apex Ag Solutions, LLC",Brian French,Jonesboro,Craighead,AR,72404
Beck's Hybrids,Talley Seed LLC,Chris Talley,Trumann,Poinsett,AR,72472
Beck's Hybrids,Legacy Seed LLC,Justin Brady,Albert,Rush,KS,67511
Beck's Hybrids,"Zimmerman Seed, LLC",Logan Zimmerman,Alta Vista,Morris,KS,66834
Beck's Hybrids,Superior Farms,Bill Sherry,Burlingame,Osage,KS,66413
Beck's Hybrids,Central Ag LLC,Stewart Koehn,Burns,Butler,KS,66840
Beck's Hybrids,Sale Brothers Seed Inc,Chris Sale,Cherryvale,Labette,KS,67335
Beck's Hybrids,Kansas Farm and Ranch Mgmt LLC,Jon Johnson,Dexter,Cowley,KS,67038
Beck's Hybrids,3pt AG,Andrew Stephens,Goodland,Sherman,KS,67735
Beck's Hybrids,"Hamlin Seed Company, LLC",Ben Swinger,Hiawatha,Brown,KS,66434
Beck's Hybrids,Rob Schamberger,Rob Schamberger,Hoxie,Sheridan,KS,67740
Beck's Hybrids,"NEK Ag Services, LLC",Dustin Libel,Leona,Doniphan,KS,66532
Beck's Hybrids,Andrews Seed LLC,Tony Andrews,Lyons,Rice,KS,67554
Beck's Hybrids,"Lacey Farms, Inc.",David Johnson,Melvern,Osage,KS,66510
Beck's Hybrids,Sundstrom Farms Inc,Raymond Sundstrom,Ottawa,Franklin,KS,66067
Beck's Hybrids,"Triple 7 Seed & Chemical, LLC",Charlie Brunker,Ottawa,Franklin,KS,66067
Beck's Hybrids,"Kansas Seed Company, LLC",Ken Bogedain,Peck,Sumner,KS,67120
Beck's Hybrids,Christ Saves Seeds LLC,Caleb Stewart,Pittsburg,Crawford,KS,66762
Beck's Hybrids,Straightline Ag Land Services,Dustin Oehme,Pittsburg,Crawford,KS,66762
Beck's Hybrids,David Krehbiel,David Krehbiel,Pretty Prairie,Reno,KS,67570
Beck's Hybrids,Saline River Seed,Darrin Roberts,Quinter,Sheridan,KS,67752
Beck's Hybrids,Kiser Ag Co.,Levi Kiser,Silver Lake,Shawnee,KS,66539
Beck's Hybrids,Derek W Oswald,Derek Oswald,Tonganoxie,Leavenworth,KS,66086
Beck's Hybrids,K4 Ag & Services LLC,Denver Bonnel,Valley Falls,Jefferson,KS,66088
Beck's Hybrids,"Willmann Ag, LLC",Rebecca Willmann,Wakefield,Clay,KS,67487
Beck's Hybrids,Kyle Hon,Kyle Hon,Wichita,Sedgwick,KS,67223
Beck's Hybrids,Leon Weber,Leon Weber,Yates Center,Woodson,KS,66783
Beck's Hybrids,C D Poore Fertilizer,Donald Poore,Albany,Clinton,KY,42602
Beck's Hybrids,Bardstown Mills Inc,Thomas Hurst,Bardstown,Nelson,KY,40004
Beck's Hybrids,Jason L Clark,Jason Clark,Bowling Green,Warren,KY,42101
Beck's Hybrids,Rittenberry Farms,Joey Rittenberry,Burna,Livingston,KY,42028
Beck's Hybrids,Day and Day Feed,Gary Day,Columbia,Adair,KY,42728
Beck's Hybrids,"Bratcher Ag, LLC",Andy Bratcher,Crab Orchard,Lincoln,KY,40419
Beck's Hybrids,"Pro Ag Sales and Service, Inc.",Robbie Mattingly,Danville,Boyle,KY,40422
Beck's Hybrids,Elite Ag Services,Nathan Killen,Franklin,Simpson,KY,42135
Beck's Hybrids,Fleming Farms,Chuck Fleming,Franklin,Simpson,KY,42134
Beck's Hybrids,Akridge Farm Supply,Gary Holland,Fredonia,Caldwell,KY,42411
Beck's Hybrids,Southern States Glasgow,John Martin,Glasgow,Barren,KY,42141
Beck's Hybrids,Central Kentucky Seed,Billy Feese,Greensburg,Green,KY,42743
Beck's Hybrids,Tony Folz,Tony Folz,Herndon,Christian,KY,42236
Beck's Hybrids,Cory Coomer,Cory Coomer,Horse Cave,Metcalfe,KY,42749
Beck's Hybrids,Williams Farms,Todd Williams,La Center,Ballard,KY,42056
Beck's Hybrids,T & H Feed Service,Gerry Rogers,Lebanon,Marion,KY,40033
Beck's Hybrids,Jordan Leonard,Jordan Leonard,Melber,Graves,KY,42069
Beck's Hybrids,M-M Irrigation Inc,Nathan Musser,Murray,Calloway,KY,42071
Beck's Hybrids,Ebelhar Seed Solutions,Bryan Ebelhar,Owensboro,Daviess,KY,42301
Beck's Hybrids,Pruitt Farms,Wesley Pruitt,Perryville,Boyle,KY,40468
Beck's Hybrids,Superior Seed Sales LLC,Jesse Horn,Philpot,Daviess,KY,42366
Beck's Hybrids,Chris Igleheart Farms,Christopher Igleheart,Rumsey,Mclean,KY,42371
Beck's Hybrids,Mark Miller Company LLC,Mark Miller,Salvisa,Mercer,KY,40372
Beck's Hybrids,Allen County Farmers Service,Daniel Towns,Scottsville,Allen,KY,42164
Beck's Hybrids,Sam D Lafferty,Sam Lafferty,Shelbyville,Shelby,KY,40065
Beck's Hybrids,"Rip's Farm Center, Inc.",Matthew Meadows,Tollesboro,Lewis,KY,41189
Beck's Hybrids,Hade K  Lyons,Kerry Lyons,Tompkinsville,Monroe,KY,42167
Beck's Hybrids,Meylan Farms Inc.,Luke Meylan,Auburn,Bay,MI,48611
Beck's Hybrids,Goetz River Farms Inc,Duane Goetz,Blissfield,Lenawee,MI,49228
Beck's Hybrids,Schultz's Twin Oaks LLC,Daniel Schultz,Buchanan,Berrien,MI,49107
Beck's Hybrids,Elden Kuehl,Elden Kuehl,Coloma,Berrien,MI,49038
Beck's Hybrids,Grand River Ag LLC,Keith Hanenburg,Coopersville,Ottawa,MI,49404
Beck's Hybrids,Mark Torregrossa,Mark Torregrossa,Frankenmuth,Saginaw,MI,48734
Beck's Hybrids,Andy Kirsch Seeds,Andy Kirsch,Harbor Beach,Huron,MI,48441
Beck's Hybrids,James Roggenbuck,Jim Roggenbuck,Harbor Beach,Huron,MI,48441
Beck's Hybrids,Wildt Farms,Doug Wildt,Homer,Calhoun,MI,49245
Beck's Hybrids,Clark Ag Solutions,Tim Clark,Howell,Livingston,MI,48855
Beck's Hybrids,Gold Coast Sales LLC,Jeffrey VanderWerff,Kent City,Kent,MI,49330
Beck's Hybrids,Ruggles Genetics LLC,Tim Ruggles,Kingston,Tuscola,MI,48741
Beck's Hybrids,Fanson Farms,Dennis Fanson,Mason,Ingham,MI,48854
Beck's Hybrids,Ferry Seed,Cody Ferry,Otisville,Genesee,MI,48463
Beck's Hybrids,Pro Seed Solutions LLC,Phil Schneider,Perrinton,Gratiot,MI,48871
Beck's Hybrids,TAAZ Seed Sales,Tom Ziel,Pigeon,Huron,MI,48755
Beck's Hybrids,Fergus Farms LLC,Robert Eickholt,Saint Charles,Saginaw,MI,48655
Beck's Hybrids,CENTRAL AG SEEDS,Brent Bebow,Saint Louis,Gratiot,MI,48880
Beck's Hybrids,Blaauw Seeds,Klint Blaauw,Shelbyville,Allegan,MI,49344
Beck's Hybrids,BRB Seed Services Inc,James Bryant,Shepherd,Isabella,MI,48883
Beck's Hybrids,Matthew Yoder,Matthew Yoder,Sherwood,Branch,MI,49089
Beck's Hybrids,Richard Gerstenberger,Rick Gerstenberger,Snover,Sanilac,MI,48472
Beck's Hybrids,Sattelberg Brothers Inc.,Ben Sattelberg,Unionville,Tuscola,MI,48767
Beck's Hybrids,Windy Ridge Agronomics,Dave Pratt,Vassar,Tuscola,MI,48768
Beck's Hybrids,Wamhoff Farms,Brian Wamhoff,Williamston,Ingham,MI,48895
Beck's Hybrids,Brodbeck Seed Sales LLC,Alan Brodbeck,Woodland,Barry,MI,48897
Beck's Hybrids,"Liebl Ag, LLC",Francis Liebl,Ada,Norman,MN,56510
Beck's Hybrids,Sorensen Seed LLC,Lynn Sorensen,Alden,Freeborn,MN,56009
Beck's Hybrids,Bin Busters Seed LLC,Scott Elfmann,Annandale,Wright,MN,55302
Beck's Hybrids,Kelly Klemm,Kelly Klemm,Beardsley,Traverse,MN,56211
Beck's Hybrids,Southwest Ag Solutions,Tyler Siegfried,Belview,Redwood,MN,56214
Beck's Hybrids,Espenson Seed,Ryley Espenson,Bingham Lake,Cottonwood,MN,56118
Beck's Hybrids,Lawrence Seed LLC,Chad Lawrence,Blue Earth,Faribault,MN,56013
Beck's Hybrids,Dean Zimmerman,DEAN ZIMMERMAN,Brownton,McLeod,MN,55312
Beck's Hybrids,Jason Fischer,Jason Fischer,Butterfield,Watonwan,MN,56120
Beck's Hybrids,Pirkl Ag,William Pirkl,Byron,Olmsted,MN,55920
Beck's Hybrids,Doom Seeds LLC,Steven Doom,Canby,Yellow Medicine,MN,56220
Beck's Hybrids,MTR Seed Services LLC,Travis Wubben,Clara City,Chippewa,MN,56222
Beck's Hybrids,Erik Gniffke,Erik Gniffke,Clarkfield,Yellow Medicine,MN,56223
Beck's Hybrids,Robert Pehrson Seeds,Robert Pehrson,Dawson,Lac qui Parle,MN,56232
Beck's Hybrids,Frank Family Farms LLC,Thomas Frank,Dexter,Mower,MN,55926
Beck's Hybrids,Life Cycle Agronomy,Brandon Meiners,Eitzen,Houston,MN,55931
Beck's Hybrids,"County's Edge Seed, LLC.",Josh Moen,Ellendale,Steele,MN,56026
Beck's Hybrids,Landsteiner Seeds LLC,David Landsteiner,Fairmont,Martin,MN,56031
Beck's Hybrids,Partners Industries LLC,Daniel Wedel,Fairmont,Martin,MN,56031
Beck's Hybrids,J Alderink LLC,Jason Alderink,Foley,Benton,MN,56329
Beck's Hybrids,Sohre Seed,Brandon Sohre,Good Thunder,Blue Earth,MN,56037
Beck's Hybrids,Trico Ag Service Inc.,Reed Peterson,Hancock,Stevens,MN,56244
Beck's Hybrids,Knutson Grain and Seed LLC,James Knutson,Hartland,Freeborn,MN,56042
Beck's Hybrids,Fest Seed,Isaac Fest,Heron Lake,Jackson,MN,56137
Beck's Hybrids,Gerdes Seed,Nick Gerdes,Jordan,Scott,MN,55352
Beck's Hybrids,Max Seed Solutions,Chris Schlegel,Lake Lillian,Kandiyohi,MN,56253
Beck's Hybrids,Adam Hazel,Adam Hazel,Lanesboro,Fillmore,MN,55949
Beck's Hybrids,Goettl Farms,Robert Goettl,Le Center,Le Sueur,MN,56057
Beck's Hybrids,Jacob Van Santen,Jacob Van Santen,Luverne,Rock,MN,56156
Beck's Hybrids,Ridgeview Seeds,Aaron Tasto,Madison,Lac Qui Parle,MN,56256
Beck's Hybrids,Jaeger Seed Co,Ben Jaeger,Mapleton,Blue Earth,MN,56065
Beck's Hybrids,Champion Ag Sales,Craig Deutz,Marshall,Lyon,MN,56258
Beck's Hybrids,Kanten Land + Seed,Christian Kanten,Milan,Chippewa,MN,56262
Beck's Hybrids,DJ Van Klompenburg,David Van Klompenburg,Montevideo,Chippewa,MN,56265
Beck's Hybrids,Krohn Seed,Marvin Krohn,Nicollet,Nicollet,MN,56074
Beck's Hybrids,Prairie Ag Seeds LLC,Dave Wertish,Olivia,Renville,MN,56277
Beck's Hybrids,R & K Agronomy Inc,Robbie Gronholz,Ortonville,Big Stone,MN,56278
Beck's Hybrids,Deerfield Ag Systems LLC,Jered Anderson,Owatonna,Steele,MN,55060
Beck's Hybrids,Starks Seed LLC,Jesse Starks,Owatonna,Steele,MN,55060
Beck's Hybrids,Dynamic Cropping Systems,Jerry Morberg,Perham,Otter Tail,MN,56573
Beck's Hybrids,Double E,Jerald Ebeling,Sherburn,Martin,MN,56171
Beck's Hybrids,Gerald Kucera,Gerald Kucera,Silver Lake,Mcleod,MN,55381
Beck's Hybrids,Remus Brothers Farm LLC,Justin Remus,Sleepy Eye,Brown,MN,56085
Beck's Hybrids,Vrieze Seed,Craig Vrieze,Spring Valley,Fillmore,MN,55975
Beck's Hybrids,Schmidt Ag,Charles Schmidt,St. James,Watonwan,MN,56081
Beck's Hybrids,Keller Ag Services,Mark Keller,Tintah,Traverse,MN,56583
Beck's Hybrids,Hicks Family Hybrids LLC,Brian Hicks,Tracy,Redwood,MN,56175
Beck's Hybrids,Corn Country Seed Co.,Tyler Huber,Waseca,Waseca,MN,56093
Beck's Hybrids,Jake T Rinke,Jake Rinke,Wheaton,Traverse,MN,56296
Beck's Hybrids,Engelby Seeds,Jason Engelby,Winnebago,Faribault,MN,56098
Beck's Hybrids,Prairie Winds Seeds,Trent Johnson,Woodstock,Murray,MN,56186
Beck's Hybrids,FCA LLC,Devon Haugen,Zumbrota,Goodhue,MN,55992
Beck's Hybrids,Zumbro Valley Seed,Calvin Steberg,Zumbrota,Goodhue,MN,55992
Beck's Hybrids,61 Seed Co.,Terry Schmidt,Alligator,Bolivar,MS,38720
Beck's Hybrids,Woods Farm Supply Inc,Patrick Woods,Byhalia,Marshall,MS,38611
Beck's Hybrids,Milburn Growers Inc,Colby Skeen,Minter City,Leflore,MS,38944
Beck's Hybrids,Smith Chemical Co,Robby Smith,Olive Branch,Desoto,MS,38654
Beck's Hybrids,Tisthammer Ag LLC,Ryan Tisthammer,Albion,Boone,NE,68620
Beck's Hybrids,Flatwater Ag LLC,Derek Dibbern,Aurora,Hamilton,NE,68818
Beck's Hybrids,589 AG,Adam Axtell,Axtell,Kearney,NE,68924
Beck's Hybrids,ABSOLUTE AGRONOMY LLC.,Lucas Ahrens,Beaver Crossing,Seward,NE,68313
Beck's Hybrids,Kobza Seeds,Greg Kobza,Bellwood,Butler,NE,68624
Beck's Hybrids,Wrich Ag Solutions,Adam Wrich,Blair,Washington,NE,68008
Beck's Hybrids,Crestline Ag LLC.,Jamie Reiman,Blue Hill,Webster,NE,68930
Beck's Hybrids,Gibbons Seed Sales,Barrett Gibbons,Broken Bow,Custer,NE,68822
Beck's Hybrids,Jeffres Ag LLC,Scott Jeffres,Burwell,Garfield,NE,68823
Beck's Hybrids,FARMERS SEED & SUPPLY,Ryan Sorensen,Campbell,Adams,NE,68932
Beck's Hybrids,Gall Seed,Craig Gall,Clarkson,Colfax,NE,68629
Beck's Hybrids,"SeedElite, LLC",Tyler Roberts,Columbus,Platte,NE,68601
Beck's Hybrids,Bruha Farms,Brandon Bruha,Comstock,Valley,NE,68828
Beck's Hybrids,Travis Due,Travis Due,Cordova,Seward,NE,68330
Beck's Hybrids,Silver Creek Customs LLC,Lane Peterson,Craig,Burt,NE,68019
Beck's Hybrids,Turkey Creek Seed Solutions,Jonathan Wooters,Elwood,Gosper,NE,68937
Beck's Hybrids,Farmacy Seed,Anthony Brass,Gothenburg,Dawson,NE,69138
Beck's Hybrids,Masters Seed + Chemical,Matt Oman,Hastings,Adams,NE,68902
Beck's Hybrids,Fast Track Seed LLC,Alec Frisell,Holdrege,Phelps,NE,68949
Beck's Hybrids,"ASD ENTERPRISES, INC",Matthew Hanna,Imperial,Chase,NE,69033
Beck's Hybrids,Double S Precision Ag Inc.,Sam Sutton,Imperial,Chase,NE,69033
Beck's Hybrids,Bowman Brothers LLC,Bowman Agronomics,Kearney,Buffalo,NE,68847
Beck's Hybrids,"Lindhorst Ag, Inc.",Kyle Lindhorst,Lindsay,Platte,NE,68644
Beck's Hybrids,"Bluff Ag Services, LLC",Jordan Kremlacek,Morse Bluff,Saunders,NE,68648
Beck's Hybrids,"McGinnis Seed, LLC",Kylan McGinnis,Nebraska City,Otoe,NE,68410
Beck's Hybrids,ITG Seed,Brian Pieper,North Platte,Lincoln,NE,69101
Beck's Hybrids,Rafter H Ag LLC,Trent Holscher,Ogallala,Keith,NE,69153
Beck's Hybrids,Cory Stelling,Cory Stelling,Orchard,Antelope,NE,68764
Beck's Hybrids,Johnson Farms,William Johnson,Pawnee City,Pawnee,NE,68420
Beck's Hybrids,Thayer Seeds LLC,Shane Thayer,Pierce,Pierce,NE,68767
Beck's Hybrids,Cole Behrendt,Cole Behrendt,Ravenna,Buffalo,NE,68869
Beck's Hybrids,Courtland Pieper,Courtland Pieper,Richland,Colfax,NE,68601
Beck's Hybrids,Novak Farms,Casey Novak,Rosalie,Cuming,NE,68055
Beck's Hybrids,C & M Supply INC.,Michael Stichka,Ruskin,Nuckolls,NE,68974
Beck's Hybrids,Growing Edge Seed Services,Jared Koranda,Seward,Seward,NE,68434
Beck's Hybrids,"Walters Ag, LLC",Wade Walters,Shickley,Fillmore,NE,68436
Beck's Hybrids,Stanfill Agricultural Services,Lee Stanfill,Cleveland,Bradley,TN,37312
Beck's Hybrids,"Helena Agri-Enterprises, LLC",Matt Scuffham,Collierville,Shelby,TN,38017
Beck's Hybrids,Kemp Seed,Keith Kemp,Dresden,Weakley,TN,38225
Beck's Hybrids,KB Ag Supply,Ben Smith,Fayetteville,Lincoln,TN,37334
Beck's Hybrids,Mike Barker,Mike Barker,Humboldt,Madison,TN,38343
Beck's Hybrids,Massey Seeds,Andrew Massey,Mount Pleasant,Maury,TN,38474
Beck's Hybrids,Bradley Seed,Jeff Bradley,Newbern,Dyer,TN,38059
Beck's Hybrids,Buford Station Farms Inc,Bartt McCormack,Pulaski,Giles,TN,38478
Beck's Hybrids,Cumberland Valley Ag,George McDonald,Riddleton,Smith,TN,37151
Beck's Hybrids,David E Nichols,David Nichols,Ridgely,Obion,TN,38080
Beck's Hybrids,Seed With Service,Alex Forsbach,Savannah,Hardin,TN,38372
Beck's Hybrids,Morgan Farm + Seed,Zac Morgan,Sharon,Weakley,TN,38255
Beck's Hybrids,Bryson Farms LLC,Zach Bryson,Somerville,Fayette,TN,38068
Beck's Hybrids,Swanks Seed,Kevin Swanks,Ten Mile,Meigs,TN,37880
Beck's Hybrids,"Reelfoot Seed & Supply, LLC",Jon McKinnis,Union City,Obion,TN,38261
Beck's Hybrids,PMB Ag LLC,Paul Manor,Arkansaw,Pepin,WI,54721
Beck's Hybrids,JB Hullah Feed & Supply LLC.,Blake Hullah,Beloit,Rock,WI,53511
Beck's Hybrids,Guenther Farms,Bryan Guenther,Columbus,Columbia,WI,53925
Beck's Hybrids,Wolters Farm Inc,Caleb Wolters,Cuba City,Lafayette,WI,53807
Beck's Hybrids,Hammer Ag LLC,Matt Hammer,Hillsboro,Vernon,WI,54634
Beck's Hybrids,Janke Seeds and Service LLC,Travis Janke,Hixton,Jackson,WI,54635
Beck's Hybrids,Bergmann and Derks Farms,Luke Bergmann,Hortonville,Outagamie,WI,54944
Beck's Hybrids,Badger Hatchery Inc,Greg Grube,Howards Grove,Sheboygan,WI,53083
Beck's Hybrids,Universal Cooperative Assoc,Rob Feldman,Lebanon,Dodge,WI,53047
Beck's Hybrids,"Endres Jazzy Jerseys, LLC",Mitchell Endres,Lodi,Columbia,WI,53555
Beck's Hybrids,Todd Kronberg,Todd Kronberg,Milton,Rock,WI,53563
Beck's Hybrids,Isaac A Haag,Isaac Haag,Mineral Point,Lafayette,WI,53565
Beck's Hybrids,"Komprood Seed, LLC",Eric Komprood,Orfordville,Rock,WI,53576
Beck's Hybrids,Meyer Ranch & Prop Maint LLC,Brian Meyer,Osceola,Saint Croix,WI,54020
Beck's Hybrids,Vondra Ag Service LLC,Brady Vondra,Platteville,Grant,WI,53818
Beck's Hybrids,Markley Ag Enterprises LLC,Greg Markley,Prairie Du Sac,Sauk,WI,53578
Beck's Hybrids,Westphal Ag Service,Derrick Westphal,Strum,Eau Claire,WI,54770
Beck's Hybrids,Beck Grain Farms LLC,Andy & Anthony Beck,Waterford,Racine,WI,53185
Beck's Hybrids,Lynndale Ag Products,Evan Schrock,Oakland,Garrett,MD,21550
Beck's Hybrids,Speich Seeds,Kyle Speich,Milnor,Sargent,ND,58060
Beck's Hybrids,Jason C Morrell,Jason Morrell,Cochranton,Crawford,PA,16314
Beck's Hybrids,Charvin Organic Farms,J. Elvin Ranck,Mifflin,Juniata,PA,17058
Beck's Hybrids,Zeiset Ag,Jonathan Zeiset,Millersburg,Dauphin,PA,17061
Beck's Hybrids,Premier Seed Solutions LLC,Nathan Engelstad,Astoria,Deuel,SD,57213
Beck's Hybrids,Sodbuster Seed,Scott Vangerpen,Avon,Bon Homme,SD,57315
Beck's Hybrids,Tyler A Kolb,Tyler Kolb,Britton,Marshall,SD,57430
Beck's Hybrids,Sioux River Solutions,Dillon Swanson,Canton,Lincoln,SD,57013
Beck's Hybrids,Case Wiarda,Case Wiarda,Castlewood,Hamlin,SD,57223
Beck's Hybrids,"Frog Creek Seeds, LLC",Daniel Knutson,Centerville,Turner,SD,57014
Beck's Hybrids,Hallberg Seed,Jordan Hallberg,Clark,Clark,SD,57225
Beck's Hybrids,Windmill Agronomy,Jared Tolzin,De Smet,Kingsbury,SD,57231
Beck's Hybrids,Louie's Ag Company,Louis Geraets,Dell Rapids,Minnehaha,SD,57022
Beck's Hybrids,Estelline Coop Grain Co.,Shane Moberg,Estelline,Hamlin,SD,57234
Beck's Hybrids,Moberg Ag,Shane Moberg,Estelline,Deuel,SD,57234
Beck's Hybrids,Farmer First Agronomy LLC,Daniel Lagerhausen,Faulkton,Faulk,SD,57438
Beck's Hybrids,Vision Ag LLC,Calvin Mack,Goodwin,Codington,SD,57238
Beck's Hybrids,Doug Abeln Seed Co,Doug Abeln,Groton,Brown,SD,57445
Beck's Hybrids,BK Seed,Benson Kleinschmidt,Harrold,Hughes,SD,57536
Beck's Hybrids,Daniel Weidenbach,Daniel Weidenbach,Highmore,Hyde,SD,57345
Beck's Hybrids,Labolt Farmers Grain,Jessy Johnson,Labolt,Grant,SD,57246
Beck's Hybrids,Hora Seeds LLC,Josh Hora,Olivet,Hutchinson,SD,57052
Beck's Hybrids,Ag Kota Grain,Jim Page,Plankinton,Aurora,SD,57368
Beck's Hybrids,Olson Crop Services LLC,Whit Olson,Salem,Miner,SD,57058
Beck's Hybrids,61 Seed LLC,Chad Nelsen,Viborg,Turner,SD,57070
Beck's Hybrids,Meyer Agronomics,Trace Meyer,Winner,Tripp,SD,57580
Beck's Hybrids,Yankton Seed House LLC,Nick Weydert,Yankton,Yankton,SD,57078
Beck's Hybrids,Zimmerman Seed Service,Cole Zimmerman,Yankton,Yankton,SD,57078
Beck's Hybrids,Sadler Ag LLC,Rusty Sadler,Battle Creek,Ida,IA,51006
Beck's Hybrids,Boji Seeds LLC,Bob Koerselman,Boyden,Sioux,IA,51234
Beck's Hybrids,Green Hills Agronomy L.L.C.,Nicolas Peppers,Exira,Audubon,IA,50076
Beck's Hybrids,Buyert Ag Solutions LLC,Brett Buyert,Ireton,Sioux,IA,51027
Beck's Hybrids,Barkema Seeds,Mike Barkema,Klemme,Hancock,IA,50449
Beck's Hybrids,Matt Ollendieck,Matt Ollendieck,La Porte City,Black Hawk,IA,50651
Beck's Hybrids,Swanson Seed,Gregory Swanson,Sutherland,Obrien,IA,51058
Beck's Hybrids,Terril Seed Tech,Jon Sorenson,Terril,Dickinson,IA,51364
Beck's Hybrids,Webster Farms,Dennis Webster,Buckingham,Kankakee,IL,60917
Beck's Hybrids,Michael W Smeltzly,Michael Smeltzly,Port Byron,Rock Island,IL,61275
Beck's Hybrids,Uthell Seed Sales,Tom Uthell,Teutopolis,Effingham,IL,62467
Beck's Hybrids,Rogers Ag Service,Brady Rogers,Crawfordsville,Montgomery,IN,47933
Beck's Hybrids,County Line Seeds,Craig Gillis,Dunkirk,Delaware,IN,47336
Beck's Hybrids,NexJen Seed LLC,Jennifer Clouse Swope,Hope,Bartholomew,IN,47246
Beck's Hybrids,"Tri-County Ag Solutions, LLC",Jeremiah Faulk,Jasonville,Clay,IN,47438
Beck's Hybrids,Ryan Brown,Ryan Brown,Laconia,Harrison,IN,47135
Beck's Hybrids,Dean Stewart,M Dean Stewart,Mitchell,Lawrence,IN,47446
Beck's Hybrids,Rand A Woodward,Rand Woodward,Noblesville,Hamilton,IN,46062
Beck's Hybrids,Alex Franke,Alexander Franke,Seymour,Jackson,IN,47274
Beck's Hybrids,Harry Stutzman Jr,Harry Stutzman,Shipshewana,Lagrange,IN,46565
Beck's Hybrids,Walker Seed Solutions,Rory Walker,Waterloo,De Kalb,IN,46793
Beck's Hybrids,Boulden Seed,Oran Boulden,Fayette,Howard,MO,65248
Beck's Hybrids,Blackwell Farms,Troy Blackwell,Frankford,Pike,MO,63441
Beck's Hybrids,Bean Creek Seed,Dale Mudd,Mexico,Audrain,MO,65265
Beck's Hybrids,Record Harvest Enterprises,Justin Ogle,Nevada,Vernon,MO,64772
Beck's Hybrids,Chris Taylor Farms,Christopher Taylor,Palmyra,Marion,MO,63461
Beck's Hybrids,Studebaker/Murphy,Kevin Studebaker,Eldorado,Preble,OH,45321
Beck's Hybrids,Hoerst Farm,Joseph Hoerst,Harrison,Hamilton,OH,45030
Beck's Hybrids,Taylor Seed,Stephanie Taylor,Radnor,Delaware,OH,43066
Beck's Hybrids,Kevin A Dotterer,Kevin Dotterer,Rittman,Wayne,OH,44270
Beck's Hybrids,Matthew H Nieport,Matthew Nieport,Union City,Darke,OH,45390
Beck's Hybrids,VersaAir Services LLC,Ryan Deweese,Scranton,Jackson,KS,66537
Beck's Hybrids,Holsch Farms,Kevin Holsch,Washington,Washington,KS,66968
Beck's Hybrids,W-W Seeds Inc,Nicholas Womack,Henderson,Henderson,KY,42420
Beck's Hybrids,Cypress Creek Ag. LLC,Josh Dossett,Sturgis,Union,KY,42459
Beck's Hybrids,Lehman Ag,Brayton Lehman,Portland,Ionia,MI,48875
Beck's Hybrids,John K Hayward,John Hayward,Vicksburg,Kalamazoo,MI,49097
Beck's Hybrids,Red Rock Seed,Nick Yokiel,Jeffers,Cottonwood,MN,56145
Beck's Hybrids,Deron Soderholm,Deron Soderholm,Worthington,Nobles,MN,56187
Beck's Hybrids,Greg Robertson Seed,Greg Robertson,Elsie,Perkins,NE,69134
Beck's Hybrids,J-N-J Land + Cattle LLC,Jeffrey Unger,Hayes Center,Hayes,NE,69032
Beck's Hybrids,Dickes Seeds,Tim Dickes,Ithaca,Saunders,NE,68033
Beck's Hybrids,Maple AgVantage LLC,Nicholas Maple,Norfolk,Madison,NE,68701
Beck's Hybrids,JET Seed Services,Jeremy Theilen,Schuyler,Colfax,NE,68661
Beck's Hybrids,Hinson & Green Farms,Martha Hinson,Trenton,Gibson,TN,38382
Beck's Hybrids,Rod J Ryba,Rod Ryba,Boyd,Chippewa,WI,54726
Beck's Hybrids,Supreme Forage Plus,Al Schellinger,Mayville,Dodge,WI,53050