State,County,"CORN, GRAIN - ACRES HARVESTED"
CALIFORNIA,MENDOCINO,3
CALIFORNIA,EL DORADO,3
CONNECTICUT,FAIRFIELD,3
FLORIDA,BREVARD,3
MAINE,WALDO,3
NEW MEXICO,MCKINLEY,3
TENNESSEE,UNICOI,3
TEXAS,CASS,3
VERMONT,WINDHAM,3
WEST VIRGINIA,TAYLOR,3
WEST VIRGINIA,RALEIGH,3
GEORGIA,FAYETTE,4
NEW YORK,WESTCHESTER,4
TEXAS,NEWTON,4
WASHINGTON,KING,4
ARIZONA,NAVAJO,5
OREGON,MULTNOMAH,5
OREGON,JOSEPHINE,5
UTAH,WASATCH,5
WASHINGTON,KITSAP,5
WEST VIRGINIA,DODDRIDGE,5
WEST VIRGINIA,KANAWHA,5
CALIFORNIA,SANTA CRUZ,6
FLORIDA,ORANGE,6
LOUISIANA,JEFFERSON DAVIS,6
MAINE,KNOX,6
NORTH CAROLINA,SWAIN,6
TEXAS,HARDIN,6
WEST VIRGINIA,LINCOLN,6
GEORGIA,MONROE,7
WASHINGTON,THURSTON,7
GEORGIA,FORSYTH,8
UTAH,SALT LAKE,8
KENTUCKY,OWSLEY,9
MISSOURI,DOUGLAS,9
RHODE ISLAND,PROVIDENCE,9
ARIZONA,APACHE,10
CALIFORNIA,SAN BERNARDINO,10
MAINE,WASHINGTON,10
TEXAS,SAN AUGUSTINE,10
CALIFORNIA,SAN BENITO,11
WEST VIRGINIA,SUMMERS,11
FLORIDA,WAKULLA,12
MISSISSIPPI,LINCOLN,12
TEXAS,WISE,12
WASHINGTON,PIERCE,12
FLORIDA,MARION,13
NEW HAMPSHIRE,ROCKINGHAM,13
TENNESSEE,SCOTT,13
ALABAMA,CHOCTAW,14
GEORGIA,FULTON,14
OREGON,YAMHILL,14
TEXAS,POLK,14
UTAH,TOOELE,14
WEST VIRGINIA,MERCER,14
MISSISSIPPI,LAUDERDALE,15
NEW MEXICO,SANDOVAL,15
TEXAS,TYLER,16
TEXAS,DUVAL,18
WEST VIRGINIA,MARION,18
WEST VIRGINIA,NICHOLAS,18
GEORGIA,MADISON,19
VIRGINIA,DICKENSON,19
ALABAMA,JEFFERSON,20
GEORGIA,GLYNN,20
SOUTH CAROLINA,GREENWOOD,20
WEST VIRGINIA,FAYETTE,20
GEORGIA,FANNIN,21
KENTUCKY,LAWRENCE,21
NORTH CAROLINA,AVERY,21
NORTH CAROLINA,WATAUGA,21
NEW MEXICO,SAN MIGUEL,23
NEW MEXICO,SANTA FE,23
GEORGIA,PICKENS,24
GEORGIA,CAMDEN,24
GEORGIA,CHARLTON,24
NORTH CAROLINA,TRANSYLVANIA,25
TEXAS,JASPER,26
TENNESSEE,HANCOCK,27
TEXAS,SMITH,27
WEST VIRGINIA,CABELL,28
WISCONSIN,FLORENCE,28
COLORADO,EL PASO,30
FLORIDA,UNION,30
GEORGIA,PAULDING,30
MISSOURI,WRIGHT,30
NEW MEXICO,RIO ARRIBA,31
WEST VIRGINIA,BRAXTON,31
CALIFORNIA,LASSEN,32
NEW HAMPSHIRE,STRAFFORD,32
NORTH CAROLINA,YANCEY,33
WASHINGTON,SKAGIT,34
CALIFORNIA,SAN DIEGO,35
KENTUCKY,LEE,35
TENNESSEE,SEQUATCHIE,39
WEST VIRGINIA,WETZEL,39
VIRGINIA,HENRY,40
NORTH CAROLINA,MCDOWELL,41
FLORIDA,MONROE,42
MONTANA,FLATHEAD,42
GEORGIA,WHITE,43
NORTH CAROLINA,MITCHELL,44
OREGON,JACKSON,44
UTAH,CARBON,48
FLORIDA,MIAMI-DADE,49
TEXAS,MONTGOMERY,50
WEST VIRGINIA,WIRT,50
MAINE,YORK,51
VIRGINIA,BATH,52
KENTUCKY,MENIFEE,57
FLORIDA,HILLSBOROUGH,59
NEW MEXICO,BERNALILLO,60
OKLAHOMA,BECKHAM,60
WYOMING,JOHNSON,60
MISSISSIPPI,WILKINSON,61
WEST VIRGINIA,POCAHONTAS,61
MASSACHUSETTS,BRISTOL,62
WEST VIRGINIA,CALHOUN,62
MISSISSIPPI,JASPER,66
TEXAS,ANGELINA,67
KENTUCKY,BOYD,69
CALIFORNIA,SAN MATEO,70
FLORIDA,CITRUS,73
KENTUCKY,WOLFE,74
GEORGIA,MCDUFFIE,78
NORTH CAROLINA,JACKSON,78
WEST VIRGINIA,TYLER,78
ALABAMA,CHAMBERS,79
MICHIGAN,CHIPPEWA,79
TEXAS,BURNET,80
KENTUCKY,JOHNSON,84
GEORGIA,MCINTOSH,86
TENNESSEE,DAVIDSON,88
VIRGINIA,RUSSELL,88
CALIFORNIA,SHASTA,89
ALABAMA,SAINT CLAIR,90
CONNECTICUT,NEW LONDON,91
WEST VIRGINIA,PUTNAM,92
SOUTH CAROLINA,ABBEVILLE,93
NORTH CAROLINA,MACON,97
VIRGINIA,FLOYD,103
NORTH CAROLINA,MADISON,104
ARKANSAS,HEMPSTEAD,105
CONNECTICUT,TOLLAND,105
WEST VIRGINIA,BROOKE,106
CALIFORNIA,SANTA CLARA,107
TENNESSEE,ROANE,107
GEORGIA,NEWTON,110
CONNECTICUT,NEW HAVEN,112
KENTUCKY,ELLIOTT,112
KENTUCKY,MAGOFFIN,112
ALABAMA,CLAY,113
ALABAMA,RANDOLPH,115
IDAHO,BEAR LAKE,117
TEXAS,LLANO,123
MISSOURI,DENT,125
NEW JERSEY,OCEAN,125
NEW MEXICO,GRANT,126
ALABAMA,MOBILE,128
FLORIDA,CALHOUN,129
WEST VIRGINIA,WAYNE,131
ALABAMA,CLARKE,138
FLORIDA,BAKER,139
WEST VIRGINIA,MARSHALL,139
COLORADO,CROWLEY,143
MAINE,KENNEBEC,147
VIRGINIA,GILES,150
KENTUCKY,ROBERTSON,152
NEW HAMPSHIRE,CHESHIRE,152
WEST VIRGINIA,MORGAN,152
TEXAS,PARKER,153
MISSISSIPPI,JEFFERSON DAVIS,154
WEST VIRGINIA,BARBOUR,154
WEST VIRGINIA,TUCKER,157
TEXAS,CULBERSON,160
OREGON,MARION,165
WASHINGTON,OKANOGAN,165
WASHINGTON,WHITMAN,165
ALABAMA,BIBB,168
KENTUCKY,MORGAN,170
OREGON,WASHINGTON,170
LOUISIANA,EAST BATON ROUGE,172
TEXAS,LEON,172
RHODE ISLAND,WASHINGTON,176
MONTANA,BROADWATER,180
TEXAS,SAN JACINTO,180
TENNESSEE,SEVIER,182
ALABAMA,LEE,184
VIRGINIA,CRAIG,185
NEW JERSEY,CAMDEN,186
TENNESSEE,VAN BUREN,189
GEORGIA,BANKS,194
NEW JERSEY,CAPE MAY,194
NORTH CAROLINA,VANCE,196
NEW JERSEY,MORRIS,198
KENTUCKY,GRANT,202
KENTUCKY,KNOX,204
PENNSYLVANIA,FOREST,204
NORTH CAROLINA,ALLEGHANY,205
TENNESSEE,CLAIBORNE,205
TENNESSEE,CAMPBELL,206
TENNESSEE,PICKETT,212
VIRGINIA,BRUNSWICK,212
WEST VIRGINIA,UPSHUR,216
OHIO,LAKE,218
TENNESSEE,UNION,219
NEW YORK,SCHENECTADY,222
VIRGINIA,WARREN,223
MISSOURI,STONE,224
NEW HAMPSHIRE,CARROLL,229
KENTUCKY,CLAY,230
MISSOURI,WAYNE,230
GEORGIA,CHEROKEE,232
FLORIDA,GADSDEN,234
OKLAHOMA,CREEK,244
MINNESOTA,CARLTON,245
UTAH,WEBER,245
PENNSYLVANIA,MCKEAN,247
MISSOURI,MADISON,251
KENTUCKY,BREATHITT,253
GEORGIA,DAWSON,257
TEXAS,GILLESPIE,258
GEORGIA,LUMPKIN,259
VIRGINIA,SCOTT,259
GEORGIA,BRANTLEY,260
KENTUCKY,PIKE,260
FLORIDA,HAMILTON,261
WEST VIRGINIA,OHIO,263
KENTUCKY,FRANKLIN,264
VERMONT,WASHINGTON,265
MASSACHUSETTS,PLYMOUTH,266
GEORGIA,ECHOLS,268
PENNSYLVANIA,ALLEGHENY,273
GEORGIA,HABERSHAM,274
OKLAHOMA,BLAINE,274
KENTUCKY,JEFFERSON,275
WEST VIRGINIA,PLEASANTS,278
CALIFORNIA,KINGS,280
PENNSYLVANIA,CAMERON,280
FLORIDA,DE SOTO,285
KENTUCKY,WHITLEY,285
MICHIGAN,ALGER,290
VIRGINIA,SMYTH,291
FLORIDA,COLLIER,296
KENTUCKY,KENTON,298
MISSOURI,MCDONALD,300
MICHIGAN,KALKASKA,303
GEORGIA,DADE,305
MASSACHUSETTS,MIDDLESEX,305
KENTUCKY,ANDERSON,310
SOUTH CAROLINA,YORK,310
CALIFORNIA,STANISLAUS,315
ARIZONA,MARICOPA,322
MICHIGAN,LAKE,322
LOUISIANA,EVANGELINE,326
LOUISIANA,LA SALLE,328
UTAH,WASHINGTON,329
TENNESSEE,HAMILTON,332
ALABAMA,SHELBY,338
CALIFORNIA,COLUSA,338
VIRGINIA,PRINCE EDWARD,338
UTAH,SEVIER,341
OKLAHOMA,ROGERS,348
TEXAS,LEE,348
MASSACHUSETTS,WORCESTER,350
GEORGIA,BRYAN,352
KENTUCKY,CAMPBELL,357
VIRGINIA,BLAND,369
MAINE,FRANKLIN,370
VIRGINIA,CHESTERFIELD,372
NORTH CAROLINA,ASHE,375
GEORGIA,MERIWETHER,378
TENNESSEE,STEWART,378
TENNESSEE,CARTER,380
MAINE,CUMBERLAND,381
TEXAS,GLASSCOCK,382
KENTUCKY,CARROLL,383
MASSACHUSETTS,HAMPDEN,385
GEORGIA,UNION,387
GEORGIA,WALTON,387
KENTUCKY,ROWAN,390
TENNESSEE,JACKSON,392
PENNSYLVANIA,WAYNE,399
OKLAHOMA,PAYNE,401
NORTH CAROLINA,DURHAM,405
NEVADA,HUMBOLDT,410
FLORIDA,WASHINGTON,411
KENTUCKY,ESTILL,411
CALIFORNIA,SUTTER,412
MONTANA,PONDERA,420
CALIFORNIA,MONTEREY,427
FLORIDA,OKALOOSA,428
MICHIGAN,DICKINSON,434
MASSACHUSETTS,BERKSHIRE,435
TEXAS,STEPHENS,435
MONTANA,RAVALLI,438
MINNESOTA,KOOCHICHING,440
MONTANA,PRAIRIE,441
VIRGINIA,PATRICK,445
VIRGINIA,PRINCE WILLIAM,447
LOUISIANA,BEAUREGARD,455
MISSISSIPPI,LEAKE,460
WEST VIRGINIA,WOOD,460
OHIO,NOBLE,462
OREGON,BAKER,469
VIRGINIA,WASHINGTON,470
MARYLAND,ALLEGANY,474
OKLAHOMA,HUGHES,474
NEW HAMPSHIRE,MERRIMACK,476
WEST VIRGINIA,JACKSON,477
VIRGINIA,LEE,480
NEW YORK,ALBANY,482
KENTUCKY,LAUREL,489
MISSOURI,CRAWFORD,490
TEXAS,BOSQUE,490
TENNESSEE,SULLIVAN,491
MISSISSIPPI,PERRY,495
MICHIGAN,OSCODA,505
NORTH CAROLINA,CASWELL,505
ARKANSAS,WASHINGTON,509
MISSISSIPPI,STONE,510
TEXAS,DE WITT,516
WEST VIRGINIA,MONROE,521
MISSISSIPPI,COVINGTON,526
NORTH CAROLINA,NEW HANOVER,529
KENTUCKY,CARTER,532
TENNESSEE,HAWKINS,536
FLORIDA,JEFFERSON,538
GEORGIA,GILMER,541
NORTH CAROLINA,CHEROKEE,542
TENNESSEE,OVERTON,543
OHIO,LAWRENCE,546
GEORGIA,TAYLOR,549
KENTUCKY,OWEN,549
PENNSYLVANIA,GREENE,551
MISSISSIPPI,PEARL RIVER,558
TEXAS,RUNNELS,558
SOUTH CAROLINA,CHARLESTON,565
MASSACHUSETTS,FRANKLIN,566
SOUTH CAROLINA,PICKENS,570
VIRGINIA,CAMPBELL,572
OKLAHOMA,OKMULGEE,573
ALABAMA,WALKER,585
TENNESSEE,COCKE,587
MISSISSIPPI,WALTHALL,588
SOUTH CAROLINA,EDGEFIELD,593
SOUTH CAROLINA,CHEROKEE,600
NORTH CAROLINA,BUNCOMBE,602
WASHINGTON,DOUGLAS,611
GEORGIA,WHITFIELD,613
ALABAMA,CHILTON,624
GEORGIA,SCHLEY,625
KENTUCKY,PENDLETON,628
TENNESSEE,JOHNSON,630
UTAH,BEAVER,631
NEW JERSEY,ATLANTIC,633
WYOMING,NATRONA,638
PENNSYLVANIA,ELK,641
NORTH CAROLINA,RUTHERFORD,642
OKLAHOMA,MAYES,656
ALABAMA,HALE,659
KENTUCKY,GALLATIN,678
TEXAS,WILBARGER,678
NEW YORK,FULTON,679
COLORADO,ARAPAHOE,680
OKLAHOMA,CANADIAN,685
ALABAMA,MONTGOMERY,690
GEORGIA,LOWNDES,693
GEORGIA,TELFAIR,694
TENNESSEE,MORGAN,699
OREGON,UNION,700
FLORIDA,PINELLAS,705
TENNESSEE,TROUSDALE,706
GEORGIA,RICHMOND,716
VERMONT,GRAND ISLE,716
FLORIDA,WALTON,718
MISSOURI,CHRISTIAN,719
NEW MEXICO,TORRANCE,720
MICHIGAN,EMMET,722
WEST VIRGINIA,RANDOLPH,729
MONTANA,TOOLE,730
TENNESSEE,CUMBERLAND,731
KENTUCKY,BRACKEN,732
GEORGIA,HALL,738
CONNECTICUT,WINDHAM,741
MISSISSIPPI,GREENE,741
TEXAS,ERATH,744
KENTUCKY,BULLITT,746
SOUTH CAROLINA,GREENVILLE,750
GEORGIA,FRANKLIN,753
GEORGIA,JASPER,760
MISSOURI,CAMDEN,772
TENNESSEE,LEWIS,772
GEORGIA,CLINCH,773
GEORGIA,WILCOX,775
NORTH CAROLINA,HAYWOOD,782
GEORGIA,TREUTLEN,784
WISCONSIN,ONEIDA,789
GEORGIA,MARION,792
MISSISSIPPI,SIMPSON,800
MONTANA,STILLWATER,800
ARKANSAS,CRAWFORD,807
VIRGINIA,CUMBERLAND,809
VERMONT,RUTLAND,818
MAINE,SOMERSET,819
TENNESSEE,BLOUNT,837
OKLAHOMA,KINGFISHER,842
GEORGIA,PULASKI,845
MICHIGAN,WAYNE,854
NEW JERSEY,SOMERSET,854
NORTH CAROLINA,GASTON,859
WEST VIRGINIA,GRANT,861
NEW YORK,ULSTER,866
MISSISSIPPI,NEWTON,877
OHIO,VINTON,877
SOUTH CAROLINA,KERSHAW,878
VERMONT,CHITTENDEN,878
GEORGIA,EFFINGHAM,883
WEST VIRGINIA,GREENBRIER,885
OKLAHOMA,OKLAHOMA,889
NEW MEXICO,CURRY,891
VIRGINIA,MONTGOMERY,894
ALABAMA,CLEBURNE,897
CALIFORNIA,FRESNO,900
OKLAHOMA,ROGER MILLS,900
TEXAS,SCHLEICHER,900
MINNESOTA,AITKIN,905
NEBRASKA,BLAINE,918
IDAHO,FRANKLIN,929
NORTH CAROLINA,CALDWELL,929
OHIO,SUMMIT,939
MISSISSIPPI,ADAMS,945
TEXAS,COOKE,948
ARKANSAS,FAULKNER,950
MISSISSIPPI,YALOBUSHA,954
MONTANA,PETROLEUM,960
OKLAHOMA,LEFLORE,960
NORTH CAROLINA,LINCOLN,961
MONTANA,VALLEY,966
SOUTH CAROLINA,JASPER,968
VIRGINIA,ALBEMARLE,968
WISCONSIN,MILWAUKEE,979
IDAHO,BUTTE,982
TENNESSEE,MEIGS,984
WISCONSIN,PRICE,987
ALABAMA,RUSSELL,992
SOUTH CAROLINA,NEWBERRY,"1,000"
GEORGIA,CANDLER,"1,001"
COLORADO,MESA,"1,003"
TEXAS,TERRY,"1,003"
OHIO,MONROE,"1,014"
GEORGIA,PUTNAM,"1,029"
SOUTH CAROLINA,BEAUFORT,"1,031"
GEORGIA,LONG,"1,034"
FLORIDA,LEVY,"1,050"
HAWAII,HONOLULU,"1,058"
OKLAHOMA,NOWATA,"1,058"
TENNESSEE,PUTNAM,"1,059"
SOUTH CAROLINA,GEORGETOWN,"1,063"
IDAHO,BONNEVILLE,"1,064"
WYOMING,NIOBRARA,"1,064"
TENNESSEE,FENTRESS,"1,073"
NORTH CAROLINA,BURKE,"1,076"
MISSISSIPPI,LAFAYETTE,"1,077"
SOUTH CAROLINA,SPARTANBURG,"1,080"
GEORGIA,MONTGOMERY,"1,085"
TEXAS,LIPSCOMB,"1,085"
MICHIGAN,ANTRIM,"1,090"
MICHIGAN,DELTA,"1,098"
OKLAHOMA,WASHITA,"1,100"
LOUISIANA,TANGIPAHOA,"1,103"
MICHIGAN,BENZIE,"1,103"
NORTH CAROLINA,STOKES,"1,104"
MONTANA,CARTER,"1,106"
MISSISSIPPI,GEORGE,"1,116"
NEVADA,CHURCHILL,"1,122"
MINNESOTA,LAKE OF THE WOODS,"1,125"
WEST VIRGINIA,MINERAL,"1,129"
GEORGIA,PEACH,"1,130"
VIRGINIA,APPOMATTOX,"1,132"
TENNESSEE,GRAINGER,"1,134"
CALIFORNIA,IMPERIAL,"1,136"
TEXAS,KLEBERG,"1,140"
MISSOURI,ST FRANCOIS,"1,141"
TENNESSEE,CHEATHAM,"1,147"
PENNSYLVANIA,SUSQUEHANNA,"1,149"
WISCONSIN,FOREST,"1,158"
VIRGINIA,LUNENBURG,"1,163"
ALABAMA,DALE,"1,165"
MASSACHUSETTS,HAMPSHIRE,"1,172"
CALIFORNIA,SACRAMENTO,"1,215"
GEORGIA,DODGE,"1,217"
TEXAS,BOWIE,"1,220"
OKLAHOMA,ALFALFA,"1,226"
FLORIDA,LEON,"1,234"
TENNESSEE,GRUNDY,"1,240"
TENNESSEE,BRADLEY,"1,246"
VIRGINIA,NELSON,"1,247"
MISSOURI,PULASKI,"1,252"
VIRGINIA,CLARKE,"1,254"
TENNESSEE,WILSON,"1,261"
MISSISSIPPI,UNION,"1,263"
VIRGINIA,FLUVANNA,"1,268"
ALABAMA,FAYETTE,"1,273"
GEORGIA,JENKINS,"1,273"
GEORGIA,BLECKLEY,"1,276"
MISSISSIPPI,ITAWAMBA,"1,285"
MISSISSIPPI,TIPPAH,"1,296"
GEORGIA,BACON,"1,310"
SOUTH CAROLINA,OCONEE,"1,310"
NEW MEXICO,DONA ANA,"1,315"
ALABAMA,AUTAUGA,"1,319"
MISSOURI,GREENE,"1,322"
MISSOURI,RIPLEY,"1,339"
GEORGIA,MORGAN,"1,358"
WEST VIRGINIA,HAMPSHIRE,"1,358"
GEORGIA,BARTOW,"1,367"
TENNESSEE,DICKSON,"1,368"
UTAH,UTAH,"1,377"
VIRGINIA,KING GEORGE,"1,382"
KENTUCKY,CLINTON,"1,383"
NEW YORK,SUFFOLK,"1,384"
GEORGIA,EMANUEL,"1,385"
OHIO,JACKSON,"1,395"
MONTANA,CUSTER,"1,396"
VIRGINIA,BUCKINGHAM,"1,399"
IDAHO,LINCOLN,"1,406"
OKLAHOMA,ELLIS,"1,412"
VIRGINIA,STAFFORD,"1,420"
MONTANA,GALLATIN,"1,427"
NEW JERSEY,MIDDLESEX,"1,428"
SOUTH CAROLINA,SALUDA,"1,432"
MICHIGAN,OTSEGO,"1,437"
GEORGIA,WARE,"1,446"
ALABAMA,CRENSHAW,"1,455"
CALIFORNIA,SOLANO,"1,462"
ALABAMA,WILCOX,"1,470"
VIRGINIA,BEDFORD,"1,475"
MINNESOTA,ITASCA,"1,483"
CALIFORNIA,TULARE,"1,492"
MONTANA,FERGUS,"1,500"
MISSOURI,LACLEDE,"1,505"
KENTUCKY,MONTGOMERY,"1,521"
ARKANSAS,JOHNSON,"1,522"
ILLINOIS,HARDIN,"1,536"
KENTUCKY,ROCKCASTLE,"1,542"
KENTUCKY,BOONE,"1,543"
OHIO,MEIGS,"1,555"
KANSAS,CLARK,"1,556"
FLORIDA,HOLMES,"1,567"
FLORIDA,ST. JOHNS,"1,575"
GEORGIA,STEWART,"1,576"
INDIANA,OHIO,"1,581"
NORTH CAROLINA,ALEXANDER,"1,583"
VIRGINIA,BOTETOURT,"1,593"
CALIFORNIA,BUTTE,"1,594"
COLORADO,MONTEZUMA,"1,594"
NORTH CAROLINA,HENDERSON,"1,608"
KENTUCKY,BATH,"1,612"
KENTUCKY,CUMBERLAND,"1,616"
MISSISSIPPI,JEFFERSON,"1,620"
OKLAHOMA,POTTAWATOMIE,"1,620"
GEORGIA,MURRAY,"1,630"
ALABAMA,WINSTON,"1,645"
TEXAS,WALLER,"1,654"
FLORIDA,GILCHRIST,"1,656"
MONTANA,CASCADE,"1,656"
NORTH CAROLINA,FORSYTH,"1,677"
PENNSYLVANIA,SULLIVAN,"1,678"
KENTUCKY,POWELL,"1,709"
VIRGINIA,HENRICO,"1,709"
VIRGINIA,SPOTSYLVANIA,"1,718"
MISSOURI,POLK,"1,732"
UTAH,MILLARD,"1,732"
MICHIGAN,MONTMORENCY,"1,733"
PENNSYLVANIA,MONROE,"1,734"
NEW MEXICO,ROOSEVELT,"1,750"
KENTUCKY,FAYETTE,"1,754"
MONTANA,LAKE,"1,789"
WISCONSIN,ASHLAND,"1,796"
IDAHO,JEFFERSON,"1,801"
TEXAS,WICHITA,"1,822"
MONTANA,ROSEBUD,"1,830"
MISSISSIPPI,WAYNE,"1,836"
IDAHO,CASSIA,"1,843"
KANSAS,ELLSWORTH,"1,844"
INDIANA,BROWN,"1,848"
COLORADO,BOULDER,"1,849"
LOUISIANA,EAST FELICIANA,"1,849"
NORTH CAROLINA,ALAMANCE,"1,856"
TEXAS,ROBERTS,"1,871"
NORTH CAROLINA,WARREN,"1,875"
KENTUCKY,MADISON,"1,881"
VIRGINIA,MECKLENBURG,"1,881"
NEW JERSEY,MERCER,"1,899"
LOUISIANA,GRANT,"1,901"
KENTUCKY,OLDHAM,"1,919"
WEST VIRGINIA,PENDLETON,"1,923"
TEXAS,DALLAS,"1,926"
TEXAS,ATASCOSA,"1,931"
OHIO,JEFFERSON,"1,937"
OKLAHOMA,CUSTER,"1,955"
VERMONT,ADDISON,"1,963"
TEXAS,ZAVALA,"1,967"
OKLAHOMA,DELAWARE,"1,968"
MONTANA,WIBAUX,"1,971"
NORTH CAROLINA,WAKE,"1,973"
MINNESOTA,BELTRAMI,"1,975"
MAINE,AROOSTOOK,"1,984"
MISSOURI,WEBSTER,"1,996"
TEXAS,DONLEY,"2,009"
MONTANA,TETON,"2,020"
GEORGIA,CLAY,"2,025"
ALABAMA,CALHOUN,"2,029"
MISSISSIPPI,ATTALA,"2,041"
NORTH CAROLINA,GRANVILLE,"2,049"
PENNSYLVANIA,POTTER,"2,060"
MICHIGAN,IOSCO,"2,070"
MISSISSIPPI,WEBSTER,"2,075"
FLORIDA,COLUMBIA,"2,079"
GEORGIA,BEN HILL,"2,095"
MICHIGAN,CHARLEVOIX,"2,095"
VIRGINIA,GREENSVILLE,"2,101"
NORTH CAROLINA,LEE,"2,103"
TENNESSEE,WASHINGTON,"2,114"
GEORGIA,TWIGGS,"2,133"
NORTH DAKOTA,BURKE,"2,134"
PENNSYLVANIA,LACKAWANNA,"2,145"
KENTUCKY,CLARK,"2,149"
WYOMING,FREMONT,"2,149"
SOUTH CAROLINA,BERKELEY,"2,155"
ALABAMA,MONROE,"2,159"
KANSAS,LINCOLN,"2,166"
MISSOURI,MARIES,"2,167"
UTAH,DUCHESNE,"2,182"
ARKANSAS,SEBASTIAN,"2,183"
GEORGIA,EVANS,"2,184"
TENNESSEE,PERRY,"2,186"
ALABAMA,BULLOCK,"2,188"
MICHIGAN,OAKLAND,"2,190"
MICHIGAN,ALCONA,"2,206"
MONTANA,TREASURE,"2,210"
GEORGIA,CARROLL,"2,213"
WYOMING,WASHAKIE,"2,213"
TEXAS,DENTON,"2,228"
SOUTH CAROLINA,ANDERSON,"2,231"
TENNESSEE,HARDIN,"2,232"
ALABAMA,MACON,"2,238"
OHIO,HOCKING,"2,242"
MISSISSIPPI,MONTGOMERY,"2,244"
PENNSYLVANIA,CARBON,"2,244"
ALABAMA,CONECUH,"2,248"
COLORADO,PUEBLO,"2,259"
MISSOURI,DALLAS,"2,259"
MISSISSIPPI,RANKIN,"2,283"
OHIO,HAMILTON,"2,285"
CONNECTICUT,HARTFORD,"2,291"
GEORGIA,CHATTOOGA,"2,295"
SOUTH CAROLINA,LANCASTER,"2,301"
NEW YORK,DELAWARE,"2,308"
TEXAS,CROSBY,"2,316"
SOUTH DAKOTA,BUTTE,"2,321"
ARKANSAS,CONWAY,"2,349"
UTAH,CACHE,"2,360"
WISCONSIN,BAYFIELD,"2,361"
VIRGINIA,NOTTOWAY,"2,367"
KENTUCKY,GREENUP,"2,369"
TENNESSEE,CLAY,"2,371"
KENTUCKY,TRIMBLE,"2,372"
TENNESSEE,POLK,"2,372"
VIRGINIA,CHARLOTTE,"2,376"
MAINE,OXFORD,"2,380"
IDAHO,BINGHAM,"2,386"
OKLAHOMA,BRYAN,"2,394"
LOUISIANA,SAINT TAMMANY,"2,400"
TEXAS,AUSTIN,"2,424"
KENTUCKY,JESSAMINE,"2,425"
MINNESOTA,CASS,"2,436"
GEORGIA,JEFF DAVIS,"2,454"
KANSAS,COMANCHE,"2,456"
KENTUCKY,NICHOLAS,"2,462"
TEXAS,COCHRAN,"2,470"
MONTANA,CHOUTEAU,"2,474"
MONTANA,FALLON,"2,475"
ALABAMA,BARBOUR,"2,485"
ALABAMA,HENRY,"2,486"
CALIFORNIA,YOLO,"2,486"
ARKANSAS,PULASKI,"2,500"
COLORADO,DELTA,"2,503"
GEORGIA,CRISP,"2,528"
NEW JERSEY,MONMOUTH,"2,539"
GEORGIA,GORDON,"2,549"
VIRGINIA,LANCASTER,"2,552"
TEXAS,LYNN,"2,555"
VIRGINIA,POWHATAN,"2,556"
WEST VIRGINIA,PRESTON,"2,560"
NEW YORK,ORANGE,"2,570"
TENNESSEE,LOUDON,"2,590"
NORTH CAROLINA,ROCKINGHAM,"2,594"
FLORIDA,ESCAMBIA,"2,597"
KENTUCKY,LEWIS,"2,621"
NORTH CAROLINA,MONTGOMERY,"2,645"
INDIANA,FLOYD,"2,648"
SOUTH CAROLINA,BARNWELL,"2,651"
NORTH CAROLINA,RICHMOND,"2,653"
OKLAHOMA,BEAVER,"2,655"
GEORGIA,APPLING,"2,660"
IDAHO,WASHINGTON,"2,666"
ALABAMA,BLOUNT,"2,670"
MISSISSIPPI,PONTOTOC,"2,689"
TENNESSEE,WAYNE,"2,718"
KENTUCKY,SCOTT,"2,731"
TEXAS,GOLIAD,"2,735"
NORTH CAROLINA,ORANGE,"2,752"
ALABAMA,COFFEE,"2,763"
OKLAHOMA,KIOWA,"2,793"
ALABAMA,COVINGTON,"2,795"
GEORGIA,TIFT,"2,797"
TENNESSEE,HUMPHREYS,"2,808"
TENNESSEE,HAMBLEN,"2,829"
MISSOURI,ST LOUIS,"2,833"
NORTH CAROLINA,FRANKLIN,"2,848"
OHIO,GEAUGA,"2,855"
VIRGINIA,GRAYSON,"2,860"
MONTANA,YELLOWSTONE,"2,861"
MONTANA,GARFIELD,"2,867"
MISSISSIPPI,LEE,"2,877"
FLORIDA,SANTA ROSA,"2,890"
TENNESSEE,JEFFERSON,"2,910"
WEST VIRGINIA,MASON,"2,925"
TENNESSEE,DE KALB,"2,927"
NEW YORK,DUTCHESS,"2,936"
WEST VIRGINIA,BERKELEY,"2,936"
ALABAMA,MARENGO,"2,937"
GEORGIA,JOHNSON,"2,957"
ALABAMA,TUSCALOOSA,"2,980"
GEORGIA,ATKINSON,"2,997"
KENTUCKY,WOODFORD,"3,017"
ARKANSAS,RANDOLPH,"3,037"
OKLAHOMA,CRAIG,"3,051"
GEORGIA,TATTNALL,"3,055"
OKLAHOMA,GRADY,"3,063"
GEORGIA,POLK,"3,100"
GEORGIA,TOOMBS,"3,106"
PENNSYLVANIA,WARREN,"3,117"
IDAHO,ADA,"3,130"
VIRGINIA,ROCKBRIDGE,"3,136"
TEXAS,BAILEY,"3,138"
NORTH CAROLINA,MOORE,"3,157"
OKLAHOMA,GARVIN,"3,157"
MICHIGAN,LEELANAU,"3,166"
OKLAHOMA,MCCLAIN,"3,167"
NEW YORK,CORTLAND,"3,176"
TEXAS,WILSON,"3,223"
NORTH CAROLINA,CHATHAM,"3,228"
IDAHO,GEM,"3,254"
SOUTH DAKOTA,FALL RIVER,"3,297"
MISSISSIPPI,GRENADA,"3,311"
VIRGINIA,PAGE,"3,313"
VIRGINIA,FREDERICK,"3,333"
ARKANSAS,LOGAN,"3,335"
NEW YORK,RENSSELAER,"3,340"
MISSISSIPPI,BENTON,"3,348"
INDIANA,MARION,"3,357"
MINNESOTA,CLEARWATER,"3,368"
MICHIGAN,CLARE,"3,369"
TEXAS,RANDALL,"3,370"
OHIO,GUERNSEY,"3,380"
TEXAS,LAVACA,"3,391"
MONTANA,BIG HORN,"3,401"
CALIFORNIA,GLENN,"3,414"
TEXAS,ARCHER,"3,420"
TENNESSEE,RHEA,"3,430"
KENTUCKY,SPENCER,"3,432"
TENNESSEE,BLEDSOE,"3,454"
MISSISSIPPI,CLARKE,"3,463"
TENNESSEE,MONROE,"3,474"
OHIO,HARRISON,"3,491"
ALABAMA,TALLAPOOSA,"3,504"
SOUTH CAROLINA,LEXINGTON,"3,520"
MISSISSIPPI,ALCORN,"3,574"
KENTUCKY,ALLEN,"3,586"
MISSOURI,NEWTON,"3,595"
KENTUCKY,FLEMING,"3,600"
TENNESSEE,GREENE,"3,631"
NORTH DAKOTA,BILLINGS,"3,638"
NEW YORK,SCHOHARIE,"3,640"
GEORGIA,BULLOCH,"3,649"
CALIFORNIA,MERCED,"3,654"
GEORGIA,LANIER,"3,662"
TEXAS,MIDLAND,"3,694"
VIRGINIA,PITTSYLVANIA,"3,709"
NORTH CAROLINA,GUILFORD,"3,712"
MARYLAND,PRINCE GEORGES,"3,713"
OKLAHOMA,TILLMAN,"3,726"
OHIO,ATHENS,"3,731"
MINNESOTA,ANOKA,"3,750"
MISSOURI,MILLER,"3,758"
ALABAMA,CULLMAN,"3,768"
KENTUCKY,HARRISON,"3,793"
MARYLAND,CHARLES,"3,808"
OKLAHOMA,WAGONER,"3,810"
ALABAMA,ELMORE,"3,817"
VIRGINIA,HALIFAX,"3,820"
SOUTH DAKOTA,OGLALA LAKOTA,"3,839"
GEORGIA,GRADY,"3,860"
TENNESSEE,HICKMAN,"3,884"
COLORADO,OTERO,"3,908"
NORTH CAROLINA,DAVIDSON,"3,912"
VIRGINIA,GOOCHLAND,"3,914"
LOUISIANA,WASHINGTON,"3,919"
INDIANA,DEARBORN,"3,953"
TENNESSEE,DECATUR,"3,954"
KANSAS,JOHNSON,"3,955"
ALABAMA,PIKE,"3,968"
NORTH DAKOTA,ROLETTE,"3,971"
ILLINOIS,POPE,"3,998"
TEXAS,LUBBOCK,"4,010"
OHIO,GALLIA,"4,012"
ALABAMA,MARION,"4,021"
MISSOURI,COLE,"4,031"
VIRGINIA,LOUDOUN,"4,032"
SOUTH CAROLINA,AIKEN,"4,057"
MISSISSIPPI,PANOLA,"4,083"
KENTUCKY,GARRARD,"4,109"
PENNSYLVANIA,WYOMING,"4,115"
TENNESSEE,MCMINN,"4,130"
GEORGIA,WASHINGTON,"4,153"
MISSOURI,HICKORY,"4,180"
NORTH DAKOTA,DIVIDE,"4,192"
MISSOURI,GASCONADE,"4,196"
MISSISSIPPI,PRENTISS,"4,218"
TENNESSEE,WHITE,"4,237"
ARIZONA,GRAHAM,"4,238"
GEORGIA,DOOLY,"4,247"
ALABAMA,HOUSTON,"4,249"
MISSISSIPPI,WARREN,"4,250"
ALABAMA,ETOWAH,"4,261"
MONTANA,MCCONE,"4,272"
VIRGINIA,AMELIA,"4,277"
TEXAS,YOAKUM,"4,281"
TENNESSEE,HARDEMAN,"4,299"
PENNSYLVANIA,CLEARFIELD,"4,328"
NORTH CAROLINA,HOKE,"4,336"
WISCONSIN,SAWYER,"4,344"
ILLINOIS,ALEXANDER,"4,354"
KENTUCKY,LYON,"4,355"
MICHIGAN,MANISTEE,"4,360"
MINNESOTA,HENNEPIN,"4,368"
FLORIDA,ALACHUA,"4,371"
PENNSYLVANIA,WASHINGTON,"4,410"
PENNSYLVANIA,BEAVER,"4,410"
NORTH DAKOTA,CAVALIER,"4,412"
NORTH CAROLINA,NASH,"4,448"
OKLAHOMA,MAJOR,"4,449"
VIRGINIA,PRINCE GEORGE,"4,459"
TEXAS,GONZALES,"4,461"
PENNSYLVANIA,MONTGOMERY,"4,468"
SOUTH DAKOTA,MELLETTE,"4,506"
INDIANA,MONROE,"4,529"
TENNESSEE,BENTON,"4,539"
ALABAMA,DALLAS,"4,559"
NEW JERSEY,CUMBERLAND,"4,580"
OKLAHOMA,CADDO,"4,583"
COLORADO,MONTROSE,"4,587"
VIRGINIA,LOUISA,"4,607"
GEORGIA,TURNER,"4,615"
SOUTH CAROLINA,COLLETON,"4,626"
MICHIGAN,GRAND TRAVERSE,"4,631"
VIRGINIA,NEW KENT,"4,663"
IDAHO,JEROME,"4,715"
NEW YORK,BROOME,"4,723"
VIRGINIA,VIRGINIA BEACH CITY,"4,728"
WYOMING,BIG HORN,"4,732"
NEW YORK,OSWEGO,"4,733"
TENNESSEE,MCNAIRY,"4,735"
NORTH CAROLINA,WILKES,"4,736"
NORTH CAROLINA,CATAWBA,"4,739"
WEST VIRGINIA,HARDY,"4,778"
GEORGIA,WALKER,"4,779"
GEORGIA,BERRIEN,"4,779"
NEW JERSEY,SUSSEX,"4,788"
PENNSYLVANIA,VENANGO,"4,814"
TENNESSEE,MACON,"4,821"
TENNESSEE,BEDFORD,"4,846"
COLORADO,LARIMER,"4,847"
TEXAS,BEXAR,"4,856"
GEORGIA,BROOKS,"4,869"
VIRGINIA,NORTHAMPTON,"4,877"
VIRGINIA,MIDDLESEX,"4,892"
OHIO,MORGAN,"4,918"
OKLAHOMA,MUSKOGEE,"4,942"
NORTH CAROLINA,PERSON,"4,947"
OKLAHOMA,SEQUOYAH,"4,950"
TENNESSEE,MARSHALL,"4,962"
WISCONSIN,LANGLADE,"4,964"
TEXAS,TOM GREEN,"4,968"
TENNESSEE,CANNON,"4,979"
NEW YORK,SARATOGA,"5,032"
SOUTH DAKOTA,STANLEY,"5,032"
NEW JERSEY,GLOUCESTER,"5,072"
MARYLAND,CALVERT,"5,087"
GEORGIA,COOK,"5,191"
UTAH,UINTAH,"5,191"
NORTH CAROLINA,MARTIN,"5,197"
VIRGINIA,WYTHE,"5,215"
GEORGIA,WAYNE,"5,241"
VIRGINIA,GLOUCESTER,"5,281"
NEW JERSEY,BURLINGTON,"5,336"
KENTUCKY,HANCOCK,"5,341"
TENNESSEE,WILLIAMSON,"5,349"
MARYLAND,HOWARD,"5,364"
NORTH DAKOTA,MOUNTRAIL,"5,375"
VIRGINIA,FAUQUIER,"5,386"
NEW YORK,SCHUYLER,"5,396"
MARYLAND,ANNE ARUNDEL,"5,405"
WASHINGTON,ADAMS,"5,415"
IDAHO,POWER,"5,423"
IDAHO,PAYETTE,"5,428"
COLORADO,BENT,"5,444"
KENTUCKY,HART,"5,447"
GEORGIA,THOMAS,"5,471"
MISSOURI,CEDAR,"5,475"
NORTH CAROLINA,ONSLOW,"5,480"
TENNESSEE,SHELBY,"5,484"
TEXAS,REFUGIO,"5,487"
LOUISIANA,CALDWELL,"5,493"
GEORGIA,COLQUITT,"5,505"
TEXAS,FAYETTE,"5,535"
NEBRASKA,LOGAN,"5,541"
MONTANA,CARBON,"5,561"
TENNESSEE,CHESTER,"5,570"
TEXAS,PARMER,"5,570"
ALABAMA,BALDWIN,"5,593"
KANSAS,ELK,"5,620"
VIRGINIA,CULPEPER,"5,620"
MICHIGAN,PRESQUE ISLE,"5,648"
ARKANSAS,YELL,"5,666"
KENTUCKY,HENRY,"5,684"
PENNSYLVANIA,MONTOUR,"5,731"
TEXAS,FLOYD,"5,747"
ILLINOIS,JOHNSON,"5,812"
MICHIGAN,GLADWIN,"5,825"
NEW YORK,TOMPKINS,"5,829"
SOUTH CAROLINA,ALLENDALE,"5,840"
MICHIGAN,ALPENA,"5,845"
MISSOURI,JEFFERSON,"5,858"
KENTUCKY,WASHINGTON,"5,859"
LOUISIANA,RED RIVER,"5,870"
NEBRASKA,LOUP,"5,887"
NORTH CAROLINA,CHOWAN,"5,897"
VERMONT,FRANKLIN,"5,904"
GEORGIA,WORTH,"5,915"
PENNSYLVANIA,CLINTON,"5,915"
ALABAMA,FRANKLIN,"5,921"
NEW YORK,LEWIS,"5,929"
GEORGIA,HART,"5,952"
VIRGINIA,DINWIDDIE,"5,964"
ALABAMA,TALLADEGA,"5,988"
FLORIDA,SUWANNEE,"6,012"
NORTH CAROLINA,SCOTLAND,"6,014"
TEXAS,CORYELL,"6,018"
TENNESSEE,HENDERSON,"6,035"
NEW YORK,HERKIMER,"6,133"
MICHIGAN,WEXFORD,"6,137"
SOUTH DAKOTA,MEADE,"6,146"
NEW YORK,CHEMUNG,"6,157"
NEBRASKA,ARTHUR,"6,158"
TEXAS,DELTA,"6,159"
MONTANA,DAWSON,"6,167"
VIRGINIA,FRANKLIN,"6,179"
TEXAS,STARR,"6,199"
NORTH CAROLINA,ANSON,"6,234"
ALABAMA,CHEROKEE,"6,289"
TEXAS,BEE,"6,315"
WASHINGTON,WALLA WALLA,"6,317"
MISSISSIPPI,TATE,"6,334"
MISSISSIPPI,MARSHALL,"6,347"
KENTUCKY,MASON,"6,377"
TENNESSEE,MARION,"6,386"
ALABAMA,MORGAN,"6,412"
KENTUCKY,WAYNE,"6,436"
MISSOURI,BOLLINGER,"6,441"
TEXAS,GRAY,"6,473"
NEW JERSEY,HUNTERDON,"6,478"
ARKANSAS,LITTLE RIVER,"6,543"
KENTUCKY,RUSSELL,"6,563"
VIRGINIA,CHESAPEAKE CITY,"6,599"
SOUTH DAKOTA,TODD,"6,617"
MONTANA,RICHLAND,"6,637"
SOUTH CAROLINA,HAMPTON,"6,674"
OKLAHOMA,OTTAWA,"6,695"
NORTH CAROLINA,HERTFORD,"6,734"
GEORGIA,FLOYD,"6,774"
TENNESSEE,RUTHERFORD,"6,782"
ARKANSAS,WHITE,"6,810"
ALABAMA,ESCAMBIA,"6,812"
NORTH CAROLINA,GATES,"6,815"
ARKANSAS,DREW,"6,836"
TEXAS,SWISHER,"6,854"
LOUISIANA,POINTE COUPEE,"6,855"
VIRGINIA,MADISON,"6,929"
FLORIDA,LEE,"6,936"
MICHIGAN,MENOMINEE,"7,008"
MINNESOTA,PENNINGTON,"7,016"
GEORGIA,COFFEE,"7,038"
MISSOURI,MORGAN,"7,061"
TEXAS,HOCKLEY,"7,061"
KANSAS,BARBER,"7,068"
SOUTH CAROLINA,MARION,"7,088"
UTAH,BOX ELDER,"7,120"
SOUTH CAROLINA,CHESTERFIELD,"7,169"
NEW YORK,ALLEGANY,"7,173"
KENTUCKY,ADAIR,"7,195"
ALABAMA,PICKENS,"7,218"
INDIANA,CRAWFORD,"7,238"
LOUISIANA,SAINT LANDRY,"7,269"
KENTUCKY,BOURBON,"7,271"
ARKANSAS,LAWRENCE,"7,284"
NORTH CAROLINA,CUMBERLAND,"7,285"
MONTANA,HILL,"7,300"
KENTUCKY,MONROE,"7,305"
NEW YORK,COLUMBIA,"7,316"
ALABAMA,LOWNDES,"7,331"
MINNESOTA,CROW WING,"7,339"
COLORADO,ELBERT,"7,343"
KENTUCKY,MERCER,"7,344"
PENNSYLVANIA,FAYETTE,"7,361"
IDAHO,ELMORE,"7,377"
NORTH CAROLINA,CLEVELAND,"7,381"
FLORIDA,JACKSON,"7,383"
NEW YORK,TIOGA,"7,447"
OHIO,SCIOTO,"7,452"
KANSAS,RUSSELL,"7,453"
GEORGIA,MACON,"7,485"
TENNESSEE,LAKE,"7,517"
KENTUCKY,EDMONSON,"7,588"
FLORIDA,MADISON,"7,630"
SOUTH DAKOTA,PENNINGTON,"7,642"
VIRGINIA,CHARLES CITY,"7,664"
GEORGIA,LAURENS,"7,693"
VIRGINIA,SURRY,"7,701"
GEORGIA,EARLY,"7,705"
MARYLAND,ST MARYS,"7,707"
FLORIDA,LAFAYETTE,"7,736"
VIRGINIA,SUSSEX,"7,759"
NEW YORK,FRANKLIN,"7,760"
NORTH CAROLINA,HARNETT,"7,768"
KENTUCKY,PULASKI,"7,784"
MISSOURI,BARRY,"7,801"
MISSISSIPPI,DE SOTO,"7,804"
INDIANA,SWITZERLAND,"7,809"
WISCONSIN,OZAUKEE,"7,814"
NORTH DAKOTA,MCKENZIE,"7,815"
ALABAMA,MARSHALL,"7,832"
NORTH CAROLINA,RANDOLPH,"7,865"
KANSAS,SALINE,"7,971"
MISSISSIPPI,CLAY,"7,983"
GEORGIA,PIERCE,"7,985"
GEORGIA,WEBSTER,"8,003"
MICHIGAN,OSCEOLA,"8,028"
ALABAMA,GENEVA,"8,030"
KENTUCKY,BOYLE,"8,058"
ILLINOIS,LAKE,"8,135"
WYOMING,PARK,"8,136"
ALABAMA,PERRY,"8,143"
GEORGIA,IRWIN,"8,175"
NORTH CAROLINA,IREDELL,"8,221"
NORTH CAROLINA,CABARRUS,"8,251"
KENTUCKY,LINCOLN,"8,275"
WYOMING,PLATTE,"8,307"
ARKANSAS,INDEPENDENCE,"8,316"
SOUTH DAKOTA,JACKSON,"8,390"
MISSOURI,LAWRENCE,"8,392"
TEXAS,CALDWELL,"8,396"
SOUTH CAROLINA,CALHOUN,"8,456"
KENTUCKY,METCALFE,"8,459"
NEBRASKA,DAWES,"8,516"
VIRGINIA,WESTMORELAND,"8,553"
PENNSYLVANIA,FULTON,"8,561"
PENNSYLVANIA,LUZERNE,"8,563"
WISCONSIN,LINCOLN,"8,577"
NEW YORK,MONTGOMERY,"8,599"
NEW YORK,CHENANGO,"8,638"
TEXAS,FRIO,"8,665"
KANSAS,RUSH,"8,693"
OKLAHOMA,KAY,"8,704"
TEXAS,ROBERTSON,"8,712"
SOUTH CAROLINA,BAMBERG,"8,776"
NEW YORK,WASHINGTON,"8,835"
KENTUCKY,CASEY,"8,839"
GEORGIA,SEMINOLE,"8,903"
NORTH DAKOTA,TOWNER,"8,920"
TENNESSEE,GILES,"8,926"
NORTH CAROLINA,JOHNSTON,"8,935"
NORTH CAROLINA,WILSON,"8,938"
MISSISSIPPI,QUITMAN,"8,980"
VIRGINIA,SUFFOLK CITY,"8,987"
KANSAS,CHAUTAUQUA,"8,991"
TENNESSEE,SMITH,"9,017"
IDAHO,MINIDOKA,"9,019"
MARYLAND,GARRETT,"9,034"
PENNSYLVANIA,JEFFERSON,"9,073"
PENNSYLVANIA,CAMBRIA,"9,074"
NORTH CAROLINA,BRUNSWICK,"9,166"
WYOMING,LARAMIE,"9,179"
NORTH CAROLINA,HALIFAX,"9,206"
OHIO,PIKE,"9,247"
VIRGINIA,RICHMOND,"9,289"
LOUISIANA,OUACHITA,"9,366"
NORTH DAKOTA,WILLIAMS,"9,391"
TENNESSEE,SUMNER,"9,423"
NORTH CAROLINA,DAVIE,"9,461"
NORTH CAROLINA,SURRY,"9,546"
PENNSYLVANIA,BUCKS,"9,553"
VIRGINIA,ORANGE,"9,554"
MISSISSIPPI,CHICKASAW,"9,577"
KANSAS,ELLIS,"9,579"
GEORGIA,BAKER,"9,596"
GEORGIA,SCREVEN,"9,629"
NEW YORK,CATTARAUGUS,"9,681"
TEXAS,LAMB,"9,737"
KENTUCKY,TAYLOR,"9,820"
INDIANA,PERRY,"9,903"
TENNESSEE,MAURY,"9,922"
OREGON,UMATILLA,"9,946"
NORTH CAROLINA,ROWAN,"10,010"
TENNESSEE,WARREN,"10,046"
TEXAS,MEDINA,"10,056"
NORTH DAKOTA,GOLDEN VALLEY,"10,069"
MISSISSIPPI,LOWNDES,"10,119"
TEXAS,HUNT,"10,153"
WISCONSIN,WASHBURN,"10,174"
MISSISSIPPI,TUNICA,"10,192"
TEXAS,CALHOUN,"10,237"
NORTH CAROLINA,EDGECOMBE,"10,293"
OKLAHOMA,NOBLE,"10,323"
MISSISSIPPI,CARROLL,"10,370"
NEBRASKA,GARFIELD,"10,402"
VIRGINIA,KING WILLIAM,"10,416"
LOUISIANA,RAPIDES,"10,516"
NORTH CAROLINA,JONES,"10,529"
ARKANSAS,MILLER,"10,663"
PENNSYLVANIA,MIFFLIN,"10,706"
GEORGIA,LEE,"10,725"
MISSOURI,MONITEAU,"10,769"
MISSOURI,SCHUYLER,"10,798"
TEXAS,JIM WELLS,"10,883"
NEW MEXICO,UNION,"10,900"
NORTH CAROLINA,PENDER,"10,910"
MISSOURI,BENTON,"10,917"
GEORGIA,MITCHELL,"10,921"
MICHIGAN,MISSAUKEE,"10,928"
INDIANA,SCOTT,"10,950"
TEXAS,UVALDE,"10,963"
SOUTH CAROLINA,MARLBORO,"11,000"
WEST VIRGINIA,JEFFERSON,"11,002"
NORTH DAKOTA,SLOPE,"11,036"
VIRGINIA,SHENANDOAH,"11,069"
NEBRASKA,SIOUX,"11,134"
VIRGINIA,ISLE OF WIGHT,"11,153"
GEORGIA,SUMTER,"11,208"
NORTH DAKOTA,RENVILLE,"11,216"
TEXAS,BRAZORIA,"11,269"
NEW YORK,OTSEGO,"11,298"
GEORGIA,RANDOLPH,"11,311"
COLORADO,PROWERS,"11,337"
NORTH CAROLINA,CURRITUCK,"11,353"
PENNSYLVANIA,CLARION,"11,379"
SOUTH CAROLINA,DORCHESTER,"11,470"
PENNSYLVANIA,UNION,"11,514"
SOUTH DAKOTA,HARDING,"11,596"
SOUTH DAKOTA,BUFFALO,"11,598"
KANSAS,KINGMAN,"11,616"
NEW YORK,JEFFERSON,"11,647"
OHIO,CARROLL,"11,658"
MICHIGAN,OGEMAW,"11,678"
TEXAS,BURLESON,"11,693"
LOUISIANA,CADDO,"11,723"
OHIO,FRANKLIN,"11,727"
ARKANSAS,LAFAYETTE,"11,729"
KENTUCKY,MARSHALL,"11,743"
OKLAHOMA,GRANT,"11,763"
GEORGIA,JEFFERSON,"11,816"
MISSOURI,OSAGE,"11,904"
SOUTH DAKOTA,PERKINS,"11,913"
OHIO,WASHINGTON,"11,992"
KANSAS,LANE,"11,997"
NORTH CAROLINA,PERQUIMANS,"12,042"
NORTH CAROLINA,YADKIN,"12,049"
MICHIGAN,MUSKEGON,"12,066"
KENTUCKY,MCCRACKEN,"12,068"
MINNESOTA,ROSEAU,"12,134"
PENNSYLVANIA,TIOGA,"12,255"
MINNESOTA,HUBBARD,"12,273"
TEXAS,GRAYSON,"12,274"
VIRGINIA,KING AND QUEEN,"12,284"
WASHINGTON,FRANKLIN,"12,339"
MISSISSIPPI,CALHOUN,"12,357"
VIRGINIA,HANOVER,"12,366"
MISSISSIPPI,MADISON,"12,390"
KANSAS,CHASE,"12,432"
INDIANA,JEFFERSON,"12,440"
MINNESOTA,KANABEC,"12,558"
WISCONSIN,BURNETT,"12,577"
ILLINOIS,UNION,"12,634"
LOUISIANA,CONCORDIA,"12,642"
MINNESOTA,PINE,"12,696"
SOUTH DAKOTA,ZIEBACH,"12,790"
MINNESOTA,WASHINGTON,"12,821"
MICHIGAN,MACOMB,"12,834"
OHIO,PERRY,"12,908"
MISSOURI,WORTH,"12,937"
VIRGINIA,CAROLINE,"13,092"
TEXAS,WILLACY,"13,096"
OKLAHOMA,GARFIELD,"13,118"
TEXAS,COLLIN,"13,149"
NORTH CAROLINA,NORTHAMPTON,"13,217"
NEW YORK,CHAUTAUQUA,"13,223"
OREGON,MALHEUR,"13,248"
INDIANA,MARTIN,"13,468"
OHIO,MAHONING,"13,475"
NEW YORK,ERIE,"13,477"
PENNSYLVANIA,ARMSTRONG,"13,489"
TEXAS,COLORADO,"13,511"
MICHIGAN,MIDLAND,"13,537"
TEXAS,GAINES,"13,541"
MARYLAND,MONTGOMERY,"13,585"
KENTUCKY,GRAYSON,"13,589"
INDIANA,OWEN,"13,625"
MISSOURI,ST CLAIR,"13,641"
KANSAS,BOURBON,"13,658"
NORTH CAROLINA,BERTIE,"13,663"
NEW JERSEY,WARREN,"13,688"
KANSAS,TREGO,"13,701"
ALABAMA,DE KALB,"13,730"
TEXAS,CASTRO,"13,793"
MINNESOTA,RED LAKE,"13,891"
INDIANA,LAWRENCE,"13,900"
MISSISSIPPI,HINDS,"13,937"
MARYLAND,HARFORD,"13,943"
MINNESOTA,KITTSON,"13,946"
MISSISSIPPI,MONROE,"13,962"
SOUTH CAROLINA,FLORENCE,"14,174"
KENTUCKY,MUHLENBERG,"14,214"
OHIO,PORTAGE,"14,228"
MISSOURI,ADAIR,"14,241"
CALIFORNIA,SAN JOAQUIN,"14,503"
NORTH DAKOTA,DUNN,"14,545"
NORTH CAROLINA,GREENE,"14,550"
MISSOURI,JACKSON,"14,586"
NEW YORK,CLINTON,"14,675"
NORTH CAROLINA,STANLY,"14,830"
KANSAS,GEARY,"14,832"
IDAHO,GOODING,"14,883"
MINNESOTA,MILLE LACS,"14,937"
MISSOURI,SULLIVAN,"14,942"
MICHIGAN,MASON,"15,056"
OHIO,CLERMONT,"15,075"
GEORGIA,DECATUR,"15,141"
NORTH CAROLINA,PAMLICO,"15,142"
PENNSYLVANIA,WESTMORELAND,"15,324"
NEW YORK,ST LAWRENCE,"15,354"
LOUISIANA,NATCHITOCHES,"15,492"
IDAHO,OWYHEE,"15,508"
MARYLAND,SOMERSET,"15,573"
PENNSYLVANIA,SNYDER,"15,581"
KENTUCKY,TRIGG,"15,623"
SOUTH CAROLINA,RICHLAND,"15,644"
IDAHO,TWIN FALLS,"15,650"
MISSOURI,CLAY,"15,698"
NORTH CAROLINA,CRAVEN,"15,745"
WASHINGTON,YAKIMA,"15,764"
VIRGINIA,SOUTHAMPTON,"15,773"
WISCONSIN,DOOR,"15,857"
VIRGINIA,AUGUSTA,"15,862"
PENNSYLVANIA,LYCOMING,"15,932"
OHIO,BROWN,"16,025"
NORTH DAKOTA,MERCER,"16,027"
PENNSYLVANIA,HUNTINGDON,"16,046"
NEW YORK,YATES,"16,114"
NEW JERSEY,SALEM,"16,141"
SOUTH CAROLINA,WILLIAMSBURG,"16,175"
OHIO,ADAMS,"16,210"
MISSOURI,WARREN,"16,250"
TEXAS,FORT BEND,"16,290"
PENNSYLVANIA,PERRY,"16,541"
MISSOURI,DADE,"16,548"
MARYLAND,BALTIMORE,"16,549"
ILLINOIS,WILLIAMSON,"16,591"
WISCONSIN,RUSK,"16,607"
MARYLAND,WICOMICO,"16,692"
KANSAS,GREENWOOD,"16,711"
PENNSYLVANIA,LEHIGH,"16,781"
MISSOURI,STE GENEVIEVE,"16,809"
COLORADO,LINCOLN,"16,821"
VIRGINIA,NORTHUMBERLAND,"16,846"
VIRGINIA,ESSEX,"16,851"
KENTUCKY,BARREN,"16,870"
TEXAS,HALE,"16,895"
MISSISSIPPI,ISSAQUENA,"16,905"
KENTUCKY,MARION,"16,911"
TEXAS,LAMAR,"16,944"
PENNSYLVANIA,LAWRENCE,"17,100"
OKLAHOMA,CIMARRON,"17,129"
PENNSYLVANIA,ERIE,"17,205"
TEXAS,NAVARRO,"17,223"
KENTUCKY,GREEN,"17,238"
KANSAS,RILEY,"17,264"
WISCONSIN,ADAMS,"17,314"
ALABAMA,COLBERT,"17,370"
TEXAS,GUADALUPE,"17,436"
PENNSYLVANIA,JUNIATA,"17,444"
MISSOURI,PUTNAM,"17,454"
NEW YORK,MADISON,"17,514"
MARYLAND,WASHINGTON,"17,619"
NORTH DAKOTA,SIOUX,"17,658"
ILLINOIS,CALHOUN,"17,685"
SOUTH CAROLINA,HORRY,"17,713"
PENNSYLVANIA,NORTHAMPTON,"17,730"
ARKANSAS,WOODRUFF,"17,732"
KENTUCKY,MEADE,"17,732"
NORTH DAKOTA,BOWMAN,"17,828"
TENNESSEE,COFFEE,"17,849"
OHIO,ASHTABULA,"17,877"
KANSAS,NESS,"17,892"
PENNSYLVANIA,BLAIR,"17,905"
MICHIGAN,ARENAC,"17,944"
MICHIGAN,OCEANA,"17,975"
WISCONSIN,WAUKESHA,"18,031"
TEXAS,HUTCHINSON,"18,100"
PENNSYLVANIA,CENTRE,"18,205"
OHIO,BUTLER,"18,231"
GEORGIA,MILLER,"18,235"
GEORGIA,CALHOUN,"18,255"
SOUTH DAKOTA,BENNETT,"18,291"
MISSISSIPPI,BOLIVAR,"18,321"
OHIO,LORAIN,"18,324"
TENNESSEE,FAYETTE,"18,421"
NORTH CAROLINA,BLADEN,"18,477"
TEXAS,DEAF SMITH,"18,504"
INDIANA,CLARK,"18,736"
KANSAS,DICKINSON,"18,865"
NORTH DAKOTA,OLIVER,"18,968"
TEXAS,TRAVIS,"18,968"
KANSAS,LINN,"18,969"
TENNESSEE,FRANKLIN,"19,012"
WYOMING,GOSHEN,"19,022"
NEW YORK,MONROE,"19,036"
PENNSYLVANIA,COLUMBIA,"19,103"
VIRGINIA,ROCKINGHAM,"19,120"
TENNESSEE,LAUDERDALE,"19,175"
NEW YORK,WYOMING,"19,251"
KANSAS,MORRIS,"19,268"
GEORGIA,BURKE,"19,292"
ILLINOIS,PULASKI,"19,358"
OHIO,OTTAWA,"19,369"
KANSAS,LEAVENWORTH,"19,400"
MICHIGAN,NEWAYGO,"19,478"
PENNSYLVANIA,DAUPHIN,"19,509"
MINNESOTA,WADENA,"19,535"
TEXAS,FANNIN,"19,569"
MISSOURI,CALLAWAY,"19,603"
KANSAS,WABAUNSEE,"19,608"
NEW YORK,ONONDAGA,"19,608"
NORTH CAROLINA,WAYNE,"19,629"
MARYLAND,CECIL,"19,647"
NORTH CAROLINA,CAMDEN,"19,707"
MISSOURI,JASPER,"19,726"
KENTUCKY,BUTLER,"19,788"
MINNESOTA,CHISAGO,"19,816"
NORTH CAROLINA,PITT,"19,906"
ILLINOIS,PUTNAM,"20,004"
OHIO,TUSCARAWAS,"20,105"
ARKANSAS,JACKSON,"20,118"
SOUTH DAKOTA,DEWEY,"20,146"
TENNESSEE,MADISON,"20,197"
KANSAS,HODGEMAN,"20,219"
NEBRASKA,DOUGLAS,"20,254"
NEBRASKA,BOYD,"20,326"
KANSAS,KIOWA,"20,348"
KANSAS,HAMILTON,"20,349"
ARKANSAS,CLAY,"20,433"
IOWA,CLARKE,"20,573"
PENNSYLVANIA,BRADFORD,"20,573"
KENTUCKY,LIVINGSTON,"20,618"
KENTUCKY,LARUE,"20,639"
SOUTH CAROLINA,DARLINGTON,"20,672"
COLORADO,KIOWA,"20,676"
NORTH CAROLINA,WASHINGTON,"20,791"
LOUISIANA,AVOYELLES,"20,813"
NORTH DAKOTA,NELSON,"20,897"
OREGON,MORROW,"20,904"
ARKANSAS,LINCOLN,"21,005"
OHIO,WARREN,"21,201"
LOUISIANA,WEST CARROLL,"21,244"
NORTH CAROLINA,TYRRELL,"21,279"
MISSOURI,PEMISCOT,"21,288"
KENTUCKY,NELSON,"21,394"
MICHIGAN,LIVINGSTON,"21,451"
OHIO,MEDINA,"21,519"
MISSOURI,FRANKLIN,"21,525"
TENNESSEE,CROCKETT,"21,552"
TENNESSEE,LINCOLN,"21,571"
ARKANSAS,MISSISSIPPI,"21,590"
COLORADO,ADAMS,"21,643"
NORTH DAKOTA,PEMBINA,"21,674"
OHIO,HOLMES,"21,694"
ARKANSAS,PRAIRIE,"21,697"
NEBRASKA,BANNER,"21,705"
INDIANA,VANDERBURGH,"21,976"
TEXAS,CAMERON,"21,976"
PENNSYLVANIA,INDIANA,"22,085"
VIRGINIA,ACCOMACK,"22,155"
PENNSYLVANIA,BUTLER,"22,176"
NEW YORK,NIAGARA,"22,185"
WISCONSIN,KENOSHA,"22,185"
MICHIGAN,MECOSTA,"22,197"
MISSOURI,CALDWELL,"22,200"
KENTUCKY,SHELBY,"22,205"
ARKANSAS,CRITTENDEN,"22,336"
ARKANSAS,CROSS,"22,382"
NORTH CAROLINA,PASQUOTANK,"22,383"
OHIO,TRUMBULL,"22,418"
KENTUCKY,HARDIN,"22,548"
IOWA,LUCAS,"22,577"
NEBRASKA,SARPY,"22,647"
GEORGIA,TERRELL,"22,664"
PENNSYLVANIA,BEDFORD,"22,713"
KENTUCKY,BRECKINRIDGE,"22,911"
KENTUCKY,OHIO,"23,039"
NEW YORK,WAYNE,"23,046"
NEW YORK,SENECA,"23,144"
MISSOURI,PERRY,"23,231"
NORTH DAKOTA,HETTINGER,"23,331"
SOUTH CAROLINA,LEE,"23,332"
KANSAS,MIAMI,"23,397"
INDIANA,ORANGE,"23,408"
TENNESSEE,HAYWOOD,"23,429"
KENTUCKY,CRITTENDEN,"23,485"
MISSOURI,MERCER,"23,500"
TEXAS,OCHILTREE,"23,500"
MISSISSIPPI,HUMPHREYS,"23,518"
MISSOURI,BOONE,"23,606"
INDIANA,JENNINGS,"23,617"
OHIO,ERIE,"23,665"
PENNSYLVANIA,SCHUYLKILL,"23,746"
IDAHO,CANYON,"23,758"
TEXAS,MOORE,"23,824"
NEBRASKA,KEYA PAHA,"23,828"
WASHINGTON,BENTON,"23,954"
TEXAS,JOHNSON,"24,159"
ALABAMA,LAUDERDALE,"24,190"
KENTUCKY,FULTON,"24,340"
OHIO,MUSKINGUM,"24,342"
MINNESOTA,ISANTI,"24,352"
MISSOURI,RANDOLPH,"24,387"
MINNESOTA,SHERBURNE,"24,604"
MISSOURI,DUNKLIN,"24,767"
DELAWARE,NEW CASTLE,"24,832"
KANSAS,OSBORNE,"24,902"
TENNESSEE,MONTGOMERY,"24,910"
WISCONSIN,PEPIN,"24,979"
MARYLAND,CARROLL,"25,065"
IOWA,APPANOOSE,"25,081"
NEBRASKA,KIMBALL,"25,124"
KENTUCKY,BALLARD,"25,175"
NEBRASKA,JOHNSON,"25,213"
NORTH DAKOTA,PIERCE,"25,309"
PENNSYLVANIA,LEBANON,"25,443"
NORTH DAKOTA,WARD,"25,641"
INDIANA,PIKE,"25,703"
PENNSYLVANIA,CHESTER,"25,713"
NEBRASKA,CHERRY,"25,721"
MARYLAND,DORCHESTER,"25,853"
PENNSYLVANIA,SOMERSET,"25,855"
SOUTH CAROLINA,DILLON,"25,931"
KANSAS,OTTAWA,"26,000"
OHIO,COSHOCTON,"26,012"
NORTH CAROLINA,LENOIR,"26,042"
NORTH CAROLINA,COLUMBUS,"26,125"
WISCONSIN,WASHINGTON,"26,273"
INDIANA,BLACKFORD,"26,291"
WISCONSIN,MARINETTE,"26,308"
OHIO,STARK,"26,418"
MISSISSIPPI,COAHOMA,"26,433"
WISCONSIN,CALUMET,"26,674"
PENNSYLVANIA,MERCER,"26,749"
SOUTH DAKOTA,JONES,"26,757"
IOWA,MONROE,"26,825"
MISSOURI,BUTLER,"26,865"
NORTH DAKOTA,BOTTINEAU,"26,892"
KENTUCKY,CALDWELL,"26,905"
ARKANSAS,MONROE,"26,952"
NEBRASKA,GARDEN,"27,026"
MICHIGAN,BARRY,"27,102"
ARKANSAS,ASHLEY,"27,222"
NORTH DAKOTA,SHERIDAN,"27,271"
OHIO,LUCAS,"27,286"
OHIO,COLUMBIANA,"27,424"
KANSAS,BARTON,"27,577"
INDIANA,HARRISON,"27,613"
MICHIGAN,ST CLAIR,"27,634"
ARKANSAS,CHICOT,"27,670"
KANSAS,COFFEY,"27,781"
ALABAMA,LIMESTONE,"27,890"
WISCONSIN,CRAWFORD,"27,904"
NEBRASKA,HITCHCOCK,"28,014"
NEBRASKA,SHERIDAN,"28,073"
NEW YORK,ONTARIO,"28,073"
NORTH DAKOTA,GRIGGS,"28,106"
INDIANA,UNION,"28,140"
MINNESOTA,MARSHALL,"28,255"
NEW YORK,ONEIDA,"28,395"
PENNSYLVANIA,ADAMS,"28,584"
ALABAMA,JACKSON,"28,838"
WISCONSIN,BROWN,"28,841"
MARYLAND,TALBOT,"28,914"
MISSISSIPPI,SHARKEY,"28,929"
KANSAS,ROOKS,"28,952"
NEBRASKA,ROCK,"28,952"
KANSAS,WOODSON,"28,954"
WISCONSIN,LA CROSSE,"29,107"
NORTH DAKOTA,RAMSEY,"29,111"
ARKANSAS,GREENE,"29,124"
WISCONSIN,TAYLOR,"29,157"
TEXAS,MATAGORDA,"29,170"
TEXAS,VICTORIA,"29,258"
KANSAS,COWLEY,"29,292"
KANSAS,MORTON,"29,379"
KANSAS,JEFFERSON,"29,445"
KANSAS,SHAWNEE,"29,492"
KENTUCKY,CARLISLE,"29,632"
ARKANSAS,POINSETT,"29,699"
KANSAS,FRANKLIN,"29,717"
ALABAMA,MADISON,"29,766"
WISCONSIN,MARQUETTE,"29,837"
OHIO,DELAWARE,"29,900"
MISSOURI,LINN,"29,940"
PENNSYLVANIA,CRAWFORD,"29,957"
TEXAS,MILAM,"29,961"
ILLINOIS,MASSAC,"29,970"
MARYLAND,WORCESTER,"30,033"
SOUTH CAROLINA,SUMTER,"30,094"
MICHIGAN,KENT,"30,101"
NEBRASKA,WHEELER,"30,132"
TENNESSEE,TIPTON,"30,222"
SOUTH DAKOTA,HAAKON,"30,234"
KANSAS,LYON,"30,245"
PENNSYLVANIA,NORTHUMBERLAND,"30,430"
KANSAS,JACKSON,"30,446"
KANSAS,OSAGE,"30,511"
NORTH CAROLINA,UNION,"30,804"
NEW YORK,CAYUGA,"30,933"
MISSISSIPPI,HOLMES,"30,990"
MISSOURI,CAPE GIRARDEAU,"31,053"
TENNESSEE,LAWRENCE,"31,070"
WISCONSIN,RACINE,"31,327"
MISSISSIPPI,YAZOO,"31,333"
WISCONSIN,KEWAUNEE,"31,346"
ILLINOIS,BROWN,"31,403"
NEW YORK,GENESEE,"31,416"
MARYLAND,FREDERICK,"31,752"
MISSOURI,HENRY,"31,841"
ARKANSAS,DESHA,"31,856"
TEXAS,SAN PATRICIO,"32,196"
WISCONSIN,MANITOWOC,"32,261"
KANSAS,MONTGOMERY,"32,280"
TENNESSEE,CARROLL,"32,330"
KANSAS,MITCHELL,"32,434"
WISCONSIN,WAUSHARA,"32,577"
MICHIGAN,GENESEE,"32,647"
NEBRASKA,BROWN,"32,722"
NORTH CAROLINA,HYDE,"32,760"
NORTH CAROLINA,SAMPSON,"32,793"
ILLINOIS,FRANKLIN,"32,821"
MISSOURI,GENTRY,"32,895"
NEBRASKA,DEUEL,"33,259"
KENTUCKY,MCLEAN,"33,277"
PENNSYLVANIA,CUMBERLAND,"33,283"
ALABAMA,LAWRENCE,"33,298"
ARKANSAS,SAINT FRANCIS,"33,329"
MICHIGAN,ISABELLA,"33,417"
MISSOURI,MACON,"33,448"
NORTH DAKOTA,EDDY,"33,510"
WISCONSIN,WOOD,"33,513"
LOUISIANA,EAST CARROLL,"33,697"
INDIANA,STEUBEN,"33,726"
MICHIGAN,VAN BUREN,"33,815"
MISSOURI,LINCOLN,"33,842"
MARYLAND,CAROLINE,"33,855"
TENNESSEE,HENRY,"33,871"
ARKANSAS,CRAIGHEAD,"33,955"
IOWA,DECATUR,"34,014"
NEW YORK,STEUBEN,"34,087"
MISSOURI,HOWARD,"34,204"
SOUTH CAROLINA,ORANGEBURG,"34,228"
TEXAS,ELLIS,"34,337"
KENTUCKY,CALLOWAY,"34,428"
LOUISIANA,CATAHOULA,"34,552"
MICHIGAN,OTTAWA,"34,566"
MISSOURI,GRUNDY,"34,675"
KANSAS,NEOSHO,"34,726"
MISSISSIPPI,TALLAHATCHIE,"34,727"
SOUTH DAKOTA,CORSON,"34,836"
NEBRASKA,GREELEY,"34,944"
KENTUCKY,HICKMAN,"35,049"
MISSOURI,CASS,"35,290"
MICHIGAN,LAPEER,"35,584"
NORTH DAKOTA,ADAMS,"35,591"
MISSOURI,PLATTE,"35,701"
NORTH DAKOTA,WALSH,"35,737"
KANSAS,RICE,"35,758"
WISCONSIN,JUNEAU,"35,912"
MISSOURI,DE KALB,"36,012"
LOUISIANA,MADISON,"36,033"
KENTUCKY,SIMPSON,"36,034"
WISCONSIN,WINNEBAGO,"36,112"
OHIO,MORROW,"36,152"
MINNESOTA,BENTON,"36,233"
SOUTH DAKOTA,GREGORY,"36,321"
KANSAS,ALLEN,"36,421"
OHIO,ASHLAND,"36,478"
MISSOURI,KNOX,"36,636"
MISSOURI,BUCHANAN,"36,671"
MICHIGAN,WASHTENAW,"36,687"
INDIANA,FAYETTE,"36,872"
ARIZONA,COCHISE,"36,873"
MINNESOTA,SCOTT,"37,043"
INDIANA,FRANKLIN,"37,063"
KANSAS,GRANT,"37,201"
IOWA,DAVIS,"37,265"
KANSAS,LABETTE,"37,282"
MISSOURI,SCOTLAND,"37,408"
WASHINGTON,GRANT,"37,418"
WISCONSIN,RICHLAND,"37,546"
MISSISSIPPI,NOXUBEE,"37,704"
KANSAS,CLOUD,"37,708"
WISCONSIN,OCONTO,"37,882"
WISCONSIN,GREEN LAKE,"37,922"
MISSOURI,DAVIESS,"38,031"
KANSAS,POTTAWATOMIE,"38,105"
INDIANA,VIGO,"38,140"
MISSOURI,LIVINGSTON,"38,185"
MISSOURI,NEW MADRID,"38,568"
MARYLAND,KENT,"38,642"
ARKANSAS,JEFFERSON,"38,779"
NORTH CAROLINA,BEAUFORT,"38,829"
WISCONSIN,SHEBOYGAN,"38,829"
MISSOURI,MONTGOMERY,"38,834"
KENTUCKY,WARREN,"38,895"
ILLINOIS,SALINE,"39,272"
NEW YORK,ORLEANS,"39,354"
OHIO,MONTGOMERY,"39,369"
WISCONSIN,EAU CLAIRE,"39,424"
INDIANA,STARKE,"39,443"
SOUTH CAROLINA,CLARENDON,"39,515"
NORTH DAKOTA,BENSON,"39,588"
KANSAS,GRAHAM,"39,892"
MISSOURI,ST CHARLES,"40,396"
MISSOURI,CLINTON,"40,483"
MISSOURI,RAY,"40,488"
NEW YORK,LIVINGSTON,"40,547"
ILLINOIS,PERRY,"40,640"
ILLINOIS,SCOTT,"40,648"
NORTH DAKOTA,LOGAN,"40,697"
INDIANA,VERMILLION,"40,785"
MISSOURI,RALLS,"40,796"
NORTH DAKOTA,STARK,"40,844"
ARKANSAS,LEE,"41,012"
OHIO,RICHLAND,"41,059"
OHIO,HIGHLAND,"41,102"
MISSOURI,ANDREW,"41,237"
TEXAS,CARSON,"41,430"
ILLINOIS,JEFFERSON,"41,559"
ILLINOIS,EDWARDS,"41,560"
MISSISSIPPI,SUNFLOWER,"41,570"
TEXAS,HIDALGO,"41,750"
WISCONSIN,JACKSON,"41,931"
KANSAS,FORD,"42,195"
LOUISIANA,RICHLAND,"42,310"
WISCONSIN,PORTAGE,"42,661"
MINNESOTA,MAHNOMEN,"42,747"
SOUTH DAKOTA,HYDE,"42,912"
KANSAS,ANDERSON,"43,258"
SOUTH DAKOTA,HUGHES,"43,287"
NEBRASKA,CHEYENNE,"43,317"
TENNESSEE,ROBERTSON,"43,372"
NORTH CAROLINA,DUPLIN,"43,727"
ARKANSAS,PHILLIPS,"43,867"
KANSAS,DOUGLAS,"44,407"
NEBRASKA,HAYES,"44,450"
MISSOURI,SHELBY,"44,672"
MICHIGAN,SHIAWASSEE,"44,710"
INDIANA,WASHINGTON,"44,784"
TENNESSEE,DYER,"44,784"
MICHIGAN,BERRIEN,"44,894"
WISCONSIN,MONROE,"45,036"
PENNSYLVANIA,BERKS,"45,159"
INDIANA,WARRICK,"45,187"
NORTH DAKOTA,MCINTOSH,"45,220"
OHIO,PAULDING,"45,346"
OHIO,KNOX,"45,347"
MISSOURI,JOHNSON,"45,551"
NEBRASKA,NANCE,"45,556"
COLORADO,SEDGWICK,"45,562"
INDIANA,DUBOIS,"45,711"
KANSAS,WILSON,"45,725"
KANSAS,CLAY,"45,765"
TEXAS,MCLENNAN,"45,873"
OHIO,LICKING,"46,096"
NORTH DAKOTA,MORTON,"46,154"
OHIO,SANDUSKY,"46,201"
KANSAS,CRAWFORD,"46,213"
INDIANA,PORTER,"46,226"
IOWA,VAN BUREN,"46,337"
NORTH DAKOTA,KIDDER,"46,571"
WISCONSIN,WAUPACA,"46,812"
ILLINOIS,MONROE,"46,832"
WISCONSIN,SHAWANO,"47,021"
KANSAS,KEARNY,"47,131"
MISSOURI,COOPER,"47,292"
MICHIGAN,EATON,"47,402"
INDIANA,BARTHOLOMEW,"47,986"
MICHIGAN,KALAMAZOO,"48,036"
COLORADO,BACA,"48,039"
KANSAS,PAWNEE,"48,051"
MISSOURI,MONROE,"48,083"
KENTUCKY,TODD,"48,242"
MISSOURI,CLARK,"48,349"
ILLINOIS,JACKSON,"48,360"
KANSAS,CHEYENNE,"48,372"
MISSOURI,PIKE,"48,439"
INDIANA,RIPLEY,"48,660"
INDIANA,DE KALB,"48,701"
INDIANA,LAGRANGE,"48,739"
NORTH DAKOTA,FOSTER,"48,794"
COLORADO,MORGAN,"48,801"
MICHIGAN,BAY,"48,963"
PENNSYLVANIA,FRANKLIN,"49,276"
INDIANA,MORGAN,"49,546"
INDIANA,HENDRICKS,"49,628"
ILLINOIS,WABASH,"50,002"
IOWA,WAPELLO,"50,269"
IOWA,UNION,"50,727"
ARKANSAS,LONOKE,"50,761"
MISSISSIPPI,LEFLORE,"50,764"
LOUISIANA,TENSAS,"50,791"
INDIANA,HAMILTON,"50,897"
OHIO,GREENE,"50,907"
KANSAS,CHEROKEE,"51,363"
MISSOURI,MISSISSIPPI,"51,432"
MISSOURI,MARION,"51,464"
OHIO,UNION,"51,562"
KANSAS,SEDGWICK,"51,814"
KENTUCKY,HOPKINS,"51,980"
KANSAS,GREELEY,"52,040"
MINNESOTA,HOUSTON,"52,132"
OHIO,DEFIANCE,"52,277"
INDIANA,LAKE,"52,554"
INDIANA,SPENCER,"52,700"
LOUISIANA,MOREHOUSE,"52,762"
INDIANA,WAYNE,"52,783"
INDIANA,JACKSON,"52,833"
NORTH CAROLINA,ROBESON,"53,036"
INDIANA,JOHNSON,"53,103"
WISCONSIN,POLK,"53,295"
NEBRASKA,DUNDY,"53,542"
KENTUCKY,WEBSTER,"53,603"
MARYLAND,QUEEN ANNES,"53,815"
KANSAS,RENO,"53,831"
ILLINOIS,CUMBERLAND,"53,996"
IOWA,RINGGOLD,"54,021"
ILLINOIS,BOND,"54,182"
KANSAS,RAWLINS,"54,337"
KANSAS,STAFFORD,"54,368"
KANSAS,SCOTT,"54,527"
NORTH DAKOTA,BURLEIGH,"54,742"
INDIANA,PARKE,"54,803"
SOUTH DAKOTA,SANBORN,"54,878"
MISSOURI,PETTIS,"54,993"
SOUTH DAKOTA,CODINGTON,"55,224"
NORTH DAKOTA,MCHENRY,"55,266"
ILLINOIS,JERSEY,"55,363"
MISSOURI,BATES,"55,382"
MICHIGAN,MONROE,"55,838"
TEXAS,FALLS,"55,919"
TEXAS,HILL,"56,080"
INDIANA,GREENE,"56,187"
MICHIGAN,CLINTON,"56,418"
KANSAS,ATCHISON,"56,759"
TEXAS,HANSFORD,"57,089"
ILLINOIS,RANDOLPH,"57,110"
IOWA,DES MOINES,"57,309"
MICHIGAN,JACKSON,"57,318"
NEBRASKA,VALLEY,"57,375"
WISCONSIN,VERNON,"57,581"
MISSOURI,SCOTT,"57,684"
OHIO,HURON,"57,818"
TEXAS,NUECES,"57,870"
ILLINOIS,SCHUYLER,"57,937"
MINNESOTA,TODD,"57,958"
KANSAS,SUMNER,"58,131"
INDIANA,WHITLEY,"58,165"
TEXAS,JACKSON,"58,170"
NEBRASKA,PAWNEE,"58,184"
MISSOURI,BARTON,"58,202"
MISSOURI,HARRISON,"58,248"
MISSISSIPPI,WASHINGTON,"58,341"
OHIO,ROSS,"58,401"
SOUTH DAKOTA,DEUEL,"58,448"
NORTH DAKOTA,GRANT,"58,469"
MICHIGAN,INGHAM,"58,475"
INDIANA,DELAWARE,"58,524"
INDIANA,PUTNAM,"58,904"
ILLINOIS,BOONE,"58,957"
MICHIGAN,ALLEGAN,"59,232"
SOUTH DAKOTA,LYMAN,"59,458"
INDIANA,NOBLE,"59,602"
OHIO,FAIRFIELD,"59,643"
KANSAS,STANTON,"59,681"
SOUTH DAKOTA,TRIPP,"59,761"
INDIANA,GRANT,"59,822"
ARKANSAS,ARKANSAS,"60,131"
NORTH DAKOTA,RANSOM,"60,266"
ILLINOIS,ROCK ISLAND,"60,274"
SOUTH DAKOTA,DOUGLAS,"60,603"
OHIO,WAYNE,"60,714"
MINNESOTA,CARVER,"60,960"
OHIO,MARION,"61,042"
TENNESSEE,WEAKLEY,"61,094"
MICHIGAN,CALHOUN,"61,116"
SOUTH DAKOTA,CAMPBELL,"61,187"
MISSOURI,CHARITON,"61,221"
KENTUCKY,LOGAN,"61,553"
KENTUCKY,GRAVES,"61,862"
WISCONSIN,OUTAGAMIE,"61,934"
KANSAS,MARION,"62,097"
NORTH DAKOTA,STEELE,"62,185"
OHIO,MIAMI,"62,425"
KANSAS,EDWARDS,"62,521"
ILLINOIS,KENDALL,"62,600"
WISCONSIN,BARRON,"62,649"
ILLINOIS,HAMILTON,"62,816"
MICHIGAN,MONTCALM,"62,851"
INDIANA,HOWARD,"62,864"
OHIO,CLARK,"62,886"
WISCONSIN,PIERCE,"62,968"
MICHIGAN,IONIA,"63,164"
KANSAS,LOGAN,"63,269"
KANSAS,DECATUR,"63,342"
KANSAS,NORTON,"63,396"
ILLINOIS,MENARD,"63,442"
KANSAS,JEWELL,"63,481"
MISSOURI,VERNON,"63,611"
SOUTH DAKOTA,DAVISON,"63,783"
ILLINOIS,CLAY,"63,792"
LOUISIANA,FRANKLIN,"63,870"
KANSAS,PRATT,"64,058"
COLORADO,CHEYENNE,"64,104"
PENNSYLVANIA,YORK,"64,129"
NEBRASKA,GOSPER,"64,280"
COLORADO,LOGAN,"64,447"
WISCONSIN,WALWORTH,"64,506"
OHIO,ALLEN,"64,776"
WISCONSIN,JEFFERSON,"65,014"
KANSAS,SEWARD,"65,289"
MICHIGAN,CASS,"65,349"
IOWA,JEFFERSON,"65,423"
NEBRASKA,RED WILLOW,"65,517"
INDIANA,HENRY,"65,585"
KANSAS,DONIPHAN,"65,595"
INDIANA,DECATUR,"65,656"
OHIO,SENECA,"65,707"
OHIO,WILLIAMS,"65,712"
IOWA,MARION,"66,273"
IOWA,LEE,"66,345"
OHIO,WYANDOT,"66,496"
KENTUCKY,HENDERSON,"66,878"
INDIANA,ADAMS,"67,065"
NEBRASKA,MORRILL,"67,127"
ILLINOIS,KANE,"67,315"
SOUTH DAKOTA,WALWORTH,"67,429"
OHIO,VAN WERT,"67,448"
MISSOURI,LEWIS,"67,460"
DELAWARE,KENT,"67,544"
OHIO,LOGAN,"67,887"
WISCONSIN,BUFFALO,"67,906"
ILLINOIS,CASS,"68,190"
COLORADO,WELD,"68,270"
MINNESOTA,WRIGHT,"68,316"
NEBRASKA,HOWARD,"68,569"
OHIO,HANCOCK,"68,720"
TEXAS,HARTLEY,"68,758"
KANSAS,GRAY,"68,791"
OHIO,CLINTON,"68,880"
TEXAS,BELL,"69,171"
KANSAS,PHILLIPS,"69,323"
INDIANA,JAY,"69,376"
NEBRASKA,SHERMAN,"69,469"
INDIANA,WABASH,"69,510"
INDIANA,CLAY,"69,701"
INDIANA,SULLIVAN,"69,940"
OHIO,SHELBY,"70,057"
INDIANA,HANCOCK,"70,086"
SOUTH DAKOTA,JERAULD,"70,224"
INDIANA,ELKHART,"70,234"
TEXAS,WILLIAMSON,"70,274"
ILLINOIS,WINNEBAGO,"70,291"
IOWA,WAYNE,"70,422"
MISSOURI,STODDARD,"70,462"
ILLINOIS,GALLATIN,"71,086"
TENNESSEE,GIBSON,"71,094"
TENNESSEE,OBION,"71,194"
NEBRASKA,THURSTON,"71,248"
INDIANA,ST. JOSEPH,"71,437"
KANSAS,BUTLER,"71,739"
WISCONSIN,IOWA,"71,969"
NEBRASKA,DAKOTA,"72,378"
IOWA,DICKINSON,"72,439"
WISCONSIN,CLARK,"72,540"
IOWA,WORTH,"72,740"
SOUTH DAKOTA,LAKE,"72,929"
MINNESOTA,BECKER,"72,931"
MINNESOTA,DOUGLAS,"73,291"
KANSAS,MCPHERSON,"73,476"
OHIO,WOOD,"73,685"
IOWA,ADAMS,"73,758"
SOUTH DAKOTA,YANKTON,"73,798"
OHIO,CRAWFORD,"73,816"
INDIANA,DAVIESS,"73,869"
MINNESOTA,LINCOLN,"74,109"
ILLINOIS,MARION,"74,430"
SOUTH DAKOTA,HAMLIN,"74,465"
MINNESOTA,MORRISON,"74,544"
IOWA,ALLAMAKEE,"74,774"
NEBRASKA,FRANKLIN,"75,222"
IOWA,LOUISA,"75,419"
SOUTH DAKOTA,MCPHERSON,"75,588"
WISCONSIN,ST CROIX,"75,875"
MINNESOTA,LE SUEUR,"75,924"
OHIO,AUGLAIZE,"76,230"
WISCONSIN,CHIPPEWA,"76,231"
WISCONSIN,SAUK,"76,306"
ILLINOIS,MCHENRY,"76,322"
MINNESOTA,WABASHA,"76,700"
WISCONSIN,TREMPEALEAU,"76,784"
ILLINOIS,RICHLAND,"76,798"
SOUTH DAKOTA,CLAY,"76,888"
KANSAS,GOVE,"77,109"
OHIO,FAYETTE,"77,261"
SOUTH DAKOTA,BRULE,"77,417"
WISCONSIN,FOND DU LAC,"77,484"
OHIO,MADISON,"77,844"
ILLINOIS,LAWRENCE,"77,951"
MICHIGAN,HURON,"77,984"
TEXAS,DALLAM,"78,188"
INDIANA,MIAMI,"78,507"
SOUTH DAKOTA,HANSON,"78,514"
IOWA,POLK,"78,694"
SOUTH DAKOTA,MOODY,"79,094"
INDIANA,WELLS,"79,152"
NEBRASKA,STANTON,"79,307"
ILLINOIS,STARK,"79,330"
SOUTH DAKOTA,UNION,"79,623"
INDIANA,MADISON,"79,625"
OKLAHOMA,TEXAS,"79,748"
OHIO,PREBLE,"79,889"
IOWA,WARREN,"80,150"
INDIANA,FOUNTAIN,"80,210"
KENTUCKY,CHRISTIAN,"80,301"
KANSAS,WASHINGTON,"80,372"
INDIANA,WARREN,"80,436"
INDIANA,TIPTON,"80,458"
KANSAS,HARVEY,"80,655"
IOWA,HENRY,"80,905"
INDIANA,RUSH,"80,925"
WISCONSIN,GREEN,"80,926"
INDIANA,FULTON,"80,967"
ILLINOIS,DE WITT,"81,171"
OHIO,HENRY,"81,311"
INDIANA,HUNTINGTON,"81,455"
SOUTH DAKOTA,MINER,"81,472"
KANSAS,MEADE,"81,745"
ILLINOIS,WHITE,"81,827"
OHIO,HARDIN,"81,903"
MICHIGAN,TUSCOLA,"82,146"
OHIO,FULTON,"82,250"
IOWA,MADISON,"82,636"
INDIANA,NEWTON,"82,748"
IOWA,MUSCATINE,"83,060"
MICHIGAN,HILLSDALE,"83,192"
OHIO,PUTNAM,"83,381"
NEBRASKA,WASHINGTON,"83,459"
SOUTH DAKOTA,BON HOMME,"83,563"
ILLINOIS,JASPER,"83,871"
MICHIGAN,SAGINAW,"83,923"
WISCONSIN,MARATHON,"83,973"
NEBRASKA,MERRICK,"84,007"
NEBRASKA,SCOTTS BLUFF,"84,109"
IOWA,KEOKUK,"84,228"
MISSOURI,CARROLL,"84,748"
KENTUCKY,UNION,"84,836"
KANSAS,HASKELL,"84,993"
TEXAS,WHARTON,"85,111"
OHIO,CHAMPAIGN,"85,513"
NEBRASKA,KEITH,"85,563"
KANSAS,WICHITA,"85,629"
ILLINOIS,HENDERSON,"85,696"
MINNESOTA,PIPESTONE,"85,909"
MISSOURI,LAFAYETTE,"86,283"
MICHIGAN,LENAWEE,"86,432"
KANSAS,REPUBLIC,"86,499"
MISSOURI,HOLT,"86,745"
IOWA,TAYLOR,"86,765"
NEBRASKA,HARLAN,"87,134"
KENTUCKY,DAVIESS,"87,262"
MICHIGAN,GRATIOT,"87,321"
ILLINOIS,COLES,"87,465"
INDIANA,CARROLL,"87,486"
MINNESOTA,DAKOTA,"87,720"
IOWA,MILLS,"87,930"
ILLINOIS,MOULTRIE,"88,026"
KANSAS,SMITH,"88,210"
MISSOURI,AUDRAIN,"88,271"
MINNESOTA,NORMAN,"88,569"
SOUTH DAKOTA,AURORA,"88,847"
INDIANA,MARSHALL,"88,904"
MICHIGAN,BRANCH,"89,128"
MINNESOTA,BIG STONE,"89,282"
MINNESOTA,WINONA,"89,443"
INDIANA,BOONE,"89,850"
ILLINOIS,GRUNDY,"90,285"
MINNESOTA,POLK,"90,389"
IOWA,MONTGOMERY,"90,834"
ILLINOIS,CRAWFORD,"90,933"
NEBRASKA,NEMAHA,"90,984"
NORTH DAKOTA,TRAILL,"91,437"
ILLINOIS,CLARK,"92,073"
NORTH DAKOTA,GRAND FORKS,"92,225"
INDIANA,SHELBY,"92,250"
TEXAS,SHERMAN,"92,815"
NORTH DAKOTA,WELLS,"93,055"
SOUTH DAKOTA,MARSHALL,"93,253"
INDIANA,POSEY,"93,270"
NORTH DAKOTA,MCLEAN,"94,064"
KANSAS,FINNEY,"94,545"
IOWA,OSCEOLA,"94,562"
SOUTH DAKOTA,DAY,"94,935"
SOUTH DAKOTA,POTTER,"94,958"
MISSOURI,NODAWAY,"95,029"
IOWA,IDA,"95,044"
NEBRASKA,BOX BUTTE,"95,156"
MICHIGAN,SANILAC,"95,172"
NEBRASKA,COLFAX,"95,407"
DELAWARE,SUSSEX,"95,409"
PENNSYLVANIA,LANCASTER,"95,549"
ILLINOIS,JO DAVIESS,"95,562"
SOUTH DAKOTA,LINCOLN,"95,605"
ILLINOIS,MARSHALL,"96,079"
IOWA,GUTHRIE,"96,155"
IOWA,JACKSON,"96,313"
OHIO,PICKAWAY,"96,521"
INDIANA,CLINTON,"96,556"
NEBRASKA,PIERCE,"96,696"
WISCONSIN,DUNN,"96,715"
MINNESOTA,RICE,"96,895"
ILLINOIS,MADISON,"97,245"
SOUTH DAKOTA,GRANT,"97,269"
INDIANA,TIPPECANOE,"97,291"
KANSAS,WALLACE,"97,609"
NEBRASKA,DIXON,"97,739"
ILLINOIS,DOUGLAS,"97,790"
NEBRASKA,WEBSTER,"97,812"
NORTH DAKOTA,SARGENT,"97,960"
IOWA,WINNEBAGO,"98,218"
IOWA,JOHNSON,"98,578"
ILLINOIS,WAYNE,"99,126"
IOWA,SCOTT,"99,379"
ILLINOIS,WILL,"99,539"
INDIANA,MONTGOMERY,"99,700"
NEBRASKA,FRONTIER,"99,906"
NEBRASKA,POLK,"100,538"
NEBRASKA,BURT,"100,913"
MICHIGAN,ST JOSEPH,"101,202"
OHIO,MERCER,"101,258"
ILLINOIS,FAYETTE,"101,614"
ILLINOIS,ST CLAIR,"101,640"
WISCONSIN,LAFAYETTE,"101,652"
KANSAS,SHERIDAN,"102,064"
MINNESOTA,POPE,"102,075"
INDIANA,GIBSON,"102,106"
ILLINOIS,EFFINGHAM,"102,148"
COLORADO,WASHINGTON,"102,358"
INDIANA,RANDOLPH,"102,999"
ILLINOIS,CLINTON,"103,471"
INDIANA,ALLEN,"103,967"
ILLINOIS,GREENE,"104,136"
NEBRASKA,JEFFERSON,"104,305"
NEBRASKA,KNOX,"104,396"
SOUTH DAKOTA,CLARK,"104,564"
SOUTH DAKOTA,MINNEHAHA,"104,774"
INDIANA,BENTON,"105,246"
INDIANA,CASS,"106,201"
IOWA,EMMET,"106,370"
KANSAS,STEVENS,"106,588"
IOWA,PAGE,"107,245"
COLORADO,PHILLIPS,"107,389"
SOUTH DAKOTA,SULLY,"107,445"
IOWA,AUDUBON,"107,453"
IOWA,ADAIR,"108,464"
MINNESOTA,WILKIN,"108,649"
SOUTH DAKOTA,BROOKINGS,"109,129"
WISCONSIN,COLUMBIA,"109,266"
NEBRASKA,WAYNE,"109,790"
KANSAS,NEMAHA,"109,959"
IOWA,POWESHIEK,"110,602"
ILLINOIS,WASHINGTON,"111,069"
ILLINOIS,PIATT,"111,295"
NEBRASKA,RICHARDSON,"111,417"
ILLINOIS,MORGAN,"111,460"
SOUTH DAKOTA,KINGSBURY,"111,811"
INDIANA,KOSCIUSKO,"112,181"
IOWA,CASS,"112,549"
IOWA,FREMONT,"113,140"
ILLINOIS,MCDONOUGH,"113,241"
KANSAS,MARSHALL,"113,430"
MINNESOTA,MCLEOD,"113,705"
ILLINOIS,PEORIA,"113,807"
INDIANA,PULASKI,"114,040"
MINNESOTA,MEEKER,"114,219"
ILLINOIS,MERCER,"114,380"
IOWA,HUMBOLDT,"114,995"
SOUTH DAKOTA,MCCOOK,"115,264"
IOWA,WASHINGTON,"115,431"
MINNESOTA,TRAVERSE,"115,605"
INDIANA,KNOX,"116,132"
NORTH DAKOTA,BARNES,"116,488"
ILLINOIS,WOODFORD,"117,559"
MINNESOTA,STEELE,"118,042"
WISCONSIN,ROCK,"119,270"
IOWA,MAHASKA,"119,512"
MISSOURI,ATCHISON,"119,566"
MINNESOTA,WASECA,"120,236"
ILLINOIS,MASON,"120,475"
MINNESOTA,ROCK,"120,530"
MINNESOTA,OLMSTED,"121,676"
ILLINOIS,FORD,"121,820"
NORTH DAKOTA,EMMONS,"121,961"
ILLINOIS,MACON,"122,179"
WISCONSIN,DODGE,"122,274"
NEBRASKA,SALINE,"123,245"
NEBRASKA,FURNAS,"123,652"
NEBRASKA,CASS,"124,027"
NEBRASKA,NUCKOLLS,"125,089"
IOWA,O BRIEN,"125,386"
NEBRASKA,MADISON,"125,508"
IOWA,BREMER,"125,856"
MINNESOTA,STEVENS,"126,102"
MINNESOTA,NICOLLET,"126,724"
KANSAS,BROWN,"127,026"
NORTH DAKOTA,DICKEY,"127,464"
KANSAS,SHERMAN,"128,566"
ILLINOIS,WARREN,"128,975"
NEBRASKA,THAYER,"129,924"
INDIANA,LA PORTE,"130,189"
IOWA,CLAY,"131,212"
MINNESOTA,BROWN,"131,214"
ILLINOIS,FULTON,"132,062"
IOWA,IOWA,"132,116"
WISCONSIN,GRANT,"133,321"
MINNESOTA,GRANT,"133,860"
SOUTH DAKOTA,FAULK,"134,813"
MINNESOTA,WATONWAN,"135,115"
NORTH DAKOTA,LA MOURE,"135,186"
NEBRASKA,OTOE,"136,581"
ILLINOIS,CARROLL,"136,803"
ILLINOIS,PIKE,"137,851"
IOWA,HOWARD,"137,990"
SOUTH DAKOTA,ROBERTS,"137,992"
IOWA,MITCHELL,"138,026"
INDIANA,WHITE,"138,793"
MINNESOTA,DODGE,"140,265"
IOWA,DALLAS,"140,462"
OHIO,DARKE,"140,854"
NEBRASKA,CHASE,"140,977"
IOWA,CHEROKEE,"141,171"
ILLINOIS,ADAMS,"141,411"
IOWA,LYON,"142,164"
SOUTH DAKOTA,CHARLES MIX,"142,260"
IOWA,CHICKASAW,"143,125"
ILLINOIS,EDGAR,"143,723"
INDIANA,JASPER,"144,248"
MINNESOTA,MURRAY,"144,562"
MINNESOTA,CLAY,"144,928"
NORTH DAKOTA,STUTSMAN,"145,178"
ILLINOIS,SHELBY,"145,904"
IOWA,BLACK HAWK,"146,157"
ILLINOIS,STEPHENSON,"146,523"
IOWA,JONES,"146,826"
IOWA,STORY,"146,968"
IOWA,CALHOUN,"147,003"
IOWA,TAMA,"147,293"
ILLINOIS,MONTGOMERY,"148,535"
NEBRASKA,LANCASTER,"149,209"
NEBRASKA,SEWARD,"149,255"
NEBRASKA,CUMING,"149,842"
WISCONSIN,DANE,"151,011"
IOWA,BUENA VISTA,"151,125"
NEBRASKA,PHELPS,"151,263"
IOWA,CLAYTON,"151,306"
IOWA,WINNESHIEK,"151,822"
ILLINOIS,TAZEWELL,"152,402"
NEBRASKA,BUTLER,"153,414"
IOWA,LINN,"153,610"
NEBRASKA,KEARNEY,"153,929"
IOWA,DUBUQUE,"154,083"
IOWA,FLOYD,"154,551"
MISSOURI,SALINE,"154,674"
IOWA,GREENE,"154,730"
KANSAS,THOMAS,"155,168"
ILLINOIS,HANCOCK,"155,643"
MINNESOTA,YELLOW MEDICINE,"156,080"
NEBRASKA,DODGE,"156,081"
IOWA,MARSHALL,"157,154"
IOWA,POCAHONTAS,"157,368"
SOUTH DAKOTA,BEADLE,"157,658"
MINNESOTA,SWIFT,"157,921"
IOWA,SHELBY,"158,855"
SOUTH DAKOTA,TURNER,"158,942"
IOWA,GRUNDY,"158,977"
NEBRASKA,ADAMS,"160,350"
IOWA,BUTLER,"160,681"
NEBRASKA,PERKINS,"161,476"
IOWA,SAC,"162,314"
MINNESOTA,FREEBORN,"162,436"
NEBRASKA,BOONE,"162,715"
ILLINOIS,CHRISTIAN,"163,114"
MINNESOTA,CHIPPEWA,"163,441"
MINNESOTA,LAC QUI PARLE,"165,302"
NEBRASKA,HALL,"165,847"
ILLINOIS,KANKAKEE,"165,914"
ILLINOIS,MACOUPIN,"166,531"
MINNESOTA,NOBLES,"167,428"
IOWA,CLINTON,"167,452"
NEBRASKA,CLAY,"168,223"
IOWA,CARROLL,"169,396"
IOWA,BOONE,"169,444"
SOUTH DAKOTA,HUTCHINSON,"170,984"
IOWA,HARRISON,"171,847"
IOWA,BENTON,"172,486"
MINNESOTA,OTTER TAIL,"173,119"
MINNESOTA,MOWER,"174,442"
IOWA,WEBSTER,"174,658"
MINNESOTA,JACKSON,"176,899"
MINNESOTA,FARIBAULT,"177,166"
MINNESOTA,SIBLEY,"177,256"
IOWA,CEDAR,"177,417"
NEBRASKA,HAMILTON,"179,484"
IOWA,CERRO GORDO,"179,629"
NEBRASKA,CEDAR,"179,816"
COLORADO,YUMA,"180,245"
IOWA,FRANKLIN,"180,379"
MINNESOTA,LYON,"180,786"
MINNESOTA,COTTONWOOD,"181,404"
MINNESOTA,FILLMORE,"182,006"
SOUTH DAKOTA,EDMUNDS,"182,048"
IOWA,HANCOCK,"182,117"
ILLINOIS,LOGAN,"182,336"
IOWA,MONONA,"182,646"
MINNESOTA,GOODHUE,"182,876"
IOWA,HARDIN,"183,709"
MINNESOTA,STEARNS,"183,737"
ILLINOIS,KNOX,"184,472"
SOUTH DAKOTA,HAND,"184,807"
NEBRASKA,PLATTE,"186,132"
NEBRASKA,FILLMORE,"187,696"
IOWA,FAYETTE,"188,887"
IOWA,PALO ALTO,"189,656"
COLORADO,KIT CARSON,"190,363"
IOWA,WRIGHT,"191,291"
ILLINOIS,OGLE,"193,302"
MINNESOTA,KANDIYOHI,"194,117"
IOWA,DELAWARE,"194,234"
NEBRASKA,LINCOLN,"194,742"
IOWA,JASPER,"195,659"
NEBRASKA,HOLT,"198,361"
NEBRASKA,ANTELOPE,"199,071"
ILLINOIS,DE KALB,"199,660"
NEBRASKA,YORK,"199,819"
NEBRASKA,GAGE,"199,861"
IOWA,HAMILTON,"202,123"
NEBRASKA,DAWSON,"202,341"
ILLINOIS,WHITESIDE,"203,342"
NEBRASKA,SAUNDERS,"203,775"
ILLINOIS,VERMILION,"203,798"
ILLINOIS,LEE,"203,808"
IOWA,WOODBURY,"204,882"
IOWA,CRAWFORD,"209,076"
NEBRASKA,BUFFALO,"213,954"
IOWA,BUCHANAN,"214,218"
ILLINOIS,HENRY,"215,672"
MINNESOTA,BLUE EARTH,"219,446"
IOWA,SIOUX,"221,894"
ILLINOIS,SANGAMON,"222,397"
MINNESOTA,MARTIN,"223,294"
NORTH DAKOTA,RICHLAND,"224,172"
IOWA,PLYMOUTH,"224,190"
ILLINOIS,BUREAU,"229,049"
SOUTH DAKOTA,SPINK,"229,217"
NORTH DAKOTA,CASS,"238,249"
NEBRASKA,CUSTER,"250,520"
IOWA,POTTAWATTAMIE,"255,306"
MINNESOTA,REDWOOD,"257,104"
ILLINOIS,CHAMPAIGN,"261,772"
MINNESOTA,RENVILLE,"271,325"
SOUTH DAKOTA,BROWN,"273,340"
ILLINOIS,MCLEAN,"278,245"
ILLINOIS,LIVINGSTON,"282,327"
ILLINOIS,LA SALLE,"289,573"
ILLINOIS,IROQUOIS,"302,965"
IOWA,KOSSUTH,"304,340"